kd	n_cells	fold_expr	rms_response	rms_pctile_among_efficient	modules	locality::AMPK	locality::AR	locality::AhR	locality::Autophagy	locality::BMP	locality::Calcium	locality::Cell Cycle	locality::Circadian	locality::ER	locality::ERK/MAPK	locality::GR	locality::HIF	locality::HSF1	locality::Hippo	locality::Insulin/FOXO	locality::JAK-STAT	locality::LXR	locality::MR	locality::NF-κB	locality::NFAT	locality::NPAS4	locality::NRF2	locality::Notch	locality::PI3K/PTEN	locality::PPARα	locality::PR	locality::SREBP	locality::TR	locality::Type I IFN	locality::UPR-ATF6	locality::UPR-IRE1	locality::UPR-PERK	locality::Wnt	locality::cAMP/CREB	locality::cGAS-STING	locality::mTOR	locality::p53
A1BG	237	0.02327433262489463	0.07432295382022858	0.329137822529893																																						
ZBTB46	89	0.0	0.10948024690151215	0.7764631843926998																																						
ZBTB48	83	0.16326426319117526	0.11005284637212753	0.7791063561988673																																						
ZBTB49	276	0.12747252498424014	0.0635024756193161	0.11642542479546884																																						
ZBTB5	151	0.2954999893385173	0.10530318319797516	0.7475141598489616																																						
ZBTB6	87	0.11502180925722287	0.11050806939601898	0.7827564505978603																																						
ZBTB7B	120	0.2907820690496816	0.09936156123876572	0.6965387035871617																																						
ZBTB7C	281	0.0	0.06145361810922623	0.08735053492762744																																						
ZBTB8A	211	0.09675629884463537	0.06944380700588226	0.22743864065449967																																						
ZBTB8B	90	0.0	0.10694028437137604	0.7587161736941472																																						
ZBTB8OS	133	0.14535912914530486	0.1162983775138855	0.8152297042164883																																						
ZBTB9	53	0.0	0.15730564296245575	0.9330396475770925																																						
ZC2HC1C	146	0.0	0.09200161695480347	0.6219005663939584																																						
ZC3H11A	120	0.0	0.10444279760122299	0.7422278162366268																																						
ZC3H12A	172	0.30469943536380445	0.08252789080142975	0.48646947765890497																																						
C17orf49	153	0.04580851748546609	0.09911709278821945	0.694273127753304																																						
ZC3H13	148	0.07486175246423138	0.21544958651065826	0.9747010698552548																																						
ZC3H14	218	0.18952965568824348	0.07130204886198044	0.26658275645059787																																						
ZC3H15	127	0.10643423515526776	0.09636811912059784	0.6692259282567653																																						
ZC3H18	67	0.4091507650196016	0.15769241750240326	0.9334172435494021																																						
ZC3H3	171	0.06331823534488425	0.1676398366689682	0.9446192573945877																																						
ZC3H7A	95	0.2397252977299641	0.11167857050895691	0.789175582127124																																						
ZC3H7B	123	0.1225370195545665	0.09075946360826492	0.6057898049087477																																						
ZC3HAV1	183	0.2638117026410583	0.08015833050012589	0.44443045940843295																																						
ZC3HC1	166	0.09273280923201224	0.08625248819589615	0.5426054122089364																																						
ZCCHC10	112	0.041550951918498814	0.0930502787232399	0.634864694776589																																						
TUT4	148	0.1568573954923916	0.09355946630239487	0.6392699811202014																																						
ZCCHC17	157	0.03537044917689257	0.09013919532299042	0.5977344241661422																																						
ZCCHC3	136	0.22889775565936515	0.09599858522415161	0.6655758338577722	cGAS-STING																																			0.23631455		
ZCCHC4	176	0.16328387347958828	0.0784136950969696	0.4129641283826306																																						
TUT7	179	0.026925563589048757	0.07842691987752914	0.413215859030837																																						
ZCCHC7	140	0.01360073844319658	0.0979853942990303	0.6843297671491504																																						
ZCCHC8	190	0.13572480737209008	0.09211239218711853	0.6241661422278162																																						
C17orf53	168	0.10418901669604738	0.07999508082866669	0.44153555695405916																																						
ZCCHC9	68	0.14187558293434335	0.25748640298843384	0.9889238514789176																																						
ZCRB1	275	0.0474221646970935	0.11997934430837631	0.8327249842668345																																						
ZDHHC12	282	0.10896638829317054	0.06425336748361588	0.1290119572057898																																						
ZDHHC14	134	0.23431008719414706	0.09461473673582077	0.6505978602894903																																						
ZDHHC16	309	0.2150850810327052	0.059801455587148666	0.06721208307111391																																						
ZDHHC17	234	0.16652073455859884	0.07456499338150024	0.33492762743864063																																						
ZDHHC18	192	0.04264486204334975	0.07856738567352295	0.41510383889238517																																						
ZDHHC20	148	0.09001762448483253	0.08844157308340073	0.5755821271239774																																						
ZDHHC24	140	0.06177979476162743	0.08924727141857147	0.5850220264317181																																						
C17orf58	95	0.18082792242350615	0.10319314897060394	0.7322844556324732																																						
ZDHHC3	166	0.14864921266395376	0.08207232505083084	0.47942101950912525																																						
ZDHHC4	125	0.28657106742049304	0.10379832983016968	0.7368156073001888																																						
ZDHHC5	286	0.17175205011049546	0.061600666493177414	0.08911264946507237																																						
ZDHHC6	354	0.12085173078493808	0.054978616535663605	0.027312775330396475																																						
ZDHHC7	127	0.16632314802666834	0.21157585084438324	0.9730648206419131																																						
ZEB1	252	0.13143240614316387	0.06614964455366135	0.16349905601006923																																						
CYBC1	201	0.2369510796868076	0.07362860441207886	0.31642542479546887																																						
ZER1	253	0.2665500329217379	0.06384364515542984	0.12221522970421649																																						
ZFAND1	152	0.3449895150400437	0.09100192040205002	0.6094398993077407																																						
ZFAND2A	165	0.2667136129349581	0.08196183294057846	0.4779106356198867																																						
ZFAND2B	204	0.055221255993221065	0.07218986749649048	0.28382630585273755																																						
ZFAND3	86	0.27796387266329114	0.10447365790605545	0.7427312775330397																																						
ZFAND5	145	0.16040537440575375	0.08677089214324951	0.5507866582756451																																						
C17orf75	363	0.07865246925622356	0.05336402356624603	0.019131529263687854																																						
ZFAT	171	0.3793020054517458	0.08091310411691666	0.45915670232850847																																						
ZFC3H1	209	0.12502760991266212	0.3068026006221771	0.9947136563876652																																						
ZFHX2	292	0.2062473166775326	0.06054811179637909	0.07614852108244179																																						
ZFHX4	329	0.0	0.057896021753549576	0.04782882315921964																																						
ZFP14	154	0.08043102731404217	0.08233329653739929	0.48319697923222155																																						
ZFP1	72	0.0	0.11698325723409653	0.818628067967275																																						
C17orf80	164	0.10940187290413213	0.09104347229003906	0.6096916299559472																																						
ZFP28	498	0.0	0.04552554339170456	0.003775959723096287																																						
ZFP2	286	0.0	0.06074616312980652	0.07866582756450598																																						
ZFP30	120	0.0	0.09772986173629761	0.6824417872876023																																						
ZFP3	151	0.0	0.08289846777915955	0.4933920704845815																																						
ZFP41	205	0.117916176746655	0.07004666328430176	0.24052863436123348																																						
ZFP62	131	0.07655738939552516	0.09533406049013138	0.658904971680302																																						
ZFP64	181	0.0	0.08198463916778564	0.4785399622404028																																						
ZFP69B	406	0.11836020825282142	0.05294021964073181	0.016614222781623663																																						
ZFP69	124	0.0	0.09167663007974625	0.6178728760226557																																						
ZFP82	116	0.0	0.0935821607708931	0.6395217117684078																																						
ZFP90	202	0.18608393928438424	0.07299955934286118	0.3014474512271869																																						
ZFP91	230	0.14309276512984567	0.08338169753551483	0.502706104468219																																						
EPOP	232	0.05299283113231613	0.06608203053474426	0.16224040276903712																																						
ACSL3	130	0.2282750292760092	0.13649773597717285	0.8930144745122719																																						
ZFP92	271	0.0	0.06526592373847961	0.14789175582127123																																						
ZFPL1	285	0.2781859011036549	0.06713636219501495	0.1817495280050346																																						
ZFPM1	160	0.479798233283828	0.09162697941064835	0.6171176840780365																																						
ZFPM2	275	0.18649638751488232	0.07035350054502487	0.24493392070484582																																						
ZFR	170	0.1964239858226252	0.1137482076883316	0.8010069225928257																																						
ZFX	157	0.3723602649605085	0.09325455129146576	0.63725613593455																																						
ZFYVE16	150	0.057908486338266625	0.08750462532043457	0.5626179987413468																																						
ZFYVE21	279	0.2748171779250013	0.0619792602956295	0.09465072372561359																																						
ZFYVE27	155	0.0	0.08615750074386597	0.5414726242920076																																						
C17orf99	159	0.2608902233953101	0.08048896491527557	0.4511013215859031																																						
ZFYVE28	323	0.18763445497779052	0.06014411151409149	0.07212083071113908																																						
ZFYVE9	273	0.2802598803753621	0.06294787675142288	0.10761485210824417																																						
ZFY	253	0.0	0.06534559279680252	0.14902454373820012																																						
ZGLP1	192	0.0	0.07530013471841812	0.3512901195720579																																						
ZHX2	238	0.0	0.07163199037313461	0.27275015733165514																																						
ZHX3	261	0.2349607611596425	0.0675993263721466	0.19118942731277533																																						
C18orf21	57	0.12048355379323515	0.2058698832988739	0.9706733794839522																																						
ZIC4	235	0.0	0.06951189041137695	0.22983008181246067																																						
ZIK1	261	0.0	0.07146818935871124	0.26998112020138454																																						
ZIM2	147	0.0	0.08395889401435852	0.5112649465072373																																						
ZIM3	94	0.0	0.11203531920909882	0.7909376966645689																																						
ZKSCAN1	323	0.10007300677322356	0.05805676430463791	0.04933920704845815																																						
ZKSCAN2	136	0.0	0.08604327589273453	0.5403398363750787																																						
ZKSCAN3	92	0.0	0.10995601862668991	0.7787287602265576																																						
C18orf25	313	0.16776800742175949	0.05859507992863655	0.05361862806796727																																						
ZKSCAN7	111	0.0	0.10057409852743149	0.7067337948395217																																						
ZKSCAN8	110	0.3072453064907037	0.1013578251004219	0.7146633102580239																																						
ZMAT1	296	0.0	0.05975111573934555	0.06658275645059786																																						
ZMAT2	202	0.479107600017468	0.07254254072904587	0.2916299559471366																																						
ZMAT3	215	0.1855524318464037	0.07027950882911682	0.24380113278791693																																						
ZMAT5	109	0.12804544890968242	0.1587291657924652	0.9349276274386407																																						
ZMIZ2	234	0.3993837469635354	0.06851769238710403	0.20906230333543108																																						
ZMPSTE24	206	0.061484184766122614	0.07537131756544113	0.35254877281309																																						
ZMYM1	100	0.05536713134663959	0.10159539431333542	0.7176840780365009																																						
ZMYM2	94	0.22915852917304466	0.10540778189897537	0.7485210824417873																																						
ZMYM3	251	0.11940885481080822	0.07830142229795456	0.41095028319697924																																						
ZMYM4	105	0.09828935604376096	0.13483968377113342	0.8898678414096917																																						
ZMYM5	203	0.2640106188304044	0.0711236298084259	0.2633102580239144																																						
ZMYM6	233	0.033598438006673524	0.07103102654218674	0.26117054751415986																																						
ZMYND11	229	0.1504003214126569	0.06655918061733246	0.17029578351164254																																						
C19orf12	196	0.050576078853557416	0.07318143546581268	0.3059786028949025																																						
ZMYND19	140	0.2569786923257741	0.0896773636341095	0.5914411579609817																																						
ZMYND8	166	0.4565286911767477	0.08129056543111801	0.46519823788546255																																						
ZNF100	167	0.0	0.08244506269693375	0.48495909376966645																																						
ZNF101	219	0.22698402658935604	0.06948069483041763	0.22857142857142856																																						
ZNF107	128	0.14567853101712544	0.09159095585346222	0.6167400881057269																																						
ZNF10	154	0.0	0.08104024827480316	0.46091881686595343																																						
ZNF114	287	0.0	0.060246244072914124	0.07325361862806797																																						
ZNF117	123	0.054540725171195285	0.09014489501714706	0.5978602894902454																																						
FAM174C	153	0.32999975661659986	0.08453243225812912	0.518942731277533																																						
ZNF12	303	0.02230815571619142	0.06119192764163017	0.08357457520453115																																						
ZNF131	73	0.2390937931566908	0.12836222350597382	0.8685966016362492																																						
ZNF132	168	0.0	0.0874723494052887	0.5619886721208307																																						
ZNF133	240	0.14150642667534089	0.065529465675354	0.15229704216488357																																						
ZNF134	54	0.0	0.13232403993606567	0.8824417872876023																																						
ZNF135	112	0.0	0.0961134135723114	0.6668344870988043																																						
ZNF136	65	0.0	0.12235033512115479	0.8439269981120201																																						
C19orf25	332	0.14834890876748466	0.05973189324140549	0.06645689112649465																																						
ZNF140	101	0.15960767332162698	0.10414708405733109	0.739332913782253																																						
ZNF141	192	0.0	0.07236260175704956	0.2882315921963499																																						
ZNF142	146	0.2584902375929089	0.08325259387493134	0.500314663310258																																						
ZNF146	61	0.12854082778452608	0.13012561202049255	0.873882945248584																																						
ZNF148	89	0.4082536528100281	0.11632473766803741	0.8154814348646948																																						
ZNF14	204	0.0	0.07100670039653778	0.2607929515418502																																						
ZNF154	130	0.0	0.09117987751960754	0.6117054751415985																																						
ZNF157	97	0.0	0.10429735481739044	0.7410950283196979																																						
TRIR	146	0.2127352855595748	0.09439518302679062	0.6477029578351164																																						
ZNF160	218	0.08245163279460489	0.07110876590013504	0.2626809314033984																																						
ZNF169	213	0.10230997710128788	0.07286305725574493	0.29779735682819386																																						
ZNF16	88	0.14505896537223262	0.12490060180425644	0.8542479546884834																																						
ZNF175	187	0.09340744534520486	0.07536229491233826	0.35229704216488356																																						
ZNF177	141	0.0	0.0926554724574089	0.6300818124606671																																						
ZNF17	123	0.0	0.0942581295967102	0.6463184392699811																																						
ZNF180	181	0.06676971786731077	0.07555999606847763	0.3567023285084959																																						
C19orf47	191	0.15031135410404858	0.07783789932727814	0.4012586532410321																																						
ZNF181	194	0.0	0.07388531416654587	0.3212083071113908																																						
ZNF182	204	0.0	0.0748356506228447	0.34033983637507864																																						
ZNF184	266	0.08962689445827066	0.07416541874408722	0.32687224669603526																																						
ZNF189	162	0.09942416920214177	0.086846262216568	0.5520453115166771																																						
ZNF18	267	0.0	0.06272440403699875	0.10459408432976715																																						
ZNF197	284	0.029107119509948095	0.06419970840215683	0.1277533039647577																																						
ZNF200	148	0.167608042853263	0.08584189414978027	0.5376966645689113																																						
ZNF202	300	0.0	0.059343501925468445	0.061548143486469475																																						
ACSL4	93	0.3254223122008361	0.11422709375619888	0.8031466331025803																																						
ZNF205	198	0.03787113893959112	0.0736844465136528	0.31818753933291377																																						
ZNF208	51	0.0	0.13659481704235077	0.8933920704845815																																						
ZNF211	289	0.16328339909222467	0.06335737556219101	0.1145374449339207																																						
ZNF212	187	0.2478716028472661	0.07312961667776108	0.3040906230333543																																						
ZNF213	155	0.16222380147490276	0.0842546746134758	0.51529263687854																																						
ZNF214	257	0.0	0.06823135167360306	0.20239144115796098																																						
C19orf48	126	0.062392060876835874	0.09666289389133453	0.6728760226557583																																						
ZNF215	166	0.12382277519102125	0.07919272035360336	0.4274386406544997																																						
ZNF219	74	0.44374475916047	0.15794724225997925	0.933920704845815																																						
ZNF221	198	0.0	0.0738312304019928	0.3200755191944619																																						
ZNF222	145	0.0	0.08940216153860092	0.5876651982378854																																						
ZNF224	174	0.05925738473767611	0.0769508108496666	0.383763373190686																																						
ZNF225	81	0.0	0.11247032135725021	0.7935808684707363																																						
ZNF227	183	0.0	0.07728611677885056	0.39118942731277534																																						
ZNF229	294	0.0	0.05882680416107178	0.05538074260541221																																						
ZNF22	149	0.023568277592502924	0.08815452456474304	0.5714285714285714																																						
ZNF233	66	0.0	0.12361893802881241	0.8485840151038389																																						
ZNF234	135	0.0	0.08640070259571075	0.5448709880427942																																						
C19orf53	363	0.11071059864746872	0.05734393745660782	0.0434235368156073																																						
ZNF235	90	0.0	0.11302441358566284	0.7971050975456262																																						
ZNF236	82	0.19621114672840176	0.2078050673007965	0.9714285714285714																																						
ZNF239	148	0.10381363440343172	0.08280788362026215	0.4911264946507237																																						
ZNF23	227	0.2732079804537421	0.06911700963973999	0.21938325991189428																																						
ZNF248	257	0.15167244479424108	0.06298337876796722	0.10837004405286343																																						
ZNF24	175	0.21094697788534725	0.07653743773698807	0.3764631843926998																																						
ZNF251	219	0.13450687633863093	0.07275961339473724	0.2959093769666457																																						
ZNF253	245	0.0	0.06843128055334091	0.20730018879798615																																						
C19orf54	181	0.05144960136499003	0.0735008493065834	0.313530522341095																																						
ZNF254	250	0.2016655451569848	0.06660536676645279	0.1707992448080554																																						
ZNF256	177	0.0	0.08211072534322739	0.48055380742605414																																						
ZNF257	61	0.0	0.13399451971054077	0.8868470736312146																																						
ZNF25	184	0.0	0.07550041377544403	0.35506607929515416																																						
ZNF264	186	0.0	0.08081620186567307	0.4561359345500315																																						
ZNF266	174	0.19544837001641965	0.0783952996134758	0.4122089364380113																																						
ZNF267	238	0.1244012578566736	0.066135935485363	0.16324732536186282																																						
REX1BD	134	0.091722484820935	0.08863136917352676	0.5782252989301447																																						
ZNF268	212	0.14877613934545444	0.0699053630232811	0.23725613593455003																																						
ZNF26	51	0.0	0.14954276382923126	0.9212083071113908																																						
ZNF273	321	0.110462779693247	0.05939200893044472	0.06217747010698552																																						
ZNF274	75	0.4885048049011616	0.12352284044027328	0.8482064191315293																																						
ZNF275	73	0.0	0.12204722315073013	0.8421648835745752																																						
ZNF276	70	0.3201063238342491	0.12682607769966125	0.8619257394587791																																						
ZNF277	173	0.09892027921261004	0.07913347333669662	0.4259282567652612																																						
ZNF280A	160	0.0	0.08258999139070511	0.4879798615481435																																						
SHFL	166	0.0	0.08297424018383026	0.49540591567023284																																						
ZNF280B	210	0.09063768859962316	0.07009407132863998	0.2409062303335431																																						
ZNF280C	64	0.4405417453387981	0.1203077882528305	0.8349905601006923																																						
ZNF280D	209	0.0378014365383989	0.07252036780118942	0.2911264946507237																																						
ZNF281	351	0.09051822203617213	0.07081004232168198	0.2555066079295154																																						
ZNF282	362	0.11026960311333277	0.05645719915628433	0.03587161736941473																																						
ZNF283	124	0.0	0.09446379542350769	0.6478288231592196																																						
ZNF284	386	0.0	0.05176122859120369	0.012208936438011329																																						
ZNF285	148	0.0	0.08470561355352402	0.5212083071113908																																						
ZNF286A	129	0.048478528714997464	0.09504111856222153	0.6561359345500315																																						
MICOS13	138	0.11991242919431153	0.11254017800092697	0.793958464443046																																						
ZNF287	265	0.0	0.06518690288066864	0.1463813719320327																																						
ZNF28	217	0.4943028687778706	0.07105331122875214	0.2616740088105727																																						
ZNF292	343	0.10300986835931167	0.07613574713468552	0.36765261170547514																																						
ZNF296	146	0.09365307054283196	0.08532905578613281	0.5306482064191316																																						
ZNF2	116	0.0	0.09182098507881165	0.6197608558842039																																						
ZNF300	150	0.0	0.08324179798364639	0.4999370673379484																																						
ZNF302	319	0.0	0.06101670488715172	0.08181246066708622																																						
ZNF304	201	0.0	0.07338003069162369	0.31013215859030835																																						
ZNF30	337	0.08954743552575495	0.054251380264759064	0.02391441157960982																																						
ZNF311	227	0.18378860397709465	0.07430758327245712	0.3290119572057898																																						
C19orf73	101	0.25837192370681744	0.09996362775564194	0.7022026431718061																																						
ZNF317	322	0.1292512898573368	0.06846874952316284	0.207803650094399																																						
ZNF318	80	0.12723557900944246	0.11639517545700073	0.8157331655129012																																						
ZNF320	228	0.0	0.0703761950135231	0.24556324732536186																																						
ZNF322	85	0.1028162630913679	0.10819026082754135	0.7677784770295784																																						
ZNF324B	183	0.149610285460262	0.07847016304731369	0.41359345500314665																																						
ZNF326	145	0.08356086204787924	0.10302472114562988	0.7307740717432347																																						
C19orf81	192	0.1435862432642963	0.07405036687850952	0.32372561359345503																																						
ZNF32	108	0.0	0.09831395000219345	0.6876022655758338																																						
ZNF330	204	0.121594984022883	0.07522492110729218	0.3500314663310258																																						
ZNF331	155	0.0	0.08532021939754486	0.5303964757709251																																						
ZNF333	304	0.0	0.05825507268309593	0.05084959093769666																																						
ZNF334	142	0.0	0.08664125949144363	0.5490245437382001																																						
ZNF335	283	0.4374373946004377	0.07942572981119156	0.4315921963499056																																						
ZNF337	129	0.0	0.08993755280971527	0.5947136563876652																																						
ZNF33A	139	0.11232782697090764	0.10093491524457932	0.7093769666456892																																						
C1D	361	0.1077798105401998	0.07322563976049423	0.30723725613593456																																						
ZNF33B	90	0.1210203358640074	0.11196139454841614	0.7906859660163625																																						
ZNF343	82	0.0	0.12401022762060165	0.8504719949653871																																						
ZNF345	239	0.0	0.07035374641418457	0.245059786028949																																						
ZNF346	100	0.0	0.10127487033605576	0.7127753303964758																																						
ZNF347	150	0.07571429313437568	0.08342421054840088	0.5039647577092511																																						
ZNF34	238	0.3892243754443652	0.07714845985174179	0.38779106356198867																																						
ZNF350	197	0.0	0.07176367938518524	0.2752674638137193																																						
ZNF354A	239	0.0	0.07140379399061203	0.2685966016362492																																						
C1GALT1C1	195	0.11391958790541105	0.07636093348264694	0.37256135934550033																																						
ZNF354B	149	0.07995086280301154	0.08927460759878159	0.5857772183763373																																						
ZNF35	280	0.03228599707355858	0.0628933236002922	0.10723725613593454																																						
ZNF365	199	0.0	0.07487133145332336	0.34172435494021397																																						
ZNF366	365	0.0	0.05538246035575867	0.02945248584015104																																						
ZNF367	149	0.13230171564272367	0.08161734789609909	0.47174323473882945																																						
ZNF37A	196	0.1711937450938753	0.07838349044322968	0.41208307111390813																																						
C1GALT1	52	0.1463982132086705	0.14262844622135162	0.9086217747010699																																						
ZNF383	95	0.0	0.1046842709183693	0.7439899307740717																																						
ZNF384	128	0.3817223044598887	0.09171183407306671	0.6187539332913782																																						
ZNF385A	182	0.4040441598209278	0.07730992883443832	0.39156702328508497																																						
ZNF385B	93	0.0	0.1021118089556694	0.7229704216488357																																						
ZNF385C	141	0.0	0.0865887925028801	0.5485210824417873																																						
ZNF385D	310	0.0	0.058342427015304565	0.051604782882315924																																						
ZNF391	177	0.2662132678271763	0.07701633125543594	0.3852737570799245																																						
ZNF394	152	0.35827226657887795	0.0847286581993103	0.5218376337319068																																						
C1QBP	306	0.2479657359108228	0.11708567291498184	0.819257394587791																																						
ZNF396	130	0.0	0.11921065300703049	0.8298300818124607																																						
ZNF397	63	0.07848584493557445	0.16048705577850342	0.9379483952171177																																						
ZNF398	218	0.31081658670957074	0.06977026909589767	0.23473882945248584																																						
ZNF404	100	0.0	0.10422305017709732	0.7402139710509754																																						
ZNF408	177	0.2647373608088656	0.07914253324270248	0.4261799874134676																																						
ZNF410	125	0.3942015308225307	0.10686976462602615	0.7578351164254248																																						
ZNF414	112	0.12283797099117905	0.13773775100708008	0.8964128382630585																																						
C1QTNF4	446	0.0	0.04822015017271042	0.0062932662051604785																																						
ZNF415	80	0.0	0.11293000727891922	0.7962240402769037																																						
ZNF416	278	0.0	0.06074003875255585	0.07853996224040277																																						
ZNF417	137	0.0	0.08453147858381271	0.5188168659534298																																						
ZNF418	245	0.0	0.0692477598786354	0.22265575833857773																																						
ZNF419	251	0.3895133895793328	0.06599706411361694	0.1604782882315922																																						
ZNF41	106	0.0	0.11658725887537003	0.8176211453744493																																						
ZNF420	398	0.03603311599056636	0.05277727171778679	0.016362492133417242																																						
ZNF425	97	0.0	0.10281285643577576	0.7288860918816866																																						
C1RL	210	0.14240531906125165	0.07196401804685593	0.27992448080553806																																						
ZNF426	198	0.02187846013181759	0.07482577115297318	0.34021397105097545																																						
ZNF428	206	0.06982638968961001	0.0741327628493309	0.3256135934550031																																						
ZNF429	89	0.20258108863428534	0.10787307471036911	0.765135305223411																																						
ZNF430	163	0.029479815784043874	0.08385027945041656	0.5096286972938955																																						
ZNF431	228	0.06569127404096825	0.06989696621894836	0.2371302706104468																																						
ZNF432	212	0.0	0.06998363882303238	0.2392699811202014																																						
ZNF433	163	0.0	0.08258787542581558	0.4878539962240403																																						
ZNF436	292	0.0	0.058864764869213104	0.05613593455003146																																						
ZNF438	259	0.3037084457791475	0.0640321597456932	0.12448080553807427																																						
ZNF439	219	0.0	0.07252612709999084	0.29137822529893015																																						
ZNF43	299	0.0	0.059278108179569244	0.06091881686595343																																						
ZNF440	236	0.0	0.06741512566804886	0.18716173694147262																																						
ZNF441	148	0.0	0.08438201993703842	0.5171806167400881																																						
ZNF442	72	0.0	0.12164044380187988	0.8406544996853367																																						
ZNF443	189	0.0	0.07332345843315125	0.3092511013215859																																						
ZNF444	198	0.20059632185399265	0.08012071251869202	0.4434235368156073																																						
ZNF445	167	0.1315612403456652	0.08696283400058746	0.5541850220264317																																						
ZNF449	146	0.0	0.08614363521337509	0.5413467589679043																																						
ZNF44	140	0.0	0.08934876322746277	0.5870358716173694																																						
ZNF451	247	0.16719346257593798	0.0709938332438469	0.2602894902454374																																						
ZNF454	133	0.0	0.09084347635507584	0.6066708621774701																																						
ZNF45	87	0.18774868330969088	0.11379238963127136	0.8016362492133418																																						
ZNF460	179	0.061233637499510635	0.07491374015808105	0.34235368156073004																																						
ZNF461	128	0.0	0.09062643349170685	0.6036500943989931																																						
ZNF462	300	0.0	0.07067523896694183	0.252234109502832																																						
C1orf112	267	0.12693918929134576	0.06568178534507751	0.15556954059156702																																						
ZNF468	393	0.11128395647421098	0.05172531679272652	0.012083071113908118																																						
ZNF469	180	0.0	0.07649259269237518	0.37583385777218375																																						
ZNF470	360	0.29627384283223307	0.05633942037820816	0.03410950283196979																																						
ZNF471	198	0.0	0.07445281744003296	0.3317809943360604																																						
ZNF473	107	0.0	0.09935208410024643	0.6964128382630586																																						
ZNF474	151	0.0	0.0809202790260315	0.4594084329767149																																						
ZNF479	314	0.0	0.0605788491666317	0.07677784770295784																																						
ZNF480	202	0.32510108728961884	0.07338287681341171	0.3103838892385148																																						
ZNF483	142	0.0	0.08610974252223969	0.5407174323473883																																						
ZNF484	170	0.0	0.08345289528369904	0.5045940843297672																																						
ZNF485	184	0.056259611887240615	0.07875127345323563	0.41925739458779104																																						
ZNF486	126	0.0	0.09421320259571075	0.6461925739458779																																						
ZNF48	187	0.06961325248301246	0.07736413180828094	0.39269981120201386																																						
ZNF490	183	0.10539906707140624	0.07724430412054062	0.38993077407174326																																						
ZNF491	76	0.0	0.11565390974283218	0.8110761485210825																																						
ZNF492	344	0.0	0.05512614548206329	0.028193832599118944																																						
ZNF493	264	0.0943926384148934	0.06295477598905563	0.1077407174323474																																						
ZNF496	148	0.12374079978278875	0.10944206267595291	0.7762114537444934																																						
CZIB	224	0.048673406136748455	0.0682385265827179	0.2026431718061674																																						
ACSS2	132	0.20458775538622886	0.1536281704902649	0.9280050346129641																																						
ZNF500	218	0.07298125191007755	0.07040107250213623	0.2460667086217747																																						
ZNF501	207	0.0	0.07191149145364761	0.27879169288860917																																						
ZNF502	132	0.0	0.09134020656347275	0.6137193203272499																																						
ZNF503	187	0.1769586243571501	0.07442323118448257	0.33140339836375077																																						
ZNF506	360	0.0	0.053267981857061386	0.01825047199496539																																						
ZNF507	279	0.0946365122478526	0.06602020561695099	0.16123348017621145																																						
ZNF512B	243	0.09697485385224544	0.06591010838747025	0.15833857772183763																																						
C1orf131	51	0.09446646740498156	0.3601641356945038	0.9974826935179358																																						
ZNF512	94	0.10779222437403947	0.10687235742807388	0.757960981749528																																						
ZNF513	127	0.0	0.09675031900405884	0.6736312146003776																																						
ZNF514	150	0.2059306934168492	0.08670835196971893	0.5499056010069225																																						
ZNF517	178	0.0	0.07684341073036194	0.382001258653241																																						
ZNF518A	117	0.16525255813656414	0.12019480764865875	0.8339836375078666																																						
ZNF518B	239	0.06795167883815274	0.07476098835468292	0.3392070484581498																																						
ZNF519	147	0.0	0.09126102179288864	0.6125865324103209																																						
ZNF521	136	0.3183111789307175	0.09166258573532104	0.6177470106985525																																						
C1orf159	199	0.2674791999180403	0.07284194976091385	0.2970421648835746																																						
ZNF524	117	0.18234574031387416	0.11249347776174545	0.7937067337948395																																						
ZNF526	212	0.19834821089486848	0.07331723719835281	0.30899937067337946																																						
ZNF527	397	0.3273334352901913	0.05220571905374527	0.013719320327249842																																						
ZNF528	151	0.4147217785721055	0.08621703088283539	0.5422278162366269																																						
ZNF529	223	0.2804194544393748	0.06937301903963089	0.2252989301447451																																						
ZNF530	264	0.0	0.06362516433000565	0.11906859660163625																																						
ZNF532	105	0.0	0.10364103317260742	0.7350534927627439																																						
ZNF534	252	0.0	0.06303276866674423	0.10937696664568912																																						
ZNF536	102	0.0	0.11389688402414322	0.8021397105097545																																						
C1orf174	281	0.0652857042082225	0.06364172697067261	0.11957205789804909																																						
ZNF540	250	0.3593809956678167	0.06622973084449768	0.1643801132787917																																						
ZNF541	185	0.0	0.07931636273860931	0.43008181246066707																																						
ZNF543	211	0.15710152518744658	0.07580989599227905	0.3607300188797986																																						
ZNF544	189	0.1250250394556427	0.07242312282323837	0.28911264946507237																																						
ZNF546	124	0.0	0.0931055024266243	0.6353681560730019																																						
ZNF547	303	0.4303356516503953	0.05845499038696289	0.05235997482693518																																						
ZNF548	153	0.0	0.08565343171358109	0.5353052234109503																																						
ZNF549	232	0.0	0.0711003988981247	0.26242920075519194																																						
ZNF550	214	0.0	0.07409361749887466	0.3249842668344871																																						
C1orf198	198	0.0	0.06927455961704254	0.223410950283197																																						
ZNF551	257	0.07270191869443464	0.06640235334634781	0.16740088105726872																																						
ZNF552	357	0.1507080305257664	0.055104415863752365	0.02806796727501573																																						
ZNF555	238	0.12506508493914312	0.06836345046758652	0.20629326620516047																																						
ZNF556	183	0.0	0.07762262225151062	0.39811202013845187																																						
ZNF557	184	0.16207752512904675	0.08520635962486267	0.5280050346129641																																						
ZNF558	126	0.3339859064683833	0.08791245520114899	0.5689112649465072																																						
ZNF559	249	0.10743628739997914	0.0794399231672287	0.4319697923222152																																						
ZNF561	248	0.0	0.06739719212055206	0.1866582756450598																																						
ZNF562	110	0.027087786630935248	0.09645390510559082	0.6702328508495909																																						
ZNF563	216	0.0	0.07266247272491455	0.2937696664568911																																						
ZNF564	227	0.0	0.07535896450281143	0.35217117684078036																																						
ZNF565	324	0.0	0.05955812707543373	0.06494650723725613																																						
ZNF566	200	0.03660136881858715	0.07582593709230423	0.36110761485210824																																						
ZNF568	167	0.0	0.08435413986444473	0.5166771554436753																																						
ZNF570	187	0.0	0.07719331979751587	0.38879798615481437																																						
C1orf216	206	0.13384950550877306	0.07184257358312607	0.27715544367526745																																						
ZNF571	114	0.0	0.0998917892575264	0.7013215859030837																																						
ZNF572	241	0.0	0.06670098006725311	0.17293895531780995																																						
ZNF573	86	0.0	0.1087065190076828	0.7709251101321586																																						
ZNF575	213	0.0	0.06975744664669037	0.23448709880427943																																						
ZNF576	102	0.1404327471367359	0.10152345895767212	0.7168030207677785																																						
ZNF577	182	0.0	0.07770154625177383	0.3991189427312775																																						
ZNF578	197	0.0	0.07460835576057434	0.3356828193832599																																						
ZNF579	157	0.09712177731149993	0.081495001912117	0.46897419760855885																																						
FNDC10	121	0.029814015931172045	0.09626268595457077	0.6680931403398364																																						
ZNF57	197	0.08094527591037863	0.07484526187181473	0.3410950283196979																																						
ZNF581	208	0.052993643031788405	0.07390248030424118	0.32146003775959725																																						
ZNF582	152	0.4041201793194765	0.07982861995697021	0.4392699811202014																																						
ZNF583	276	0.0	0.06564514338970184	0.15468848332284454																																						
ZNF584	282	0.3700275647127321	0.06225268542766571	0.09842668344870988																																						
ZNF585B	71	0.0	0.1188560202717781	0.8279421019509126																																						
ODR4	188	0.13666617119906588	0.08718356490135193	0.5583385777218376																																						
ZNF586	141	0.0	0.09731393307447433	0.6789175582127124																																						
ZNF589	97	0.0	0.10698418319225311	0.7589679043423537																																						
ZNF592	109	0.11703508432357865	0.11501632630825043	0.808432976714915																																						
ZNF593	276	0.13309854906783633	0.06334546208381653	0.11403398363750787																																						
ZNF594	134	0.0	0.09150811284780502	0.6152297042164884																																						
ZNF595	145	0.08171586122978337	0.08970539271831512	0.5919446192573946																																						
ZNF596	156	0.0	0.08478905260562897	0.5227186910006293																																						
C1orf35	217	0.31788645383342645	0.07051075249910355	0.2485840151038389																																						
ZNF597	162	0.0	0.08183383196592331	0.47564505978602895																																						
ZNF598	125	0.1848260747746754	0.09446873515844345	0.648080553807426																																						
ZNF599	234	0.0	0.06953009217977524	0.2303335431088735																																						
ZNF600	178	0.11627360910437448	0.07462071627378464	0.33618628067967277																																						
ZNF605	52	0.0	0.13925887644290924	0.9015733165512901																																						
ZNF606	155	0.0	0.08113355934619904	0.46255506607929514																																						
ZNF607	172	0.0	0.08146759122610092	0.46784140969162996																																						
ZNF608	80	0.3931220190192332	0.11656813323497772	0.8171176840780365																																						
C1orf43	130	0.038423863801390186	0.09611744433641434	0.6669603524229075																																						
ACTB	363	0.4580646433623333	0.08755359053611755	0.5637507866582756																																						
ZNF610	118	0.0	0.105311818420887	0.7476400251730648																																						
ZNF611	79	0.0	0.11653047055006027	0.8166142227816237																																						
ZNF613	143	0.0	0.08578076213598251	0.5368156073001888																																						
ZNF614	145	0.0	0.08694470673799515	0.5538074260541221																																						
ZNF615	188	0.0	0.07313865423202515	0.30446821900566395																																						
ZNF616	123	0.10414455784119447	0.09149704873561859	0.6151038388923852																																						
ZNF619	281	0.20723610250331811	0.06422122567892075	0.12813089993706733																																						
ZNF620	127	0.0	0.0918588861823082	0.6201384518565135																																						
ZNF621	178	0.02943947715215878	0.07572422921657562	0.3594713656387665																																						
C1orf50	246	0.1054075954849028	0.06753822416067123	0.18930144745122718																																						
ZNF622	92	0.032104630098907114	0.12639948725700378	0.860667086217747																																						
ZNF623	218	0.05324550971509572	0.07130461931228638	0.26670862177470106																																						
ZNF624	158	0.0	0.08101680129766464	0.460667086217747																																						
ZNF626	115	0.0	0.09759031981229782	0.681057268722467																																						
ZNF627	150	0.15816505858137614	0.08352877199649811	0.5054751415984896																																						
ZNF628	147	0.0937010478899916	0.09447300434112549	0.6482064191315292																																						
ZNF629	374	0.1702162438071431	0.05394062399864197	0.021648835745752045																																						
ZNF638	51	0.2483115726049449	0.14749498665332794	0.9170547514159849																																						
C1orf52	352	0.171177938838449	0.06419800966978073	0.1276274386406545																																						
ZNF639	264	0.3229097862191919	0.06584719568490982	0.15745752045311517																																						
ZNF641	144	0.0	0.08377799391746521	0.5089993706733795																																						
ZNF644	158	0.07019512940320011	0.09595464915037155	0.6646947765890497																																						
ZNF646	162	0.0	0.08234041929244995	0.4835745752045312																																						
ZNF648	207	0.0	0.07241898775100708	0.2889867841409692																																						
ZNF649	249	0.0	0.06327765434980392	0.1131529263687854																																						
ZNF652	188	0.07273893979560057	0.0793914869427681	0.4309628697293896																																						
ZNF653	125	0.0	0.09726700186729431	0.6785399622404028																																						
C1orf53	234	0.0	0.07288887351751328	0.2983008181246067																																						
ZNF655	139	0.20146642875732831	0.08721911907196045	0.5587161736941473																																						
ZNF658	264	0.0	0.06173077970743179	0.09062303335431089																																						
ZNF660	126	0.0	0.09688303619623184	0.6746381371932033																																						
ZNF662	251	0.0	0.0646325945854187	0.13555695405915671																																						
ZNF664	150	0.10719124457440753	0.08015713095664978	0.44430459408432976																																						
ZNF667	53	0.0	0.13140781223773956	0.8785399622404028																																						
ZNF669	177	0.0997550161017314	0.08188211917877197	0.476274386406545																																						
ZNF670	101	0.06869467644306111	0.11032550036907196	0.7817495280050346																																						
ZNF672	334	0.109398541550575	0.06057634577155113	0.07665198237885462																																						
ZNF674	348	0.0	0.055630553513765335	0.030585273757079926																																						
ZNF675	87	0.2141552075323131	0.11019667237997055	0.7801132787916929																																						
ZNF676	175	0.0	0.08006217330694199	0.4424166142227816																																						
ZNF677	172	0.0	0.08094348013401031	0.45991189427312773																																						
ZNF678	218	0.038618000663811713	0.07055271416902542	0.24984266834487098																																						
ZNF679	196	0.0	0.07522974163293839	0.350157331655129																																						
ZNF680	259	0.08396409776737741	0.06506842374801636	0.14348646947765892																																						
C1orf61	287	0.13296522997866167	0.06133909523487091	0.08584015103838892																																						
ZNF682	270	0.0	0.06439802795648575	0.13077407174323474																																						
ZNF683	216	0.0	0.07300231605768204	0.30169918187539335																																						
ZNF684	122	0.059165143640275475	0.08842412382364273	0.5752045311516677																																						
ZNF687	416	0.10157809660555908	0.06719402223825455	0.18300818124606671																																						
ZNF688	167	0.06236945632508585	0.07870980352163315	0.4182504719949654																																						
ZNF689	150	0.056212221864769686	0.08556860685348511	0.5335431088735053																																						
ZNF691	187	0.0	0.07699396461248398	0.38477029578351163																																						
ZNF692	112	0.03749333520545586	0.09504618495702744	0.6562617998741347																																						
ZNF695	108	0.0	0.15980945527553558	0.9373190685966016																																						
ZNF696	205	0.14590850822908394	0.07111663371324539	0.263058527375708																																						
ZNF697	145	0.0	0.08535400032997131	0.5310258023914411																																						
ZNF699	184	0.0	0.08391884714365005	0.5107614852108244																																						
ZNF69	286	0.0	0.06087746098637581	0.0801762114537445																																						
ZNF700	58	0.3694664872626931	0.13800695538520813	0.8969162995594714																																						
ZNF701	186	0.2631111916882176	0.07579173892736435	0.360352422907489																																						
ZNF703	80	0.0	0.12175769358873367	0.8412838263058527																																						
ZNF704	166	0.0	0.1115056648850441	0.7882945248584015																																						
ZNF705A	148	0.0	0.08932337164878845	0.5865324103209566																																						
SHLD1	209	0.041445737605922926	0.07085197418928146	0.25626179987413467																																						
ZNF707	181	0.0	0.07967708259820938	0.43662680931403397																																						
ZNF709	341	0.4885939997784607	0.05644797906279564	0.035619886721208305																																						
ZNF70	185	0.2646301476941401	0.07741069048643112	0.3934550031466331																																						
ZNF711	229	0.0	0.06576644629240036	0.15670232850849591																																						
ZNF713	180	0.0	0.07705416530370712	0.3857772183763373																																						
ZNF714	67	0.058168549282828615	0.11781061440706253	0.8230333543108873																																						
ZNF716	247	0.0	0.08016267418861389	0.4445563247325362																																						
ZNF717	101	0.0	0.09721878916025162	0.6781623662680931																																						
ZNF718	503	0.09921959140147324	0.04987355321645737	0.00881057268722467																																						
ZNF71	200	0.09152421407501928	0.07532607018947601	0.35166771554436754																																						
ZNF720	205	0.08260599861556711	0.07104168087244034	0.2614222781623663																																						
ZNF726	181	0.0	0.07450825721025467	0.33366897419760855																																						
ZNF727	170	0.0	0.07664398849010468	0.37797356828193834																																						
ZNF730	162	0.24281604754057395	0.08129595220088959	0.465449968533669																																						
ZNF732	228	0.0	0.07181008160114288	0.2758967904342354																																						
C20orf27	162	0.10537316373034683	0.07966942340135574	0.4363750786658276																																						
ZNF737	64	0.0	0.12502984702587128	0.8546255506607929																																						
ZNF740	151	0.3491351211607098	0.09413447231054306	0.6449339207048458																																						
ZNF746	336	0.066193415684942	0.05873185396194458	0.05487728130899937																																						
ZNF749	97	0.0	0.10141615569591522	0.7160478288231592																																						
ZNF74	223	0.1060017844006311	0.06950590014457703	0.22945248584015104																																						
ZNF750	122	0.0	0.09355930984020233	0.6391441157960982																																						
ZNF75A	227	0.036798385858982034	0.06780681759119034	0.19509125235997482																																						
ZNF75D	126	0.0	0.09257995337247849	0.6290748898678414																																						
C20orf96	139	0.07706850180124583	0.08888797461986542	0.5814977973568282																																						
ZNF761	158	0.11355808660087713	0.08116025477647781	0.463058527375708																																						
ZNF763	373	0.0	0.05705570429563522	0.04115796098174953																																						
ZNF764	256	0.19895096536784904	0.06343883275985718	0.1156702328508496																																						
ZNF765	147	0.0	0.09029917418956757	0.5993706733794839																																						
ZNF766	100	0.039401012461424204	0.10041610151529312	0.7061044682190056																																						
ZNF768	97	0.24976826436023464	0.1122862920165062	0.7923222152297043																																						
ZNF76	234	0.14965417994713293	0.06918630003929138	0.22177470106985525																																						
ZNF770	170	0.034360894211315364	0.08055666834115982	0.45210824417872875																																						
CFAP410	319	0.13834699399278902	0.05896871164441109	0.05726872246696035																																						
ZNF771	114	0.2080037616092866	0.09771434217691422	0.6823159219634991																																						
ZNF772	192	0.0	0.0733446329832077	0.30988042794210197																																						
ZNF773	172	0.0	0.08168666809797287	0.47300188797986153																																						
ZNF775	153	0.1229891748935423	0.08574454486370087	0.536312146003776																																						
ZNF776	138	0.0	0.08750597387552261	0.56274386406545																																						
ZNF777	70	0.2397134736671924	0.11591894924640656	0.8122089364380113																																						
ZNF778	254	0.3621479985659457	0.06359551846981049	0.1185651353052234																																						
ZNF77	91	0.0	0.10498793423175812	0.7451227186910007																																						
ZNF780A	88	0.0	0.11175167560577393	0.7900566393958465																																						
GATD3A	139	0.4679314022935758	0.09389016777276993	0.6422907488986784																																						
ZNF781	159	0.0	0.07822474837303162	0.40969162995594716																																						
ZNF782	99	0.18011446914963508	0.10619192570447922	0.7541850220264317																																						
ZNF783	166	0.0	0.08125493675470352	0.4649465072372561																																						
ZNF784	182	0.36608798927493824	0.08234037458896637	0.48344870988042793																																						
ZNF785	123	0.12494879879260352	0.0916534811258316	0.6176211453744493																																						
ZNF786	152	0.3788197594367196	0.10282827168703079	0.7292636878539962																																						
ZNF787	244	0.035346907223518687	0.08906702697277069	0.5831340465701699																																						
ZNF789	64	0.10139705124603016	0.12594115734100342	0.8581497797356828																																						
ZNF790	229	0.15594467109875884	0.06516215950250626	0.14550031466331026																																						
C21orf58	233	0.0564044424790376	0.06666076183319092	0.17193203272498428																																						
ZNF791	158	0.218775944030388	0.08007150143384933	0.44254247954688486																																						
ZNF792	254	0.0	0.06512332707643509	0.144745122718691																																						
ZNF793	108	0.0	0.10138352960348129	0.7151667715544368																																						
ZNF79	158	0.0	0.08361635357141495	0.5066079295154186																																						
ZNF7	268	0.17906957855439776	0.06554495543241501	0.15305223410950283																																						
ZNF800	228	0.16566025457154854	0.06984493136405945	0.23587161736941473																																						
ZNF804B	223	0.0	0.07309288531541824	0.30346129641283826																																						
ZNF805	198	0.12502119705247786	0.07339175790548325	0.3107614852108244																																						
ZNF808	150	0.08833163612065027	0.08771621435880661	0.5658904971680302																																						
ZNF813	194	0.2120807209819272	0.0750843733549118	0.34625550660792953																																						
ZNF814	98	0.4866460208996017	0.10708838701248169	0.7598489616110762																																						
ZNF81	176	0.3650068152003756	0.07484370470046997	0.3408432976714915																																						
ZNF821	336	0.16692991002681465	0.05720166489481926	0.04216488357457521																																						
CFAP298	164	0.0939240701998207	0.08950301259756088	0.5890497168030208																																						
ZNF823	146	0.0	0.08577647060155869	0.5366897419760855																																						
ZNF827	60	0.11086476055671234	0.1309967190027237	0.8767778477029579																																						
ZNF835	118	0.0	0.09434331953525543	0.6470736312146004																																						
ZNF836	113	0.0	0.09618271887302399	0.6675896790434236																																						
ZNF837	280	0.0	0.06695760786533356	0.17809943360604152																																						
ZNF83	142	0.3493637464772472	0.08523885160684586	0.5290119572057898																																						
C21orf91	194	0.245304356092325	0.07171010971069336	0.27451227186910004																																						
ZNF841	143	0.1668809378435265	0.08413738757371902	0.5137822529893015																																						
ZNF843	304	0.0	0.05823105201125145	0.050597860289490246																																						
ZNF844	145	0.0	0.08829092979431152	0.5733165512901196																																						
ZNF845	206	0.23224613842082226	0.07315532118082047	0.3052234109502832																																						
ZNF846	152	0.0	0.08978357911109924	0.5929515418502203																																						
ZNF84	289	0.19589317378034066	0.12307453900575638	0.8465701699181876																																						
ZNF850	119	0.0	0.09541449695825577	0.6601636249213342																																						
ZNF852	113	0.0	0.09690877050161362	0.6751415984896161																																						
ZNF853	239	0.17824917451469455	0.0778607577085495	0.40213971050975456																																						
ZNF85	254	0.0	0.06531717628240585	0.14839521711768408																																						
ZNF860	161	0.0	0.0829160213470459	0.49364380113278794																																						
ZNF878	169	0.0	0.08054225146770477	0.45185651353052236																																						
ZNF879	127	0.0	0.09018748998641968	0.5986154814348646																																						
ZNF883	308	0.07642706844155585	0.06777697056531906	0.19446192573945878																																						
C22orf39	445	0.05576224835426954	0.051761873066425323	0.012334801762114538																																						
ZNF891	137	0.04088651376881272	0.08869245648384094	0.578980490874764																																						
ZNF8	210	0.09152319952847156	0.0790349692106247	0.42416614222781623																																						
ZNF91	104	0.0	0.10127685219049454	0.7130270610446822																																						
ZNF92	189	0.04401284183713995	0.08143259584903717	0.4672120830711139																																						
ZNF93	131	0.0	0.08935841172933578	0.5871617369414727																																						
ZNF98	136	0.0	0.0870652124285698	0.5556954059156702																																						
ZNF99	178	0.0	0.07535452395677567	0.3520453115166772																																						
ZNFX1	187	0.291737543167009	0.07583588361740112	0.36123348017621143																																						
ZNHIT1	162	0.09998077982839884	0.1646152138710022	0.9423536815607301																																						
ACTL6A	62	0.2196881911229461	0.22449974715709686	0.9780994336060416																																						
ZNHIT2	137	0.26513580820062266	0.09095807373523712	0.6085588420390182																																						
ZNHIT3	128	0.0793996346014765	0.1325969249010086	0.8829452485840151																																						
ZNHIT6	132	0.038310815418982534	0.2029685229063034	0.9691629955947136																																						
ZNRD1	81	0.09998649076356253	0.2390252649784088	0.9838892385147892																																						
ZNRF2	254	0.2482849558089245	0.0647895410656929	0.13857772183763373																																						
ZRANB2	90	0.14055948646581135	0.11539960652589798	0.81019509125236																																						
ZRSR2	148	0.08449929577710431	0.10282643139362335	0.729137822529893																																						
ZSCAN10	133	0.0	0.1023479476571083	0.7248584015103839																																						
ZSCAN12	163	0.052345573943253336	0.07915329188108444	0.42668344870988045																																						
ZSCAN16	62	0.0	0.1301826536655426	0.8745122718691001																																						
ZSCAN18	299	0.0	0.06038279086351395	0.07451227186910006																																						
ZSCAN20	253	0.0	0.06554445624351501	0.1529263687853996																																						
ZSCAN21	117	0.2317254396293691	0.10961335152387619	0.777218376337319																																						
ZSCAN22	180	0.228152856206218	0.07743402570486069	0.3942101950912524																																						
ZSCAN23	82	0.0	0.12289983034133911	0.8458149779735683																																						
ZSCAN25	54	0.0	0.14261654019355774	0.9084959093769667																																						
ZSCAN2	68	0.0	0.15826857089996338	0.9342983008181246																																						
ZSCAN30	204	0.0	0.07092709094285965	0.2581497797356828																																						
ZSCAN32	60	0.17620393039642798	0.15255367755889893	0.9264946507237256																																						
ZSCAN5B	202	0.0	0.07409165054559708	0.32485840151038387																																						
ZSCAN9	334	0.04739036400884655	0.054949887096881866	0.027061044682190057																																						
ZSWIM1	144	0.0	0.087506502866745	0.5628697293895532																																						
ZSWIM7	214	0.1757205035072629	0.07020881772041321	0.24292007551919445																																						
ZSWIM8	162	0.19480554471934566	0.08048290759325027	0.4505978602894902																																						
ZUP1	147	0.16070830691686314	0.08553367853164673	0.5331655129011957																																						
ZW10	295	0.10218288859244366	0.08570654690265656	0.5359345500314663																																						
ZXDA	168	0.0	0.08153078705072403	0.4694776589049717																																						
ZXDB	198	0.32501265141508	0.07194125652313232	0.2791692888609188																																						
ZYG11A	92	0.09507648164856952	0.10330307483673096	0.7331655129011957																																						
ZYG11B	120	0.1327181636108662	0.11014632135629654	0.7799874134675897																																						
ZYX	506	0.19235408593537145	0.045225486159324646	0.0031466331025802393																																						
ZZEF1	271	0.2881720664990301	0.06135828420519829	0.08646947765890498																																						
AC118549.1	158	0.29688152305154	0.12097210437059402	0.8373820012586533																																						
C2orf42	174	0.14631394674206882	0.0797438770532608	0.43775959723096286																																						
WDCP	156	0.2278426419065645	0.08677775412797928	0.5509125235997483																																						
MAIP1	263	0.23669627242348285	0.06328657269477844	0.11327879169288861																																						
C2orf49	201	0.2460772912144055	0.07254387438297272	0.2920075519194462																																						
ACTN1	273	0.1543682204449142	0.0684870183467865	0.2080553807426054																																						
C2orf69	227	0.16823569171998445	0.06902112811803818	0.21724354940213972																																						
C2orf76	207	0.059679495629137415	0.07433918118476868	0.3295154185022026																																						
C2orf88	237	0.05432486387935851	0.06689269840717316	0.17671491504090622																																						
C3orf33	62	0.0	0.1346336305141449	0.8889867841409692																																						
C3orf38	249	0.28176517275830154	0.06499260663986206	0.1421019509125236																																						
DIPK2A	201	0.20276134586218444	0.07234374433755875	0.28760226557583385																																						
HPF1	202	0.0694429945670419	0.07394350320100784	0.32158590308370044																																						
FAM241A	329	0.05001566106692604	0.06426145881414413	0.129137822529893																																						
C4orf33	134	0.24429462738748775	0.09633288532495499	0.6687224669603524																																						
ACTN4	305	0.2649875872067357	0.06006377190351486	0.0711139081183134																																						
C4orf36	197	0.0	0.07555777579545975	0.3565764631843927																																						
C4orf3	151	0.01796047770328162	0.08106978982686996	0.46142227816236625																																						
C4orf46	151	0.2138853590656608	0.08699680864810944	0.554940213971051																																						
C4orf48	131	0.05726375219960116	0.0879354178905487	0.5692888609188169																																						
C5orf15	231	0.12515733903973464	0.06868254393339157	0.2118313404657017																																						
C5orf22	208	0.02814621755809074	0.09564003348350525	0.6626809314033983																																						
C5orf24	112	0.3632570861680269	0.0994843915104866	0.6974197608558842																																						
TMEM267	120	0.0	0.09848060458898544	0.6899937067337948																																						
ACTR10	99	0.03243553892619537	0.15193644165992737	0.9253618628067968																																						
AARS2	358	0.15412452476785382	0.08557828515768051	0.5337948395217118																																						
C5orf30	279	0.11918933452001193	0.07656332850456238	0.3767149150409062																																						
C5orf34	101	0.4199752078397372	0.10114511102437973	0.7115166771554436																																						
MRNIP	122	0.1659377707337696	0.0929654985666275	0.633606041535557																																						
C5orf51	85	0.15519265517440972	0.1148630753159523	0.8076777847702958																																						
C6orf136	242	0.10279607355204612	0.10552012920379639	0.7491504090623033																																						
SMIM29	238	0.1391023342319777	0.09812859445810318	0.6854625550660793																																						
MTRES1	181	0.2136240502767355	0.09154203534126282	0.6157331655129012																																						
MPIG6B	155	0.0927741932707705	0.08092028647661209	0.4595342983008181																																						
C6orf47	118	0.13467576538918244	0.0935165286064148	0.6385147891755821																																						
SNHG32	148	0.19362798449630905	0.083889901638031	0.5101321585903084																																						
C6orf52	232	0.2887032191753926	0.0686681866645813	0.2117054751415985																																						
C6orf62	193	0.4538547439043998	0.07593388855457306	0.3629955947136564																																						
C6orf89	253	0.07245579804291521	0.06597433239221573	0.15984896161107615																																						
C7orf26	205	0.13469380249226992	0.12725882232189178	0.8640654499685336																																						
ACTR1B	517	0.08259586162065369	0.04653872177004814	0.0047828823159219635																																						
CYREN	196	0.2705391538210764	0.12200487405061722	0.8419131529263688																																						
STMP1	161	0.046975639508885884	0.0856006070971489	0.5344241661422278																																						
C8orf33	225	0.07479644541702793	0.07054192572832108	0.24959093769666457																																						
RBIS	145	0.1131604069491694	0.08468557894229889	0.5208307111390812																																						
C8orf76	115	0.10242299910973293	0.0986177995800972	0.6908747640025173																																						
C8orf82	232	0.08016440499796834	0.07041426748037338	0.24644430459408434																																						
SPOUT1	73	0.05131729192917665	0.2055085003376007	0.9701699181875393																																						
ACTR2	498	0.08331183338444292	0.048939693719148636	0.007426054122089364																																						
PAXX	343	0.10715740353921707	0.05698147416114807	0.04065449968533669																																						
C9orf16	561	0.10449293109442853	0.05228668823838234	0.013971050975456261																																						
C9orf40	144	0.18018399041090394	0.08630228042602539	0.5431088735053493																																						
C9orf64	188	0.18274028060077174	0.07784921675920486	0.4017621145374449																																						
TMEM250	173	0.045518223647976405	0.08129063248634338	0.46532410320956574																																						
C9orf78	424	0.2226355280337661	0.05036772042512894	0.009691629955947136																																						
C9orf85	243	0.12187290981448334	0.0675424262881279	0.18955317809943362																																						
CA11	376	0.463004057053656	0.05445795878767967	0.024921334172435493																																						
CA5A	482	0.0	0.046474553644657135	0.004657016991818754																																						
ACTR3B	117	0.2653416696143777	0.10129990428686142	0.7137822529893014																																						
CA8	238	0.08709433884113353	0.06744364649057388	0.18753933291378225																																						
CABIN1	276	0.2309325856192619	0.08634476363658905	0.5437382001258654																																						
CACNB3	547	0.3805913969744092	0.04496384039521217	0.00289490245437382																																						
CACUL1	228	0.1195066548068926	0.0716932937502861	0.27388294524858403																																						
ACTR3C	122	0.0	0.08864256739616394	0.5783511642542479																																						
CACYBP	246	0.15587061168584376	0.06400516629219055	0.12397734424166142																																						
CADM4	845	0.16264549471164172	0.03443877771496773	0.0005034612964128383																																						
CAD	58	0.2462236560958859	0.21763920783996582	0.9755821271239773																																						
CALB1	159	0.0	0.08269697427749634	0.4889867841409692																																						
CALCOCO1	50	0.0	0.13925275206565857	0.901447451227187																																						
CALCOCO2	301	0.06295751312149575	0.05830224230885506	0.05110132158590308																																						
CALM1	317	0.1980111640196614	0.05809821933507919	0.04971680302076778	Calcium;NPAS4						1.588794															0.03619252																
CALM2	212	0.3050587826408213	0.07779649645090103	0.40050346129641284	NPAS4																					0.16515712																
CALM3	74	0.186175805969764	0.11482083797454834	0.8074260541220893	NPAS4																					1.0835347																
ACTR3	261	0.2614062704648778	0.07295618206262589	0.30018879798615483																																						
CALML4	213	0.4358342340600245	0.06794960051774979	0.19773442416614223																																						
CALR	190	0.13406502508438256	0.10366588830947876	0.7353052234109503	UPR-ATF6																														58.44667							
CALU	163	0.21027175399902387	0.07949621975421906	0.4331025802391441																																						
CAMK1	253	0.06870084366490642	0.06887449324131012	0.21535556954059157																																						
CAMK2G	254	0.16646663569509862	0.0666075274348259	0.17092511013215858																																						
CAMKMT	298	0.11211313598527048	0.0626666247844696	0.10383889238514789																																						
CAMLG	155	0.14624456895476942	0.11892953515052795	0.8281938325991189																																						
CAMSAP1	133	0.29631652995805624	0.09910397231578827	0.6940213971050976																																						
CAMTA1	173	0.11358636855466495	0.08102317154407501	0.46079295154185024																																						
CAND1	59	0.0157817031919587	0.16236859560012817	0.9397105097545626																																						
CANT1	62	0.14804390057516018	0.12772834300994873	0.8664568911264946																																						
CAP1	69	0.17284541238516848	0.13140109181404114	0.8784140969162996																																						
CAPN10	241	0.07230418499325073	0.06832052767276764	0.20541220893643802																																						
CAPN15	86	0.06887072107849572	0.11073277145624161	0.7845185651353053																																						
ACTR6	184	0.0792103102047594	0.14635378122329712	0.9146633102580239																																						
CAPN2	148	0.07282162924031406	0.08723388612270355	0.5592196349905602																																						
CAPN7	267	0.156584500629997	0.06278334558010101	0.10572687224669604																																						
CAPNS1	235	0.07507353485604605	0.06819206476211548	0.20176211453744494																																						
CAPZA1	226	0.06297330569910116	0.06946349143981934	0.22806796727501574																																						
CAPZA2	88	0.19242354895260652	0.1079937070608139	0.7661422278162366																																						
CAPZB	65	0.2679655221135892	0.1620643436908722	0.939332913782253																																						
CARD11	282	0.0843752865829953	0.06802686303853989	0.1989930774071743																																						
ACTR8	408	0.047419853985851364	0.12668123841285706	0.8614222781623663																																						
CARD9	136	0.3149872309638251	0.09041813760995865	0.6011327879169289																																						
CARHSP1	86	0.17488049316987822	0.10535307228565216	0.7478917558212712																																						
NAXD	176	0.19874075244751765	0.0773739293217659	0.39282567652611705																																						
CARM1	156	0.13949311967960648	0.1136496290564537	0.8001258653241032																																						
CARS2	197	0.18327901375393105	0.0857996866106987	0.536941472624292																																						
CASC3	244	0.08713206806615956	0.24404385685920715	0.9852737570799245																																						
CASC4	53	0.2486464719046244	0.1413477063179016	0.9058527375707992																																						
ACVR1B	212	0.1090544155531968	0.07090960443019867	0.2577721837633732																																						
CASP10	63	0.21646293279418066	0.1234208270907402	0.8479546884833229																																						
CASP2	156	0.10963536223828184	0.07944556325674057	0.43209565764631847																																						
CASP3	234	0.10975271228892	0.07859805226325989	0.4157331655129012																																						
CASP6	372	0.12794620220622846	0.05872245505452156	0.05475141598489616																																						
CASP7	308	0.0	0.05782897770404816	0.04682190056639396																																						
CASP8AP2	211	0.2776293653684632	0.1889607459306717	0.9608558842039018																																						
CASP9	71	0.0	0.12862849235534668	0.8699811202013845																																						
ACVR2B	115	0.10281416526972427	0.09837672859430313	0.6887350534927628																																						
CASS4	185	0.0	0.07434923201799393	0.32976714915040906																																						
CASZ1	146	0.0	0.08376282453536987	0.508747640025173																																						
CAT	185	0.02874366914336245	0.08006072044372559	0.4422907488986784																																						
CAV2	283	0.0	0.059178244322538376	0.0592825676526117																																						
CBFA2T2	120	0.10769179836179722	0.09082117676734924	0.6062932662051604																																						
CBFA2T3	186	0.3041906309033885	0.13111253082752228	0.8774071743234739																																						
ACY1	70	0.06460564585260811	0.12378963083028793	0.8494650723725614																																						
CBLL1	236	0.2475285487958572	0.11525514721870422	0.8093140339836375																																						
CBLN1	352	0.0	0.0645422413945198	0.13442416614222782																																						
CBL	206	0.1601225867947971	0.09176167100667953	0.619257394587791																																						
CBR1	216	0.0	0.06914489716291428	0.22026431718061673																																						
CBR4	206	0.06278387735984467	0.07235798239707947	0.2879798615481435																																						
CBS	229	0.08050702060358059	0.0676545575261116	0.19244808055380744																																						
CBX1	309	0.05971251923717316	0.06404776126146317	0.12473253618628068																																						
CBX2	188	0.2359967345847219	0.07772517204284668	0.3998741346758968																																						
CBX4	285	0.465224006387472	0.059896938502788544	0.06847073631214601																																						
CBX6	102	0.14067765015751482	0.1072874516248703	0.7606041535556954																																						
CBX8	159	0.13064872811704314	0.08212556689977646	0.4806796727501573																																						
CBY1	294	0.06317929555057031	0.05981874838471413	0.06771554436752675	Wnt																																	1.9998548				
CC2D1A	220	0.16125706640364978	0.06964752078056335	0.23259911894273128																																						
CC2D1B	223	0.09557743722216933	0.06797904521226883	0.19836375078665827																																						
CCAR1	167	0.10516534970818572	0.10834790021181107	0.7682819383259912																																						
CCAR2	392	0.1372697652959148	0.05452011898159981	0.025298930144745123																																						
KYAT3	306	0.06693333314612758	0.060273487120866776	0.0736312146003776																																						
CCDC106	366	0.10075314994203168	0.05458299443125725	0.02555066079295154																																						
CCDC107	203	0.22797372779358965	0.07305970042943954	0.30283196979232224																																						
MCUB	256	0.13972442120939813	0.06568009406328201	0.1553178099433606																																						
CCDC112	91	0.0	0.1183580607175827	0.8259282567652612																																						
CCDC115	346	0.04645930122659198	0.07274367660284042	0.2955317809943361																																						
CCDC116	167	0.0	0.0821390375494957	0.48118313404657015																																						
CCDC117	186	0.20915601607718493	0.07754001021385193	0.3962240402769037																																						
ACYP2	85	0.4838341749514882	0.11098380386829376	0.7855254877281309																																						
CCDC125	215	0.1595008640268869	0.10276487469673157	0.7278791692888609																																						
CCDC127	83	0.04626851486522752	0.12196679413318634	0.8417872876022656																																						
CCDC130	198	0.3923347633479842	0.08683077991008759	0.5515418502202644																																						
CCDC136	290	0.12548880270895654	0.059500087052583694	0.06393958464443046																																						
CCDC137	280	0.09139687835515108	0.07050195336341858	0.24845814977973568																																						
CCDC138	287	0.054022816455369486	0.059295523911714554	0.06117054751415985																																						
CCDC142	204	0.23826382390003886	0.07185505330562592	0.2774071743234739																																						
ADAL	119	0.10235337038850234	0.10287103801965714	0.7295154185022027																																						
CCDC144A	294	0.0	0.06074793264269829	0.07879169288860918																																						
CCDC144NL	84	0.0	0.11128630489110947	0.7870358716173694																																						
CCDC14	185	0.11180375561806608	0.07661782950162888	0.37747010698552547																																						
CCDC150	168	0.1416869160968221	0.08219517767429352	0.4818124606670862																																						
CCDC167	155	0.07361671360949107	0.08244321495294571	0.48483322844556326																																						
CCDC169	218	0.08841811602119916	0.07123614102602005	0.26519823788546254																																						
CCDC174	98	0.11731851223479485	0.15487350523471832	0.9306482064191315																																						
CCDC18	154	0.034386904732912345	0.08396080136299133	0.5113908118313405																																						
CCDC22	124	0.38890987541901295	0.10190945118665695	0.7209565764631843																																						
CCDC25	158	0.08605151538057389	0.08399873971939087	0.5120201384518566																																						
CCDC28A	296	0.036860237555961975	0.06071598082780838	0.07791063561988672																																						
CCDC28B	199	0.06409298465645638	0.07745448499917984	0.3947136563876652																																						
CCDC34	136	0.03765951815381235	0.14633311331272125	0.9145374449339208																																						
CCDC43	79	0.05956669441179066	0.11603598296642303	0.8134675896790434																																						
CCDC47	173	0.30060765992845845	0.0784081369638443	0.41258653241032095																																						
CCDC50	168	0.044128292693812805	0.0884331464767456	0.5754562617998741																																						
CCDC51	171	0.1102869499797902	0.08105029165744781	0.4610446821900566																																						
WASHC3	229	0.2615483521530075	0.07420465350151062	0.3276274386406545																																						
CCDC58	73	0.23369919931065486	0.1244412213563919	0.8523599748269352																																						
CCDC59	186	0.2082726704904445	0.1265113204717636	0.8610446821900566																																						
CCDC61	208	0.042947300004685586	0.0714634507894516	0.2697293895531781																																						
CCDC66	205	0.22685920470305265	0.074544258415699	0.334550031466331																																						
CCDC6	252	0.1048996386333488	0.12607695162296295	0.8590308370044053																																						
CCDC71L	211	0.15496451845887238	0.07554464787244797	0.3563247325361863																																						
CCDC71	157	0.17961254528153098	0.08825898170471191	0.5726872246696035																																						
CCDC74A	237	0.0	0.06795809417963028	0.19786028949024545																																						
CCDC82	225	0.12135452532256205	0.06818313896656036	0.2015103838892385																																						
CCDC85B	137	0.1427577372566041	0.08928587287664413	0.5861548143486469																																						
ADAM15	117	0.33403440030131104	0.10249128937721252	0.7264946507237257																																						
CCDC85C	169	0.26169599361489665	0.0784846842288971	0.41371932032724984																																						
CCDC86	132	0.20024797953772105	0.20263418555259705	0.9690371302706104																																						
CCDC88A	163	0.10081356891117232	0.08306040614843369	0.4971680302076778																																						
CCDC88C	226	0.17620247024797964	0.06979193538427353	0.23499056010069225																																						
CCDC8	179	0.07540419479615862	0.07676936686038971	0.3799874134675897																																						
CCDC91	210	0.0658888530877073	0.07908985018730164	0.4247954688483323																																						
CCDC92	265	0.21417261444488772	0.06301094591617584	0.10899937067337949																																						
CCDC93	196	0.17328313595358666	0.08522984385490417	0.5286343612334802																																						
ADAM17	258	0.11900033189240387	0.062401242554187775	0.0999370673379484																																						
YJU2	139	0.2742307836591821	0.10554896295070648	0.7496538703587162																																						
CCDC97	116	0.07038886665446054	0.10128067433834076	0.7132787916928887																																						
CCDC9	182	0.12506518210947282	0.09955216199159622	0.6980490874764003																																						
CCHCR1	132	0.02370644616190896	0.08828127384185791	0.5731906859660164																																						
CCNA2	54	0.3260292364634882	0.1457880586385727	0.9140339836375079																																						
CCNB1IP1	183	0.10105358842472456	0.08247298747301102	0.48546255506607927																																						
CCNB1	445	0.11060836224325526	0.05218369513750076	0.013467589679043424																																						
CCNB2	65	0.1455164687397344	0.14203611016273499	0.9074889867841409																																						
CCNC	237	0.06658797673967028	0.11024483293294907	0.780742605412209																																						
ADAM9	214	0.2646368738059298	0.06907356530427933	0.2185022026431718																																						
CCND1	173	0.0	0.07509994506835938	0.3465072372561359	Cell Cycle;ER							1.3321935		1.8441097																												
CCND2	162	0.09901292940382628	0.08035732805728912	0.44833228445563245																																						
CCND3	138	0.16361292720418208	0.11051520705223083	0.7831340465701699																																						
CCNDBP1	62	0.1359100900206185	0.127882719039917	0.8669603524229075																																						
CCNE1	181	0.21344728626021434	0.0943465456366539	0.6471994965387036																																						
CCNE2	81	0.0	0.11047272384166718	0.7825047199496539																																						
CCNF	309	0.06957293317628459	0.08544743061065674	0.5322844556324733																																						
CCNG1	139	0.06408474999459839	0.10063430666923523	0.7069855254877281																																						
CCNH	96	0.09684207409097684	0.18993063271045685	0.961611076148521																																						
CCNI	69	0.04070025914902474	0.13154016435146332	0.8789175582127124																																						
CCNL1	427	0.19342948198503887	0.06204880401492119	0.09578351164254248																																						
CCNO	176	0.4048968921381258	0.08034494519233704	0.4478288231592196																																						
CCNT1	168	0.1976447414296976	0.08090190589427948	0.45852737570799246																																						
CCNT2	310	0.2792173375566166	0.06064159423112869	0.07715544367526746																																						
CCNY	329	0.4375979479726823	0.057170283049345016	0.042039018250471995																																						
ADAMTS3	135	0.11913999156784574	0.08511803299188614	0.527375707992448																																						
CCP110	66	0.11443939063216488	0.12328794598579407	0.8471994965387036																																						
CCPG1	302	0.11328872804201558	0.059967607259750366	0.06947765890497168																																						
CCR10	214	0.3090292803021357	0.06993336230516434	0.2381371932032725																																						
CCSAP	187	0.03899051495769832	0.07682085782289505	0.3814977973568282																																						
CCSER2	163	0.036827230742874896	0.08307260274887085	0.4974197608558842																																						
CCS	137	0.17424250427429253	0.08604112267494202	0.5400881057268723																																						
CCT2	60	0.3362639536417277	0.22955667972564697	0.9801132787916929																																						
CCT3	82	0.2604262191906212	0.17383596301078796	0.9499056010069226																																						
CCT4	115	0.2422169627230945	0.17427735030651093	0.9501573316551291																																						
CCT5	50	0.14428542147620474	0.2266443371772766	0.9794839521711768																																						
ADAMTSL4	101	0.18345982448017792	0.10204630345106125	0.7222152297042165																																						
CCT8	79	0.28205674431604905	0.170401930809021	0.9472624292007552																																						
CCZ1B	164	0.17763502684176133	0.0802541971206665	0.4459408432976715																																						
CCZ1	269	0.222023931393874	0.06645951420068741	0.16916299559471365																																						
CD151	232	0.14663455091633773	0.06673133373260498	0.17394587791063562																																						
CD164	295	0.1647375918628765	0.0601201169192791	0.07174323473882946																																						
CD276	183	0.08631390680682449	0.07512303441762924	0.3470106985525488																																						
CD2BP2	371	0.18192819268952676	0.06443803012371063	0.13127753303964756																																						
CD320	148	0.036857247700606326	0.08995112776756287	0.5950912523599748																																						
CD33	298	0.10859145204392594	0.06257439404726028	0.10258023914411579																																						
CD3D	200	0.0	0.0721621885895729	0.2834487098804279																																						
CD3EAP	119	0.012762907752528264	0.2000304013490677	0.9679043423536816																																						
CD46	88	0.14247843947889122	0.11153977364301682	0.788546255506608																																						
CD47	189	0.06595069681857096	0.0759120061993599	0.36249213341724357																																						
CD52	128	0.0	0.09831450134515762	0.6877281308999371																																						
CD53	99	0.046980842955309486	0.1047431156039238	0.7443675267463814																																						
CD55	284	0.07063900777751159	0.061056412756443024	0.08244178728760226																																						
CD58	220	0.0	0.07000012695789337	0.2395217117684078																																						
CD59	166	0.07463405876977668	0.0803387463092804	0.44770295783511643																																						
CD63	256	0.2377094630273473	0.06954316049814224	0.23096286972938956																																						
CD68	174	0.0	0.0774250254034996	0.39408432976714913																																						
CD69	122	0.0	0.09610145539045334	0.6665827564505978																																						
CD7	110	0.0	0.09312774240970612	0.6357457520453115																																						
CD81	171	0.174632859943763	0.08055391162633896	0.45198237885462555																																						
CD99	115	0.15847026547237705	0.11692103743553162	0.8185022026431719																																						
CD9	167	0.10896779948480256	0.07759605348110199	0.397608558842039																																						
CDADC1	177	0.2336865191276416	0.07534150779247284	0.35179358086847073																																						
CDAN1	167	0.30665671377456344	0.10745055973529816	0.7626179987413467																																						
CDC123	249	0.1506588560573305	0.08528130501508713	0.5296412838263058																																						
CDC14B	266	0.054589056785581465	0.07703594863414764	0.38565135305223414																																						
CDC16	80	0.3700487229202927	0.1315351128578186	0.8787916928886091																																						
ADAT1	192	0.05960030968287509	0.07892537117004395	0.4221522970421649																																						
CDC25A	215	0.3201867459810869	0.0714883953332901	0.27035871617369417																																						
CDC25B	112	0.0	0.139147087931633	0.9008181246066709																																						
CDC25C	143	0.15511537475596596	0.08452080935239792	0.5185651353052234																																						
CDC34	242	0.060264214600690265	0.07619024068117142	0.36928886091881685																																						
CDC40	58	0.3191111960886128	0.14039984345436096	0.9037130270610447																																						
ADAT2	175	0.069942323688276	0.07866770774126053	0.41749528005034614																																						
CDC42BPA	235	0.35848764880318146	0.06639225035905838	0.16677155443675268																																						
CDC42BPB	102	0.17469232852588262	0.10363838076591492	0.7349276274386407																																						
CDC42EP1	244	0.12848463349688166	0.06487637013196945	0.13996224040276903																																						
CDC42EP4	158	0.4579412593195579	0.0851856917142868	0.5277533039647577																																						
CDC42SE1	130	0.08241172196467858	0.09490405768156052	0.6538703587161737																																						
CDC42SE2	143	0.11473596602311738	0.09014539420604706	0.5979861548143487																																						
CDC42	124	0.2103490757216554	0.11054029315710068	0.7833857772183763																																						
CDC45	164	0.116682273341023	0.07964495569467545	0.4356198867212083																																						
CDC6	117	0.41238056618519897	0.10998718440532684	0.7788546255506608																																						
ADAT3	228	0.4587974617720129	0.09679561108350754	0.673882945248584																																						
CDC73	102	0.31972133045147594	0.14534133672714233	0.9132787916928886																																						
CDC7	235	0.1438935620770343	0.07645536959171295	0.3744493392070485																																						
CDCA2	128	0.08079424233695054	0.09204267710447311	0.6226557583385777																																						
CDCA3	91	0.033639066772444264	0.11225174367427826	0.7921963499056011																																						
CDCA4	122	0.06714780842566652	0.10133553296327591	0.7140339836375079																																						
CDCA7L	101	0.03917274792050261	0.10158175975084305	0.7170547514159848																																						
CDCA7	250	0.17438826051904852	0.06354538351297379	0.11780994336060416																																						
CDIPT	470	0.10242230004490956	0.10155364871025085	0.7169288860918817																																						
CDK10	105	0.12518890033160784	0.11025551706552505	0.7809943360604154																																						
CDK11A	432	0.4497216320365163	0.05065855011343956	0.010069225928256766																																						
CDK12	58	0.3021277941625385	0.2105422466993332	0.9724354940213971																																						
CDK16	189	0.2723955523784809	0.07428540289402008	0.328508495909377																																						
CDK17	104	0.3980684667112877	0.10240037739276886	0.7256135934550031																																						
ADA	173	0.12434822559381467	0.07678183168172836	0.3803650094398993																																						
CDK2AP1	364	0.3660863430606143	0.05549271032214165	0.029830081812460666																																						
CDK2AP2	142	0.15113418895606912	0.09446412324905396	0.6479546884833228																																						
CDK2	235	0.06576713622667194	0.0782189592719078	0.4095657646318439																																						
CDK4	105	0.04859744044212423	0.1018703281879425	0.7203272498426684	Cell Cycle							0.7627717																														
CDK5RAP1	89	0.2979677381288374	0.10634387284517288	0.7550660792951542																																						
CDK5RAP2	113	0.013871285395835709	0.09792817384004593	0.6835745752045311																																						
CDK5RAP3	243	0.1101335764385065	0.0698876827955246	0.2368785399622404																																						
CDK5	204	0.08482437670102448	0.07947120815515518	0.4325991189427313																																						
ADCK2	309	0.03599795717889022	0.05731097236275673	0.04266834487098804																																						
CDK8	181	0.2026144431152222	0.07617676258087158	0.36865953429830084																																						
CDK9	337	0.2088780673085017	0.10006532073020935	0.7030837004405286																																						
CDKAL1	227	0.0884527314649283	0.0716966763138771	0.2740088105726872																																						
CDKL1	152	0.0	0.08501627296209335	0.5256135934550031																																						
CDKN1B	222	0.17011352562193424	0.07265502214431763	0.2935179358086847																																						
CDKN1C	153	0.07934133600871286	0.0902179703116417	0.5988672120830711																																						
CDKN2AIPNL	149	0.1041945345023786	0.09383703023195267	0.6416614222781624																																						
CDKN2AIP	235	0.1829568021199222	0.08175071328878403	0.4742605412208936																																						
COQ8A	687	0.18597620788095096	0.04033958911895752	0.0015103838892385148																																						
CDKN2D	239	0.13048261896476365	0.07002704590559006	0.24002517306482063																																						
CDKN3	100	0.035242012563454016	0.10727114975452423	0.7604782882315922																																						
CDPF1	393	0.10596660104281924	0.05297977849841118	0.016991818753933293																																						
CDR2	210	0.11662772156315496	0.07144185900688171	0.2692259282567653																																						
CDS2	73	0.07122949873272802	0.16332608461380005	0.9407174323473882																																						
CDV3	65	0.3234852004189879	0.11935461312532425	0.8307111390811831																																						
COQ8B	241	0.22131646743998248	0.06772879511117935	0.19383259911894274																																						
CDYL	117	0.22769153050823146	0.0976749137043953	0.6821900566393958																																						
CEBPA	89	0.0	0.10655464231967926	0.7563247325361863																																						
CEBPB	172	0.4891066553071796	0.09081432223320007	0.6061674008810573																																						
CEBPD	179	0.3717300520115179	0.07806451618671417	0.4065449968533669																																						
CEBPE	166	0.0	0.08167967200279236	0.47275015733165515																																						
CEBPG	57	0.0	0.23040014505386353	0.9806167400881057																																						
ADCK5	81	0.25063377297816586	0.12060296535491943	0.8358716173694147																																						
CEBPZ	85	0.3104477372066905	0.1909198760986328	0.9624921334172436																																						
HDHD5	124	0.0555434756693914	0.09094297140836716	0.6079295154185022																																						
CELF1	210	0.11804413233201895	0.07478079199790955	0.3394587791063562																																						
CELF2	217	0.2928595929281056	0.0711810365319252	0.26406544996853365																																						
CENPA	65	0.11252691432781496	0.1328791379928589	0.8835745752045312																																						
CENPBD1	62	0.0	0.13003066182136536	0.8736312146003776																																						
CENPB	228	0.116439876471137	0.06760623306035995	0.19144115796098174																																						
CENPC	99	0.2142031472479663	0.1613604575395584	0.9385777218376338																																						
CENPE	118	0.15443173924439207	0.11936253309249878	0.8308370044052863																																						
ADCY3	262	0.0	0.06418962776660919	0.12724984266834488																																						
CENPF	184	0.1051948946862269	0.08254192024469376	0.4867212083071114																																						
CENPH	172	0.07573876081955384	0.08868258446455002	0.5788546255506608																																						
CENPJ	154	0.2773122335459999	0.13207481801509857	0.8811831340465701																																						
CENPK	73	0.16678950750613106	0.17306387424468994	0.9491504090623033																																						
CENPL	193	0.33926741864154897	0.07682264596223831	0.3816236626809314																																						
CENPM	58	0.4862074028171815	0.23675104975700378	0.9828823159219635																																						
CENPN	223	0.27831318847824743	0.0847182422876358	0.5214600377595973																																						
CENPO	197	0.1263062792616833	0.07180428504943848	0.2757709251101322																																						
CENPP	116	0.23436505073186426	0.1493159681558609	0.9205789804908747																																						
ADCY7	60	0.15451172029650306	0.12989428639411926	0.8732536186280679																																						
CENPQ	170	0.07903466478779919	0.07770180702209473	0.39924480805538076																																						
CENPT	92	0.27589412056921025	0.12953919172286987	0.8721208307111391																																						
CENPV	296	0.19498548685257824	0.0610516183078289	0.08231592196349906																																						
CENPW	92	0.10184347256419933	0.1236967220902443	0.8489616110761485																																						
CEP104	231	0.18150893244681254	0.06702981144189835	0.17948395217117685																																						
CEP120	218	0.0	0.07149386405944824	0.27048458149779736																																						
CEP135	52	0.09459357348524287	0.16242751479148865	0.9398363750786658																																						
CEP152	289	0.15190128841476525	0.07722672820091248	0.3896790434235368																																						
CEP164	195	0.11177451742838747	0.07397289574146271	0.3224669603524229																																						
CEP170	165	0.3693678360354543	0.08339735120534897	0.5032095657646318																																						
ADD1	280	0.4721520865372057	0.06316915154457092	0.11126494650723726																																						
AASDHPPT	177	0.21351023434767066	0.07964503765106201	0.4357457520453115																																						
CEP192	129	0.30363027878666465	0.09949669986963272	0.6976714915040906																																						
CEP19	157	0.06589559073921131	0.07939199358224869	0.43108873505349277																																						
CEP250	174	0.10159023366166037	0.07733248174190521	0.3920704845814978																																						
CEP290	151	0.13785790245135515	0.08213018625974655	0.48105726872246696																																						
CEP350	115	0.1912421710558352	0.126034677028656	0.8587791063561989																																						
CEP44	202	0.12000870805883215	0.07546664029359818	0.35443675267463814																																						
CEP55	54	0.0	0.13892334699630737	0.8998112020138452																																						
CEP57L1	244	0.1914601160077858	0.06704435497522354	0.18023914411579608																																						
CEP57	107	0.3104878742300705	0.10095357149839401	0.7100062932662051																																						
CEP63	60	0.06569639544694443	0.15152284502983093	0.9247325361862807																																						
ADD2	210	0.351815303656117	0.07298650592565536	0.3013215859030837																																						
CEP68	128	0.14060866238937958	0.09152276813983917	0.6153555695405916																																						
CEP70	314	0.16378821084102066	0.056612562388181686	0.03738200125865324																																						
CEP72	114	0.2802738808494294	0.09865064173936844	0.6911264946507237																																						
CEP76	261	0.03398179993271388	0.06655263155698776	0.17016991818753932																																						
CEP78	71	0.0	0.1157134398818016	0.811453744493392																																						
CEP85L	261	0.42740500061317416	0.06614253669977188	0.163373190685966																																						
CEP85	274	0.07333504397212566	0.06781895458698273	0.19534298300818126																																						
CEP89	212	0.12676840115493046	0.07122109830379486	0.2645689112649465																																						
CEP95	127	0.3194762364785206	0.09463934600353241	0.6508495909376967																																						
CEP97	332	0.2853912082373328	0.058064691722393036	0.04946507237256136																																						
ADD3	207	0.3503550423059178	0.07266610860824585	0.2938955317809943																																						
CEPT1	150	0.18462601151729727	0.09496793895959854	0.654625550660793																																						
CERK	209	0.302693620837579	0.08611658215522766	0.5409691629955947																																						
CERS2	162	0.4737499357274162	0.08090870827436447	0.4589049716803021																																						
CERS4	309	0.1185551098535618	0.057685352861881256	0.045940843297671494																																						
CERS6	262	0.15797963000322932	0.08541588485240936	0.5317809943360604																																						
CES2	82	0.3618400409119265	0.11219870299100876	0.7916928886091882																																						
CETN2	134	0.1576146345434604	0.09326581656932831	0.6373820012586532																																						
ADH5	171	0.050512455477241376	0.0820065438747406	0.478665827564506																																						
CETN3	121	0.14964517862064022	0.09330883622169495	0.6377595972309629																																						
CFDP1	177	0.07728705956499282	0.12308968603610992	0.8466960352422908																																						
CFL2	127	0.20556894669152095	0.09815403074026108	0.6862177470106986																																						
ADI1	100	0.10624466978808517	0.10445521771907806	0.7424795468848332																																						
CGGBP1	234	0.4015704259269686	0.06755322217941284	0.19005663939584644																																						
CHAC1	205	0.2258397514093979	0.07203067094087601	0.2815607300188798																																						
CHAC2	175	0.037373936850395584	0.08342622965574265	0.5040906230333543																																						
CHAF1B	86	0.17359717860935436	0.3556984066963196	0.996979232221523																																						
CHAMP1	212	0.159474665506913	0.07881775498390198	0.4198867212083071																																						
CHCHD10	320	0.09440928727656084	0.05839226394891739	0.051982378854625554																																						
CHCHD1	169	0.16193218135200846	0.08820682764053345	0.5720578980490875																																						
CHCHD2	163	0.1919115097180879	0.08136219531297684	0.46645689112649463																																						
ADIPOR1	143	0.08719220168121038	0.08437159657478333	0.5169288860918817																																						
CHCHD3	85	0.08209186265655484	0.14164304733276367	0.9064820641913153																																						
CHCHD4	138	0.1892909020549005	0.17076441645622253	0.9476400251730648																																						
CHCHD5	271	0.055459743348031	0.06070147827267647	0.07753303964757709																																						
CHCHD6	195	0.062318480986231585	0.07414031773805618	0.32599118942731276																																						
CHCHD7	189	0.3379582328610236	0.07678306102752686	0.3804908747640025																																						
CHD1L	188	0.19667531386492024	0.07406342029571533	0.3241032095657646																																						
CHD3	174	0.1415270886998418	0.07600989192724228	0.365135305223411																																						
ADIPOR2	241	0.1519182178285834	0.06700116395950317	0.17847702957835115																																						
CHD4	89	0.28283708291875354	0.16823898255825043	0.9448709880427942																																						
CHD6	185	0.20255736446266925	0.0839487686753273	0.5110132158590308																																						
CHD8	134	0.4897605048354339	0.10427135229110718	0.7405915670232851																																						
CHDH	165	0.09352950690599712	0.07800916582345963	0.40578980490874766																																						
CHEK2	94	0.3104745888092527	0.11530278623104095	0.8096916299559471	p53																																					1.300977
ADK	143	0.1567433319648115	0.0875622108578682	0.5641283826305853																																						
CHERP	116	0.3572669890265251	0.16075702011585236	0.9380742605412209																																						
CHFR	90	0.0	0.10790490359067917	0.765764631843927																																						
CHI3L2	156	0.08922898895874849	0.09051291644573212	0.6025173064820641																																						
CHIC2	67	0.3234611833184197	0.13921740651130676	0.9011957205789805																																						
CHID1	195	0.13134031195504073	0.07923153787851334	0.42844556324732536																																						
CHKA	277	0.17393605633568704	0.06356090307235718	0.11818753933291379																																						
CHKB	197	0.4301977965480828	0.10524351894855499	0.7472624292007551																																						
CHMP1A	151	0.387242253770604	0.09893490374088287	0.6926368785399623																																						
CHMP1B	134	0.05545121739248392	0.08973859995603561	0.5924480805538074																																						
CHMP2A	75	0.32259030260545857	0.14885391294956207	0.9198237885462555																																						
CHMP2B	258	0.41680612308633774	0.06889583170413971	0.2157331655129012																																						
CHMP3	51	0.3377139573939807	0.2634221017360687	0.9906859660163625																																						
CHMP4A	126	0.022204660601073303	0.09853598475456238	0.6904971680302077																																						
CHMP4B	224	0.2101853696796612	0.06980156153440475	0.23511642542479547																																						
CHMP5	213	0.3159675799054339	0.07000597566366196	0.239647577092511																																						
CHMP6	207	0.044423330495311934	0.45593467354774475	0.9986154814348647																																						
CHMP7	459	0.08902240949830409	0.0524781160056591	0.01472624292007552																																						
ADNP2	87	0.04331329309206365	0.15552625060081482	0.931529263687854																																						
CHM	207	0.1351339867111986	0.07286050915718079	0.2975456261799874																																						
CHORDC1	552	0.1058566139359731	0.06484320014715195	0.1394587791063562																																						
CHP1	157	0.1116534821620002	0.08317497372627258	0.4986784140969163																																						
CHPF2	278	0.17444160815201867	0.06055106967687607	0.07627438640654499																																						
CHPT1	209	0.3518865041472264	0.07512511312961578	0.3472624292007552																																						
CHRAC1	126	0.19242793075853007	0.09497567266225815	0.6547514159848962																																						
CHRNA5	272	0.045064421262213814	0.06351909041404724	0.1170547514159849																																						
CHST10	213	0.08595532005672585	0.07160171121358871	0.27224669603524226																																						
ADNP	156	0.18981717587579508	0.1066049113869667	0.7568281938325991																																						
AASDH	85	0.12659543314464078	0.12271730601787567	0.8453115166771554																																						
CHST12	210	0.16143819938698198	0.08315367996692657	0.49817495280050345																																						
CHST2	166	0.1676282047904657	0.0807710736989975	0.455254877281309																																						
CHSY1	207	0.38739575268656057	0.07170911878347397	0.27438640654499685																																						
CHTF18	235	0.16272883498838034	0.07004854083061218	0.2406544996853367																																						
CHTOP	271	0.2571514572091862	0.06570765376091003	0.15582127123977343																																						
CHUK	181	0.07007795194131257	0.08177924901247025	0.4748898678414097																																						
CHURC1	304	0.06593172369867313	0.056892622262239456	0.039521711768407804																																						
CIAO1	621	0.22231754688231112	0.05641236901283264	0.03473882945248584																																						
ADORA2B	174	0.2757224187617004	0.08014018833637238	0.44392699811202013																																						
CIAPIN1	211	0.06976631518953033	0.21910907328128815	0.9762114537444934																																						
CIB1	100	0.15254321985952365	0.10094857215881348	0.7097545626179987																																						
CIB2	111	0.23352607246197346	0.10158303380012512	0.7171806167400882																																						
CINP	102	0.1236110036395112	0.17615926265716553	0.951919446192574																																						
CIR1	137	0.0718729120203111	0.09252380579710007	0.6280679672750157																																						
CIRBP	178	0.14996077604588512	0.08011992275714874	0.44329767149150406																																						
CISD1	195	0.07542109409334867	0.07625827193260193	0.3710509754562618																																						
CISD2	260	0.1735168216556232	0.06433188915252686	0.12989301447451226																																						
CISD3	178	0.1718717201299171	0.07814452052116394	0.407803650094399																																						
ADO	150	0.3506575294327753	0.11221101135015488	0.7918187539332914																																						
CISH	222	0.04194184418574471	0.0718921571969986	0.27828823159219634	JAK-STAT																0.85933965																					
CITED1	95	0.19540458789493406	0.1055741235613823	0.7500314663310258																																						
CIZ1	262	0.12275141022116805	0.07346965372562408	0.3125235997482694																																						
CKAP2L	163	0.03316125944579503	0.08373777568340302	0.5086217747010698																																						
CKAP2	194	0.0940267171866614	0.08125418424606323	0.4648206419131529																																						
ADPGK	93	0.4884336756642779	0.13398151099681854	0.8867212083071114																																						
CKB	136	0.18388104015898846	0.09664367139339447	0.6723725613593455																																						
CKLF	185	0.006844516249253675	0.07551185041666031	0.3553178099433606																																						
CKS2	219	0.12565827357008072	0.07409156113862991	0.3247325361862807																																						
CLASP2	302	0.3106306578728689	0.06253251433372498	0.10207677784770296																																						
CLASRP	235	0.2514431266794328	0.08292660117149353	0.49414726242920076																																						
CLCA1	109	0.11260007218188725	0.10441432148218155	0.7421019509125236																																						
CLCC1	131	0.05924333000374706	0.09429407864809036	0.6466960352422908																																						
CLCN2	175	0.0	0.08031655102968216	0.4471994965387036																																						
ADPRHL2	151	0.2513367574722146	0.08522917330265045	0.528508495909377																																						
CLCN3	236	0.3802282389275318	0.07088527083396912	0.25739458779106356																																						
CLCN6	236	0.12469586315601147	0.11925195157527924	0.8304594084329767																																						
CLCN7	203	0.055647613451057266	0.07618997991085052	0.36916299559471366																																						
CLDN6	101	0.12203497082027287	0.10027872025966644	0.7045940843297671																																						
CLDN7	132	0.0	0.0895356833934784	0.5899307740717432																																						
CLDND1	243	0.10609862552183548	0.0702877938747406	0.24405286343612334																																						
CLEC11A	220	0.2523446383809266	0.07058364897966385	0.25059786028949027																																						
CLEC16A	235	0.3747854073050217	0.0656600147485733	0.15506607929515417																																						
CLEC2B	57	0.2430312600732577	0.1380147784948349	0.8970421648835746																																						
GRK2	230	0.3520830830755765	0.06576769798994064	0.1568281938325991																																						
CLEC2D	58	0.0	0.13668030500411987	0.8937696664568912																																						
CLIC2	140	0.0	0.08899377286434174	0.5825047199496539																																						
CLINT1	373	0.17886088297505864	0.054887693375349045	0.02693517935808685																																						
CLIP1	80	0.1443077319270473	0.11005384474992752	0.7792322215229704																																						
CLK1	227	0.27631543396884034	0.06877241283655167	0.213215859030837																																						
CLK2	248	0.2459442523129225	0.06922516226768494	0.2222781623662681																																						
CLK3	183	0.2596872491117888	0.10351481288671494	0.734550031466331																																						
CLK4	284	0.1245440623030446	0.06252653151750565	0.10182504719949653																																						
CLN3	237	0.11491254140284185	0.06837048381567001	0.2064191315292637																																						
CLN5	264	0.09489584970903656	0.06483667343854904	0.139332913782253																																						
CLN6	231	0.11943874377951487	0.06915981322526932	0.2208936438011328																																						
CLN8	196	0.11792013770838257	0.07447584718465805	0.3322844556324733																																						
CLNS1A	51	0.041343531012313584	0.2259351760149002	0.9791063561988672																																						
ADRM1	403	0.28548934279301563	0.06015393137931824	0.0723725613593455																																						
CLPB	229	0.07655256464088034	0.10159838199615479	0.7179358086847074																																						
CLPP	107	0.10524737781229672	0.10695802420377731	0.7588420390182504																																						
CLPTM1L	251	0.183269559903946	0.06327670067548752	0.11302706104468219																																						
CLPTM1	234	0.1902489826880421	0.06947135180234909	0.22844556324732537																																						
CLPX	150	0.08553166612423332	0.09121043235063553	0.6120830711139081																																						
CLSTN1	172	0.2311623113727296	0.07751882076263428	0.3959723096286973																																						
CLSTN3	212	0.13129171711928686	0.0695868507027626	0.2315921963499056																																						
ADSL	255	0.195115464942655	0.09726916998624802	0.678665827564506																																						
CLTA	235	0.07546000149665033	0.06467895209789276	0.13668974197608558																																						
CLTB	264	0.3559494216764282	0.06767288595438004	0.19282567652611707																																						
CLTC	174	0.3161145986063933	0.13169704377651215	0.8795468848332284																																						
CLUAP1	103	0.052625083404397865	0.0973481833934784	0.6794210195091253																																						
CLUH	244	0.16943724909657915	0.08120684325695038	0.46406544996853366																																						
CMAS	85	0.0	0.12435923516750336	0.8518565135305224																																						
CMBL	210	0.046577894786362435	0.07305986434221268	0.30295783511642543																																						
ADSS	87	0.14522438051496034	0.138614684343338	0.8986784140969163																																						
CMC1	236	0.105851379071798	0.06597008556127548	0.15972309628697293																																						
CMC2	200	0.16664382427922814	0.07800750434398651	0.4056639395846444																																						
CMC4	280	0.30295911849926305	0.08539026975631714	0.5314033983637508																																						
CMPK1	518	0.12027551989790658	0.0468464121222496	0.005034612964128383																																						
CMPK2	247	0.11596371902409335	0.06563577055931091	0.15443675267463813																																						
CMSS1	224	0.10071759994947067	0.06926020979881287	0.22290748898678414																																						
CMTM3	240	0.0899732687983774	0.07728347182273865	0.39106356198867215																																						
CMTM4	178	0.18091876106531646	0.07986422628164291	0.4395217117684078																																						
CMTM6	245	0.1503641540558143	0.06371360272169113	0.12057898049087476																																						
ADTRP	141	0.0	0.0832912027835846	0.5008181246066709																																						
AATF	182	0.2336970076261655	0.22137105464935303	0.9772183763373191																																						
CMTM7	147	0.1425981386898542	0.08681123703718185	0.5510383889238515																																						
CMTR1	303	0.2414768456367211	0.25207391381263733	0.9871617369414726																																						
CMTR2	140	0.06603630926957403	0.1357918530702591	0.8915040906230334																																						
CNBP	191	0.13662532178926834	0.09060830622911453	0.6033983637507867																																						
CNEP1R1	190	0.0	0.0745391920208931	0.3344241661422278																																						
CNIH1	87	0.10554832361542316	0.10497420281171799	0.7449968533668975																																						
CNIH4	79	0.12453216590433062	0.14747019112110138	0.9169288860918817																																						
AEBP1	255	0.2050075342568168	0.06353084743022919	0.11743234738829453																																						
CNN1	266	0.37253638155049196	0.06234275922179222	0.09918187539332914																																						
CNN2	496	0.08324610975764618	0.046134352684020996	0.004027690371302706																																						
CNNM3	357	0.4141785004117857	0.05679457634687424	0.038892385147891756																																						
CNOT10	271	0.2246669166501444	0.08601727336645126	0.5395846444304594																																						
CNOT11	199	0.2147705403949512	0.10449842363595963	0.7429830081812461																																						
CNOT1	146	0.3252565264840532	0.18929541110992432	0.9613593455003147																																						
CNOT2	111	0.3971127084328329	0.14465570449829102	0.9123977344241662																																						
CNOT3	232	0.40580984559908456	0.17415393888950348	0.9500314663310258																																						
CNOT4	70	0.3693979880182636	0.14284278452396393	0.9095028319697923																																						
AEBP2	167	0.21464583490937905	0.08531675487756729	0.5302706104468219																																						
CNOT6L	106	0.3351321709349445	0.09733343124389648	0.6792951541850221																																						
CNOT6	238	0.4601806160797522	0.08951421082019806	0.5894273127753304																																						
CNOT7	165	0.44581982337844733	0.07961644232273102	0.4347388294524858																																						
CNOT8	243	0.13417444065488718	0.06629744917154312	0.165764631843927																																						
CNPPD1	179	0.26417639507350504	0.07684892416000366	0.3821271239773442																																						
CNPY2	154	0.17408418072920934	0.08352635055780411	0.5053492762743864																																						
CNPY3	312	0.12036118537410667	0.06433939188718796	0.13001887979861548																																						
CNP	165	0.1019779119018586	0.07974587380886078	0.4380113278791693																																						
CNST	249	0.4242276413130641	0.06784225255250931	0.1959723096286973																																						
AEN	321	0.09784221444119393	0.058624714612960815	0.0538703587161737																																						
CNTRL	346	0.4611868757787407	0.05361286178231239	0.01988672120830711																																						
CNTROB	336	0.08271099560585053	0.06476233154535294	0.1382001258653241																																						
COA1	63	0.14716746170876174	0.12731555104255676	0.8646947765890497																																						
COA3	86	0.04595005688684501	0.11331166326999664	0.7988672120830711																																						
COA4	176	0.0611271383229639	0.07834336906671524	0.4115796098174953																																						
COA5	406	0.0602923516549403	0.06927146762609482	0.22328508495909377																																						
COA6	57	0.13203707082695867	0.1298103630542755	0.8730018879798616																																						
COASY	457	0.08697688860118588	0.05138612538576126	0.011202013845185651																																						
COBL	561	0.1372763631005348	0.04543185234069824	0.003524229074889868																																						
COCH	225	0.07926704168860847	0.06803549826145172	0.19924480805538075																																						
COG1	66	0.4164149339969751	0.12619079649448395	0.8595342983008182																																						
COG2	285	0.12640586919259605	0.08501356840133667	0.5254877281309																																						
COG4	202	0.08320558803316333	0.08279836177825928	0.4908747640025173																																						
COG5	133	0.02761859330109862	0.093218594789505	0.6370044052863436																																						
COG6	300	0.12515244530843128	0.08179903030395508	0.4750157331655129																																						
COG7	94	0.2984238845053507	0.12399021536111832	0.8503461296412839																																						
COIL	148	0.04036471583768773	0.09060049057006836	0.6032724984266834																																						
COL2A1	121	0.032865088560853274	0.09665650874376297	0.6726242920075519																																						
CERT1	126	0.28911227338522305	0.08995351195335388	0.595217117684078																																						
COLEC11	237	0.0	0.0736723393201828	0.3179358086847074																																						
COLGALT2	269	0.09524027492168934	0.06262494623661041	0.10333543108873505																																						
COMMD10	205	0.0749444262293064	0.07993229478597641	0.44040276903713027																																						
COMMD1	241	0.01833417925350595	0.07259928435087204	0.29251101321585904																																						
COMMD2	165	0.0629356585058355	0.08434074372053146	0.516551290119572																																						
AFF4	154	0.14484168885510298	0.08460314571857452	0.5194461925739459																																						
COMMD3	350	0.1128419150263111	0.06312104314565659	0.110509754562618																																						
COMMD4	201	0.07736386610606609	0.0762086808681488	0.3695405915670233																																						
COMMD5	319	0.15961861742183964	0.06367121636867523	0.1198237885462555																																						
COMMD6	285	0.04929073852122175	0.06501923501491547	0.14273127753303966																																						
COMMD7	259	0.08175024723031127	0.06985609233379364	0.23612334801762114																																						
COMMD8	157	0.1411073988011296	0.08672894537448883	0.5502831969792322																																						
COMMD9	219	0.13852175935160754	0.07592393457889557	0.36274386406544995																																						
COMTD1	197	0.1191207453775027	0.09908120334148407	0.6938955317809944																																						
COMT	67	0.05448173660658601	0.13300277292728424	0.8843297671491505																																						
COPE	167	0.14815252232711132	0.10222701728343964	0.7235997482693518																																						
COPG2	274	0.018356030654084917	0.06507652252912521	0.1436123348017621																																						
COPRS	285	0.1885347718423725	0.0755777657032013	0.35707992448080556																																						
COPS2	67	0.1568447482910032	0.16934272646903992	0.9460037759597231																																						
COPS3	97	0.2082604739564216	0.14836764335632324	0.9188168659534298																																						
AFMID	88	0.17271583794787007	0.10636971890926361	0.7554436752674638																																						
COPS4	243	0.1264927389816954	0.15167035162448883	0.9251101321585903																																						
COPS5	142	0.13316102687849574	0.12698966264724731	0.8628067967275016																																						
COPS6	203	0.0865086507561017	0.137557715177536	0.8957835116425424																																						
COPS7A	148	0.09393523826119418	0.08584150671958923	0.5375707992448081																																						
COPS7B	115	0.09892431706003864	0.10876695811748505	0.7721837633731907																																						
COPS8	366	0.16522162366084922	0.09523098170757294	0.6580239144115796																																						
COQ10A	83	0.12551013454577184	0.11717663705348969	0.8200125865324103																																						
AFTPH	156	0.4109768113493165	0.08009952306747437	0.44279421019509124																																						
COQ10B	160	0.265516095102379	0.10500939190387726	0.7452485840151039																																						
COQ2	148	0.05059774098085396	0.09968587011098862	0.6989301447451227																																						
COQ4	335	0.13951044978018204	0.05906152352690697	0.05802391441157961																																						
COQ5	351	0.10465299419938673	0.05935538187623024	0.061925739458779105																																						
COQ6	138	0.0	0.10205572843551636	0.7223410950283197																																						
COQ7	164	0.3114509666514989	0.08331847190856934	0.5014474512271869																																						
COQ9	301	0.21983867220217607	0.06270287185907364	0.10434235368156072																																						
CORO1A	110	0.3869437279046081	0.10274485498666763	0.7277533039647577																																						
CORO1B	329	0.05605268971830147	0.05752052739262581	0.044933920704845816																																						
AGAP1	105	0.1878029498026464	0.10288364440202713	0.7297671491504091																																						
ABCA7	579	0.3423249265432289	0.04253711178898811	0.001762114537444934																																						
CORO1C	164	0.4262645867912272	0.08296603709459305	0.49528005034612965																																						
CORO2A	187	0.11124489502378808	0.07809881865978241	0.4066708621774701																																						
CORO7	345	0.12645148403032885	0.05779261142015457	0.04644430459408433																																						
COTL1	131	0.3688928202426897	0.13845255970954895	0.8984266834487099																																						
COX10	176	0.10281520973970663	0.09693799167871475	0.6753933291378226																																						
COX11	150	0.06459012943531497	0.12304802983999252	0.8461925739458779																																						
COX14	76	0.180880257313382	0.1293295919895172	0.8717432347388294																																						
COX15	162	0.08962195913080373	0.1635771095752716	0.9409691629955947																																						
COX16	56	0.09263097234336064	0.13767759501934052	0.8961611076148521																																						
AGAP3	90	0.2472893608849745	0.10375727713108063	0.7360604153555695																																						
COX17	288	0.08263554411032056	0.11224905401468277	0.7920704845814978																																						
COX18	187	0.25716263551202945	0.08294873684644699	0.49477658904971683																																						
COX20	382	0.18113509708791836	0.05914774164557457	0.05877910635619887																																						
COX4I1	145	0.1287248953511789	0.09041846543550491	0.6012586532410321																																						
COX5A	124	0.13000258787182584	0.11919485777616501	0.8297042164883575																																						
COX5B	249	0.11638624676352025	0.07748096436262131	0.39496538703587164																																						
COX6A1	187	0.22027649846210506	0.07399465143680573	0.3228445563247325																																						
COX6B1	308	0.19479717039009306	0.07395721971988678	0.3222152297042165																																						
COX6C	174	0.08773548091194985	0.10788083076477051	0.7653870358716174																																						
COX7A2L	227	0.1124997864478486	0.06729640811681747	0.18477029578351165																																						
COX7A2	151	0.11421287521115983	0.08084970712661743	0.4567652611705475																																						
COX7B	168	0.11723634394640367	0.10852868854999542	0.7697923222152298																																						
COX7C	225	0.20535034761675927	0.10124800354242325	0.7125235997482694																																						
COX8A	239	0.08702630122950587	0.06467124819755554	0.13656387665198239																																						
CPD	91	0.0	0.11130216717720032	0.7872876022655758																																						
CPEB1	144	0.10179001509406424	0.16154849529266357	0.938703587161737																																						
AGBL5	291	0.33759269437055883	0.06059432774782181	0.07690371302706105																																						
CPNE1	123	0.15058055695384168	0.13053666055202484	0.8752674638137193																																						
CPNE2	303	0.03998585567436537	0.059788499027490616	0.06696035242290749																																						
CPNE3	219	0.10383344639073153	0.07077488303184509	0.2548772813089994																																						
CPNE7	237	0.048511745677406126	0.0707000195980072	0.2526117054751416																																						
CPNE8	141	0.11163046978814947	0.08932986855506897	0.5866582756450598																																						
CPOX	218	0.06807487610749287	0.06946707516908646	0.22819383259911893																																						
CPPED1	119	0.18994811884507165	0.09390967339277267	0.6427942101950912																																						
CPQ	252	0.04944515012749126	0.06497141718864441	0.14147262429200755																																						
INTS11	71	0.2532712208039511	0.1716582179069519	0.9481434864694777																																						
CPSF3	451	0.18774473659798094	0.15290507674217224	0.9272498426683449																																						
CPSF4	78	0.31911083285695596	0.17323428392410278	0.9494021397105098																																						
CPSF6	89	0.09185247830070893	0.2929166257381439	0.9937067337948395																																						
CPSF7	211	0.2011812161962494	0.078854039311409	0.42076777847702956																																						
CPT1A	192	0.07005123796944189	0.08019343763589859	0.445059786028949	PPARα																									2.0264292												
CPT2	96	0.046739330784194816	0.10056956112384796	0.7066079295154185																																						
CPVL	137	0.02308068455248551	0.09141204506158829	0.6140969162995594																																						
AGFG1	243	0.17968278304306987	0.06565234810113907	0.15494021397105098																																						
CPXM1	88	0.0	0.10331790149211884	0.7335431088735054																																						
CR1L	105	0.2264337285505915	0.10226450115442276	0.7241032095657647																																						
CRADD	102	0.169150202449628	0.10129696130752563	0.7136563876651982																																						
CRAT	182	0.19239833011800767	0.08778049796819687	0.5670232850849591																																						
CRBN	178	0.0835004416305295	0.07882228493690491	0.42013845185651355																																						
CRCP	319	0.32864665647832586	0.059190839529037476	0.05953429830081813																																						
CREB1	198	0.2323913804926012	0.08417271077632904	0.5145374449339207	Circadian;cAMP/CREB								0.67363566																										0.60048646			
CREB3L1	145	0.0	0.08795090019702911	0.5694147262429201																																						
CREB3L2	203	0.0	0.07358906418085098	0.3157960981749528																																						
AGFG2	293	0.0	0.06061742827296257	0.07702957835116425																																						
CREB3L4	218	0.2709050972708064	0.07044485956430435	0.2473253618628068																																						
CREB3	125	0.16577401349184195	0.09122804552316666	0.6123348017621145																																						
CREB5	216	0.0	0.0767647847533226	0.37973568281938325																																						
CREBBP	147	0.4786797114666588	0.10117147117853165	0.7118942731277533																																						
CREBL2	322	0.0	0.06288452446460724	0.10711139081183134																																						
CREBZF	275	0.12245695578190688	0.06391432881355286	0.12284455632473254																																						
CREG1	277	0.053017042124082925	0.06402023881673813	0.12422907488986784																																						
CRELD1	258	0.035900001568277336	0.06325823813676834	0.11239773442416615																																						
AGGF1	189	0.0761033067102927	0.07250191271305084	0.2908747640025173																																						
CRELD2	142	0.21848352309189253	0.08426416665315628	0.5154185022026432																																						
CREM	100	0.3848253882211805	0.10410059243440628	0.7388294524858402	cAMP/CREB																																		6.9386883			
CRIPT	168	0.09588927414691922	0.09039948135614395	0.600629326620516																																						
CRKL	276	0.22874836085612485	0.06302040815353394	0.1092511013215859																																						
CRK	442	0.28311918228832794	0.0489005483686924	0.007174323473882945																																						
CRLF3	89	0.3443755745014073	0.1705978363752365	0.9473882945248584																																						
CRLS1	210	0.14788774615844227	0.07697264105081558	0.38451856513530525																																						
CRTAP	100	0.038906127113321226	0.09978940337896347	0.700314663310258																																						
AGK	90	0.055630057283268114	0.10835061222314835	0.7685336689741976																																						
CRTC2	250	0.2507212120536137	0.06974375993013382	0.23398363750786658																																						
CRTC3	188	0.10479323473125124	0.07298030704259872	0.3009439899307741																																						
CRX	255	0.0	0.06511009484529495	0.14436752674638137																																						
CRY1	330	0.02442766118901854	0.05805671215057373	0.04921334172435494	Circadian								15.19226																													
CRY2	305	0.12285083591877913	0.05847525969147682	0.05286343612334802	Circadian								0.47614256																													
CRYAB	179	0.1958542422405768	0.08122087270021439	0.4644430459408433																																						
CRYM	73	0.0	0.12231820076704025	0.8438011327879169																																						
CRYZL1	161	0.31429573831367685	0.0797661766409874	0.43838892385147893																																						
CRYZ	153	0.04511195905410487	0.08437664061784744	0.5170547514159849																																						
AGL	166	0.05543351699402162	0.08344245702028275	0.5043423536815608																																						
CSAD	128	0.4672886664221098	0.09094792604446411	0.6081812460667086																																						
CSAG1	106	0.14230122238572607	0.10140480846166611	0.7156702328508496																																						
CSDE1	124	0.11790590890856502	0.1309708207845688	0.8766519823788547																																						
CSE1L	139	0.216211184061963	0.3199193477630615	0.9959723096286973																																						
CSH2	241	0.0	0.06875508278608322	0.2130899937067338																																						
CSK	150	0.06170342311825529	0.0866679847240448	0.5492762743864066																																						
CSNK1A1	256	0.2394760537325829	0.09309165179729462	0.6349905601006922																																						
CSNK1D	324	0.2590963702080519	0.06074989587068558	0.07904342353681561	Circadian								0.9520875																													
CSNK1E	231	0.2707079024404581	0.07640323787927628	0.3738200125865324	Circadian								0.451164																													
CSNK1G1	252	0.2242369335516741	0.06441549211740494	0.13115166771554437																																						
CSNK1G2	270	0.3040358048212694	0.06379386782646179	0.12133417243549402																																						
CSNK1G3	265	0.20025230140284006	0.06429631263017654	0.12951541850220263																																						
CSNK2A1	153	0.0592229151405422	0.0994037538766861	0.6967904342353681																																						
CSNK2A2	257	0.15661061199262322	0.0845821350812912	0.5193203272498427																																						
CSNK2B	215	0.22535906836969544	0.14931127429008484	0.9204531151667715																																						
CSPP1	180	0.1356871332510564	0.08088939636945724	0.4578980490874764																																						
CSRNP1	216	0.11511763607424287	0.07574357092380524	0.35972309628697297																																						
CSRNP2	185	0.370925188954826	0.07666648924350739	0.378351164254248																																						
CSRNP3	109	0.0	0.10135264694690704	0.7145374449339207																																						
CSRP1	122	0.0	0.09987881779670715	0.7010698552548773																																						
CST3	195	0.05447504287109045	0.07223568856716156	0.2854625550660793																																						
CSTB	258	0.08324866026970658	0.06365266442298889	0.1196979232221523																																						
CSTF1	93	0.3829023132876057	0.1403845250606537	0.9035871617369414																																						
CSTF2T	160	0.11615390272312412	0.08482690900564194	0.5234738829452485																																						
CSTF2	167	0.08443093054144403	0.08857286721467972	0.5770925110132159																																						
CSTF3	109	0.33071952863296544	0.20898571610450745	0.9719320327249843																																						
CS	495	0.11706345084456453	0.053935784846544266	0.021522970421648836																																						
AGO3	188	0.1864364016134913	0.07706604897975922	0.38628067967275015																																						
CT45A5	350	0.0	0.0761849582195282	0.3689112649465072																																						
MIA2	96	0.058639250684733114	0.10140395909547806	0.7155443675267463																																						
CTBP1	218	0.2586363151154485	0.09298339486122131	0.6338577721837634																																						
CTBP2	260	0.23813986683130456	0.06706132739782333	0.18049087476400252																																						
CTBS	158	0.09743110968699266	0.08219944685697556	0.4819383259911894																																						
CTCFL	367	0.07217987744002502	0.05650771036744118	0.03624921334172435																																						
CTDNEP1	115	0.16479027008898234	0.0999712124466896	0.7024543738200126																																						
CTDP1	117	0.3483539025721436	0.15886510908603668	0.9353052234109502																																						
AGPAT1	167	0.017625755714540347	0.09253668785095215	0.6283196979232222																																						
CTDSP1	115	0.21390341863719745	0.0994907021522522	0.6975456261799874																																						
CTDSP2	100	0.0889286892924267	0.1031230092048645	0.731529263687854																																						
CTDSPL2	210	0.18071800342954425	0.08114149421453476	0.4628067967275016																																						
CTDSPL	277	0.0	0.06259004771709442	0.10283196979232222																																						
CTH	52	0.0	0.1392228752374649	0.9013215859030838																																						
CTNNAL1	201	0.04013733498943434	0.07617543637752533	0.3685336689741976																																						
CTNNBIP1	290	0.18951662765797567	0.061445776373147964	0.08709880427942102	Wnt																																	3.1802697				
CTNNBL1	79	0.07329852388824695	0.1639382690191269	0.9412208936438011																																						
CTNND1	97	0.08856349778293722	0.10420823097229004	0.739962240402769																																						
CTPS2	206	0.1656772867068473	0.08122577518224716	0.46469477658904973																																						
CTR9	95	0.4031434184758791	0.24683842062950134	0.9860289490245437																																						
CTSA	264	0.2061656731092702	0.06283189356327057	0.10623033354310887																																						
CTSB	215	0.12364674575269492	0.07461848855018616	0.33593455003146633																																						
CTSC	306	0.03294691513640288	0.060660220682621	0.07740717432347388																																						
CTSD	187	0.015203742701771187	0.07721908390522003	0.38955317809943363																																						
CTSF	141	0.0	0.08840875327587128	0.5749528005034613																																						
CTSH	155	0.27477934431910594	0.08795520663261414	0.5695405915670233																																						
AGPAT2	115	0.12545132479589952	0.09209521114826202	0.6234109502831969																																						
CTSL	158	0.29872581944584464	0.08264564722776413	0.48886091881686594																																						
CTSS	54	0.1626594932977029	0.13675332069396973	0.8942731277533039																																						
CTSV	231	0.0	0.07185839116573334	0.2775330396475771																																						
CTSZ	104	0.11290698624198532	0.10128200054168701	0.713530522341095																																						
CTTN	146	0.037127386581584716	0.09522446990013123	0.6578980490874764																																						
CTU1	177	0.11379411193397805	0.10617896914482117	0.7540591567023285																																						
CTU2	295	0.1378936861658867	0.07890794426202774	0.42164883574575207																																						
CTXN1	84	0.1184852310313384	0.10903961211442947	0.7734424166142227																																						
CUEDC2	136	0.17459623894939724	0.08787048608064651	0.5682819383259912																																						
AGPAT3	163	0.26788098619674866	0.08160717040300369	0.471491504090623																																						
CUL1	456	0.23909739896237955	0.07782493531703949	0.40100692259282567																																						
CUL2	95	0.17258326946817934	0.13985049724578857	0.9029578351164255	HIF												1.2517083																									
CUL3	268	0.3082143230051685	0.08157937973737717	0.470862177470107																																						
CUL4A	162	0.2659071005812696	0.08012843877077103	0.44380113278791694																																						
CUL4B	170	0.18108620302639936	0.08294761180877686	0.4946507237256136																																						
CUL5	191	0.08130320308634413	0.08320270478725433	0.49905601006922595																																						
CUL7	51	0.0	0.1791667342185974	0.9536815607300189																																						
CUTA	204	0.08059118172606412	0.0732017233967781	0.3063561988672121																																						
CUTC	80	0.4860796989948105	0.11507845669984818	0.8085588420390183																																						
CUX1	277	0.28214856139729344	0.06564543396234512	0.15481434864694776																																						
AGPAT4	207	0.10016588361525433	0.08768773823976517	0.5655129011957206																																						
CUX2	304	0.0	0.05928581580519676	0.06104468219005664																																						
CWC25	316	0.2458419634324201	0.06070447713136673	0.0776589049716803																																						
CWC27	200	0.2298163993415305	0.07274182140827179	0.29540591567023283																																						
CWF19L1	165	0.25176544406748996	0.0825188159942627	0.48621774701069853																																						
CWF19L2	125	0.22405927597157135	0.1548258662223816	0.9305223410950283																																						
CXCL2	161	0.0	0.07936153560876846	0.4302076777847703																																						
CXCL3	245	0.0	0.06824436038732529	0.20302076777847702																																						
CXXC1	184	0.2357660362108652	0.17819635570049286	0.9534298300818125																																						
AGPAT5	97	0.21418511776511567	0.0997597724199295	0.6998112020138452																																						
CXXC4	228	0.0	0.0696946382522583	0.2329767149150409																																						
CXorf38	83	0.1663526759164543	0.10949033498764038	0.776589049716803																																						
CXorf40A	97	0.0	0.1062825471162796	0.7548143486469477																																						
CXorf40B	290	0.0	0.05842931196093559	0.05223410950283197																																						
CXorf56	167	0.08336478344376574	0.08362817764282227	0.5067337948395217																																						
CYB561A3	247	0.12591044411296748	0.06268728524446487	0.10409062303335431																																						
CYB561D2	165	0.1139316602323086	0.09061403572559357	0.6035242290748899																																						
CYB561	182	0.07260391482907792	0.07549357414245605	0.35494021397105097																																						
CYB5A	259	0.08433954578668862	0.06510938704013824	0.14424166142227815																																						
AGPS	163	0.0851537883773832	0.08523015677928925	0.5287602265575834																																						
CYB5B	56	0.2033979492213903	0.14792802929878235	0.9178099433606042																																						
CYB5D2	216	0.4474749883784546	0.07146792113780975	0.2698552548772813																																						
CYB5R1	200	0.02552030561547001	0.07494385540485382	0.3433606041535557																																						
CYB5R2	124	0.17160905863149548	0.09901197999715805	0.6931403398363751																																						
CYB5R3	211	0.1264540737830222	0.07077717781066895	0.2551290119572058																																						
CYB5R4	253	0.08203335903476848	0.0674925222992897	0.18854625550660792																																						
CYB5RL	111	0.06848991540492104	0.10731041431427002	0.7608558842039018																																						
CYBA	144	0.09314069827668196	0.09133043885231018	0.6135934550031467																																						
CYBRD1	140	0.117342439168792	0.09456653892993927	0.6493392070484582																																						
CYC1	267	0.3497400874445167	0.07402204722166061	0.32309628697293896																																						
AGRN	126	0.0	0.20448176562786102	0.9696664568911265																																						
CYCS	220	0.10979763550216896	0.10647765547037125	0.7561988672120831																																						
CYFIP1	229	0.11372485060957616	0.06799829006195068	0.19861548143486468																																						
CYP20A1	197	0.11268708408650553	0.07349009811878204	0.3131529263687854																																						
CYP2R1	209	0.0	0.07268955558538437	0.29414726242920075																																						
CYP3A5	108	0.09325370373458093	0.0970885306596756	0.6771554436752675																																						
CYP4F11	279	0.0	0.06629002839326859	0.16551290119572057																																						
CYP51A1	157	0.08786233745123488	0.0827355682849884	0.48999370673379483																																						
CYS1	368	0.0	0.057948894798755646	0.048080553807426055																																						
CYSTM1	214	0.0671210248604629	0.07350412011146545	0.31378225298930146																																						
CYTH2	203	0.14933895967525154	0.07521271705627441	0.3496538703587162																																						
CYTH3	217	0.2010733357312469	0.08282461762428284	0.49162995594713654																																						
DAAM1	234	0.1266813705588217	0.07091060280799866	0.2578980490874764																																						
DAB2	95	0.0	0.10604148358106613	0.753178099433606																																						
DACH1	118	0.0	0.09481150656938553	0.6526117054751416																																						
AHCTF1	584	0.388494387908988	0.055382754653692245	0.02957835116425425																																						
DAD1	158	0.2699186221769613	0.1464391052722931	0.9147891755821271																																						
DAG1	113	0.0958241139935517	0.09828969836235046	0.6873505349276274																																						
DAP3	224	0.08067228814554424	0.10289991647005081	0.7298930144745123																																						
DAPK1	209	0.15793230354909465	0.06966721266508102	0.2327249842668345																																						
DAPK3	131	0.16760170109511746	0.09571688622236252	0.6631843926998112																																						
DAP	240	0.30294602814297106	0.0695011243224144	0.2290748898678414																																						
DARS2	58	0.12543356754403195	0.13744787871837616	0.8954059156702329																																						
AHCYL1	204	0.09375254455592573	0.08947937935590744	0.5885462555066079																																						
DARS	67	0.1917611416201054	0.18914693593978882	0.9611076148521083																																						
DAXX	148	0.11550238246498293	0.1179652065038681	0.8237885462555066																																						
DAZAP1	196	0.4445137565406696	0.08985038101673126	0.5937067337948395																																						
DAZAP2	100	0.4624367787665554	0.10004321485757828	0.7029578351164254																																						
DBF4B	158	0.022582301719922118	0.07885311543941498	0.42064191315292637																																						
DBF4	238	0.18076506713243687	0.07539670169353485	0.3529263687853996																																						
DBI	167	0.05944633843930178	0.080355703830719	0.44820641913152925																																						
DBN1	187	0.21934410387387	0.07955942302942276	0.43398363750786656																																						
DBNDD2	219	0.14014801340357338	0.07463712990283966	0.3365638766519824																																						
DBNL	160	0.3583196368088302	0.07957268506288528	0.4343612334801762																																						
DBP	79	0.3996256761809054	0.1258472204208374	0.8578980490874764	Circadian								0.105612755																													
DBR1	143	0.04471878535027217	0.2273164540529251	0.9796098174952801																																						
DBT	197	0.07168618047483387	0.07625681906938553	0.37092511013215856																																						
DCAF11	261	0.3227198957477824	0.07642271369695663	0.3739458779106356																																						
AHCY	198	0.12690890623929732	0.18033425509929657	0.954940213971051																																						
DCAF12	242	0.11229932770886436	0.07144343107938766	0.26947765890497166																																						
DCAF13	54	0.26690559241090195	0.19194814562797546	0.9638766519823788																																						
DCAF15	320	0.17914725276825896	0.059146542102098465	0.058653241032095654																																						
DCAF16	84	0.09255675668793978	0.11479692906141281	0.8073001887979862																																						
DCAF17	277	0.08150525327077662	0.06188416853547096	0.09314033983637508																																						
DCAF4L2	123	0.0	0.09762102365493774	0.6815607300188798																																						
DCAF4	154	0.25889372131608784	0.08502866327762604	0.5258653241032095																																						
DCAF5	336	0.2986982971886771	0.05800376832485199	0.04908747640025173																																						
DCAF6	420	0.30343054710597195	0.05422794073820114	0.02353681560730019																																						
DCAF7	162	0.1787500119698438	0.09525695443153381	0.6584015103838893																																						
AHDC1	170	0.2956588957960627	0.07648860663175583	0.37570799244808056																																						
DCAF8	157	0.12792271950314618	0.08304581046104431	0.49691629955947136																																						
DCAKD	239	0.2520804969224869	0.06459715962409973	0.13505349276274387																																						
DCBLD2	99	0.0	0.1054692491889	0.7487728130899937																																						
DCK	176	0.3892680769855781	0.0885407105088234	0.5767149150409062																																						
DCLRE1A	153	0.1190781321898216	0.08151399344205856	0.4693517935808685																																						
DCLRE1B	345	0.19829026436018388	0.05425048619508743	0.02378854625550661																																						
DCP1A	135	0.12884664519751146	0.09692934155464172	0.6752674638137193																																						
AHI1	120	0.20545953227378366	0.09677954763174057	0.6737570799244808																																						
DCP2	241	0.11287243767819947	0.09724319726228714	0.6784140969162996																																						
DCPS	139	0.19412807120958825	0.12011050432920456	0.8333543108873506																																						
DCTD	185	0.13781088141296946	0.07634149491786957	0.3721837633731907																																						
DCTN1	313	0.12482834912552912	0.06779798120260239	0.19496538703587163																																						
DCTN2	111	0.0778152029798127	0.13766366243362427	0.8960352422907489																																						
DCTN3	206	0.11159557490765766	0.09625273197889328	0.6679672750157332																																						
DCTN4	90	0.2422860376451452	0.14839160442352295	0.9190685966016362																																						
DCTN5	152	0.2036227880575409	0.11004354059696198	0.778980490874764																																						
DCTN6	121	0.29096161894125017	0.10522563010454178	0.747136563876652																																						
DCTPP1	342	0.10315329999654024	0.05742168426513672	0.044178728760226556																																						
AHNAK	324	0.26711018792493896	0.05734601244330406	0.04354940213971051																																						
DCUN1D1	225	0.15907993954273406	0.07394775748252869	0.32196349905601007																																						
DCUN1D2	71	0.1582710078143883	0.12433135509490967	0.8517306482064191																																						
DCUN1D4	244	0.06477512980862038	0.06681839376688004	0.17558212712397733																																						
DCUN1D5	144	0.2017521052998145	0.10141413658857346	0.715921963499056																																						
DDA1	402	0.11689052465742412	0.06327350437641144	0.11290119572057898																																						
DDAH2	66	0.23482892919467216	0.12554576992988586	0.8570169918187539																																						
DDB2	69	0.0	0.13101325929164886	0.876903713027061																																						
DDHD1	126	0.03597130311460281	0.1090724989771843	0.7738200125865324																																						
DDHD2	166	0.1454086977097426	0.08094609528779984	0.460037759597231																																						
DDI2	87	0.17582911080419686	0.13531477749347687	0.8910006293266205																																						
DDIT3	264	0.11804780028726733	0.06314219534397125	0.11088735053492763	ERK/MAPK;UPR-PERK										0.49910814																						3.4940493					
DDIT4	172	0.18598686578046014	0.07725655287504196	0.39018250471994964	mTOR																																				1.6708956	
DDN	583	0.0	0.04615255445241928	0.0042794210195091255																																						
DDOST	174	0.10408871913867196	0.14237739145755768	0.908118313404657																																						
DDR1	239	0.14303641086399166	0.0691126212477684	0.21925739458779106																																						
DDRGK1	136	0.046969514697152236	0.09596442431211472	0.6649465072372561																																						
AHRR	145	0.4056693100344635	0.08509939163923264	0.5269981120201385	AhR			2.2179995																																		
DDX10	126	0.16438826436789958	0.24354824423789978	0.9850220264317181																																						
DDX11	230	0.24458208123295935	0.07165522128343582	0.27312775330396477																																						
DDX17	254	0.0893792921317742	0.09390232712030411	0.642668344870988																																						
DDX18	69	0.4546542606605653	0.27292966842651367	0.9918187539332913																																						
DDX19A	213	0.12019426554516133	0.07048024237155914	0.24795468848332283																																						
DDX19B	364	0.12065612957944807	0.05795930698513985	0.04858401510383889																																						
DDX1	306	0.09656602613762716	0.06250143051147461	0.10169918187539333																																						
AHR	128	0.0	0.09499923884868622	0.655254877281309	AhR			0.12656055																																		
DDX20	108	0.14600436914647952	0.18436983227729797	0.958590308370044																																						
DDX21	136	0.1725153570500353	0.2051444947719574	0.9700440528634361																																						
DDX24	108	0.4245135094992732	0.20487283170223236	0.9697923222152297																																						
DDX28	297	0.2758406318313704	0.061043549329042435	0.08219005663939585																																						
DDX31	113	0.09533414625002257	0.09730159491300583	0.6787916928886092																																						
DDX39A	59	0.06254901286089964	0.14102578163146973	0.9052234109502832																																						
DDX39B	78	0.3919895362859176	0.15500935912132263	0.9310258023914412																																						
DDX3X	107	0.4440549285518223	0.11856257915496826	0.826431718061674																																						
AHSA1	73	0.24493864992697464	0.12085368484258652	0.836626809314034																																						
DDX49	111	0.28343321934814936	0.15008588135242462	0.9215859030837005																																						
DDX50	259	0.07474228865494949	0.06703703850507736	0.17973568281938326																																						
DDX51	150	0.1571146200908672	0.1934819519519806	0.965135305223411																																						
DDX52	144	0.20327290982423826	0.2423916459083557	0.9845185651353052																																						
DDX55	201	0.21102686094743628	0.11970485001802444	0.8319697923222152																																						
DDX56	83	0.20430182713371736	0.29307958483695984	0.9938325991189427																																						
DDX59	258	0.13734006439354166	0.08621493726968765	0.5419760855884204																																						
DDX5	310	0.14426012314740766	0.08147764950990677	0.4683448709880428																																						
DDX6	112	0.2778071118257538	0.2058631032705307	0.970547514159849																																						
DEAF1	100	0.22254613593039071	0.09902048856019974	0.6932662051604783																																						
DECR1	207	0.05375709768697756	0.07295975089073181	0.3004405286343612																																						
DECR2	70	0.4288999450946133	0.12453285604715347	0.852863436123348																																						
DEDD2	141	0.0	0.0876137763261795	0.5642542479546885																																						
AHSP	132	0.0	0.09378363192081451	0.6411579609817495																																						
DEDD	299	0.057687349792794	0.0622589997947216	0.0985525487728131																																						
DEF6	161	0.0	0.07927407324314117	0.42957835116425425																																						
DEGS1	121	0.13400008387626333	0.0984685868024826	0.6896161107614852																																						
DEK	140	0.25404096254230984	0.08990927040576935	0.5943360604153556																																						
DENND1A	83	0.19983670429193565	0.11575394868850708	0.8115796098174953																																						
DENND1B	115	0.1565775550896989	0.1003059670329094	0.70509754562618																																						
DENND2D	243	0.07189104029163856	0.0709356740117073	0.25840151038388925																																						
AIDA	244	0.19925923911733914	0.06934794038534164	0.22492133417243548																																						
DENND4A	89	0.2868514654765456	0.11594443023204803	0.8124606670862178																																						
DENND4B	235	0.2809880832555816	0.06831450015306473	0.2050346129641284																																						
DENND4C	281	0.1948895752311532	0.06223258003592491	0.09830081812460667																																						
DENND5A	124	0.06807296686351681	0.09487953037023544	0.653492762743864																																						
DENR	400	0.18369783799229333	0.09406089782714844	0.6439269981120201																																						
DEPDC1B	80	0.0	0.10928905755281448	0.775330396475771																																						
DEPDC1	195	0.05948079651043973	0.07348625361919403	0.312901195720579																																						
DEPDC5	209	0.1256882754417918	0.11200425773859024	0.7908118313404657																																						
DEPDC7	173	0.0	0.0823676586151123	0.4839521711768408																																						
AIF1	251	0.04263731975276521	0.06571543216705322	0.15594713656387665																																						
DERL1	221	0.09108493377909836	0.07208627462387085	0.2823159219634991																																						
DERL2	82	0.189707914945076	0.20785674452781677	0.9715544367526746																																						
DERL3	133	0.28469597603744656	0.0960758775472641	0.6662051604782883																																						
DESI1	482	0.0822955399043627	0.06325700879096985	0.11227186910006293																																						
DESI2	239	0.12139802653977436	0.06626400351524353	0.16488357457520453																																						
DES	319	0.1128928144043548	0.06898094713687897	0.21648835745752046																																						
DEXI	139	0.09834690352231358	0.08788128197193146	0.5684078036500944																																						
DFFA	70	0.06924428737673563	0.1506369709968567	0.9227186910006293																																						
AIFM1	150	0.09692156257492268	0.08908242732286453	0.5833857772183764																																						
DFFB	270	0.22328000469077375	0.06199270859360695	0.09490245437382001																																						
ESS2	110	0.1732603687042898	0.10320659726858139	0.7324103209565764																																						
DGCR6L	182	0.09839430660804284	0.07862646132707596	0.4166142227816237																																						
DGCR8	130	0.29828723788729433	0.2001153975725174	0.9680302076777848																																						
DGKD	140	0.028738197869745175	0.11062288284301758	0.783763373190686																																						
DGKE	190	0.0575772262673973	0.07733061909675598	0.39181875393329135																																						
AIFM2	172	0.07397781645567877	0.08112233877182007	0.46230333543108876																																						
DGKZ	171	0.36531149407794894	0.07962774485349655	0.43511642542479545																																						
DGUOK	130	0.22438367969330064	0.08851972967386246	0.5763373190685966																																						
DHCR24	148	0.11856132253703687	0.08651016652584076	0.547136563876652																																						
DHCR7	147	0.11808630206404838	0.08649635314941406	0.5468848332284456																																						
DHDDS	93	0.08356705121453786	0.27269598841667175	0.9916928886091881																																						
DHODH	224	0.08596281868746992	0.15305031836032867	0.9273757079924481																																						
AIG1	106	0.0	0.09664835035800934	0.6724984266834487																																						
DHPS	111	0.12767032045595586	0.1223101019859314	0.8436752674638137																																						
DHRS11	188	0.08056977276659298	0.07721269130706787	0.3894273127753304																																						
DHRS12	125	0.12437112104717993	0.08892671763896942	0.5818753933291378																																						
DHRS13	186	0.1030898996514552	0.07226858288049698	0.28634361233480177																																						
DHRS1	126	0.05757352089854905	0.10196145623922348	0.7215859030837004																																						
DHRS2	96	0.0	0.09812764078378677	0.685336689741976																																						
DHRS3	220	0.04281530927634347	0.07188113778829575	0.2779106356198867																																						
DHRS4	103	0.08067060290063906	0.11033867299556732	0.7818753933291378																																						
DHRS7B	99	0.05645319547320584	0.10837984085083008	0.7686595342983008																																						
CRYBG1	208	0.4997595650368197	0.07076854258775711	0.2543738200125865																																						
ABCB6	235	0.16948650365621118	0.07076890766620636	0.25449968533668976																																						
DHRS7	121	0.06061768543463016	0.10012554377317429	0.7035871617369415																																						
DHRSX	215	0.2610100356409891	0.08960525691509247	0.5910635619886722																																						
DHTKD1	95	0.1012799196971391	0.10316319763660431	0.7317809943360604																																						
DHX15	101	0.1313947594712555	0.3294052481651306	0.9964757709251101																																						
DHX30	161	0.2432203687587265	0.1377684324979782	0.8965387035871617																																						
DHX32	220	0.07253624513157189	0.0742688775062561	0.32825676526117054																																						
DHX33	266	0.1396361394844339	0.1277204006910324	0.8663310258023914																																						
AIMP1	283	0.20536006562152548	0.06017259508371353	0.07262429200755192																																						
DHX34	293	0.22109124893944684	0.06385473906993866	0.1223410950283197																																						
DHX35	71	0.18006056195532125	0.1366821676492691	0.8938955317809943																																						
DHX36	435	0.091033689432144	0.14200694859027863	0.9073631214600377																																						
DHX37	188	0.4613685870993151	0.16286183893680573	0.9404657016991819																																						
DHX40	259	0.08748706475830054	0.0684906616806984	0.20818124606670863																																						
DHX57	130	0.09593752874426344	0.09086208790540695	0.6073001887979862																																						
DHX8	145	0.39507298060941454	0.08692485094070435	0.5533039647577093																																						
DHX9	192	0.3772485309416616	0.09039999544620514	0.6008810572687224																																						
AIMP2	182	0.18353410704580844	0.0781446099281311	0.4079295154185022																																						
DIAPH1	178	0.058912808541033285	0.08350001275539398	0.5049716803020767																																						
DIAPH3	280	0.06042830803241924	0.06483324617147446	0.13908118313404658																																						
DICER1	342	0.12428635948002276	0.19301317632198334	0.9646318439269981																																						
DIMT1	136	0.4609605892573285	0.17775040864944458	0.9531780994336061																																						
DIP2A	193	0.07328588936399025	0.07725781947374344	0.3903083700440529																																						
DIP2B	203	0.2774846077141486	0.07394518703222275	0.3218376337319069																																						
DIRAS1	215	0.13258130758648315	0.08172852545976639	0.47400881057268723																																						
DIRAS3	280	0.0	0.06436645239591599	0.1302706104468219																																						
DIS3L2	306	0.10167698438694818	0.06861214339733124	0.21095028319697923																																						
DIS3L	259	0.0919393405750438	0.06592394411563873	0.15871617369414726																																						
DIXDC1	171	0.17254143635628447	0.0782058984041214	0.4091881686595343																																						
DKC1	94	0.11161299434879483	0.21976418793201447	0.9764631843926999																																						
DLC1	168	0.0	0.08113662898540497	0.4626809314033984																																						
DLD	162	0.08900518973971375	0.23141725361347198	0.981371932032725																																						
AIRE	155	0.0	0.08588331937789917	0.5383259911894274																																						
DLG5	219	0.0	0.07966217398643494	0.43599748269351796	Hippo														1.3566025																							
DLGAP4	138	0.2390509298420329	0.08676326274871826	0.5506607929515418																																						
DLGAP5	185	0.06880227927945673	0.07512921839952469	0.3473882945248584																																						
DLX1	237	0.15869591364369545	0.06497504562139511	0.14159848961611077																																						
DLX2	311	0.0	0.07042337954044342	0.24682190056639397																																						
DLX3	138	0.0	0.09293992817401886	0.6332284455632473																																						
DLX4	179	0.056742661107291675	0.08299039304256439	0.4957835116425425																																						
AK1	201	0.17963475046721272	0.07321791350841522	0.30673379483952173																																						
DMAP1	117	0.2701532134899234	0.25963109731674194	0.9895531780994337																																						
DMBX1	207	0.0	0.07908395677804947	0.42466960352422906																																						
DMC1	70	0.0	0.13015210628509521	0.8742605412208937																																						
DMD	131	0.0	0.09109339118003845	0.6109502831969792																																						
AK2	210	0.11188697052573662	0.07357969135046005	0.31541850220264317																																						
DMRTA2	212	0.08698249857040005	0.07016799598932266	0.2422907488986784																																						
DMRTB1	200	0.0	0.07111252844333649	0.26293266205160476																																						
DMWD	346	0.12281569601346035	0.06084173917770386	0.07979861548143487																																						
DMXL1	125	0.3106377577161197	0.1286609023809433	0.8701069855254877																																						
DMXL2	229	0.11074463751543084	0.06877796351909637	0.21334172435494023																																						
DNAAF2	292	0.1493212294880237	0.06680313497781754	0.17545626179987414																																						
DNAAF3	214	0.3473528383185677	0.07805294543504715	0.4064191315292637																																						
DNAH14	268	0.09299867930141698	0.06242550536990166	0.10031466331025803																																						
DNAJA1	382	0.2386685930817924	0.06172287091612816	0.09049716803020767																																						
DNAJA3	159	0.19104808367237452	0.2247077226638794	0.9782252989301448																																						
DNAJB11	399	0.17476735744078342	0.05712830275297165	0.041661422278162365																																						
DNAJB12	230	0.21265959128413867	0.07221562415361404	0.28483322844556325																																						
DNAJB14	209	0.1559359993377114	0.07417424768209457	0.32712397734424165																																						
DNAJB1	214	0.1670618571922395	0.07987861335277557	0.43989930774071745	HSF1													3.146158																								
DNAJB6	227	0.4892342589116257	0.0726013258099556	0.29263687853996223																																						
DNAJB9	289	0.2379602778500133	0.062096498906612396	0.09679043423536815	UPR-IRE1																															1.6165477						
DNAJC10	240	0.06995262391199729	0.07145201414823532	0.2696035242290749																																						
DNAJC11	171	0.18516128554536265	0.08735515177249908	0.560352422907489																																						
DNAJC12	79	0.0	0.11279013752937317	0.795217117684078																																						
DNAJC13	115	0.04263200171430608	0.0955735370516777	0.6616740088105727																																						
DNAJC14	121	0.13061866719651047	0.09286538511514664	0.6323473882945249																																						
AKAP11	84	0.3857562049802285	0.1276024878025055	0.8658275645059786																																						
DNAJC16	156	0.09428411072198016	0.08112770318984985	0.46242920075519195																																						
DNAJC19	216	0.3323759787127611	0.23242159187793732	0.9816236626809314																																						
DNAJC21	117	0.20643158968870026	0.1276462972164154	0.866079295154185																																						
DNAJC24	100	0.0870776036155675	0.1251440942287445	0.855254877281309																																						
DNAJC25	177	0.059841767503982374	0.08391193300485611	0.5106356198867212																																						
DNAJC30	256	0.17667953802419858	0.06544309109449387	0.15078665827564505																																						
DNAJC3	933	0.09587464972363444	0.03533441200852394	0.0006293266205160479																																						
AKAP13	259	0.4685425536477307	0.06450596451759338	0.1329137822529893																																						
ABCB7	244	0.11252060870067332	0.10401102900505066	0.7383259911894273																																						
DNAJC4	53	0.11645725593058907	0.14186407625675201	0.9069855254877282																																						
DNAJC5	197	0.4073191885143273	0.07858820259571075	0.415607300188798																																						
DNAJC6	236	0.38527305749442653	0.06758444011211395	0.1905601006922593																																						
DNAJC7	174	0.2550893340359585	0.08410976082086563	0.5134046570169918																																						
DNAJC8	488	0.05030840257417216	0.07303211092948914	0.3022026431718062																																						
DNAJC9	212	0.16391850322350535	0.07326909154653549	0.30824417872876025																																						
DNAL1	250	0.0	0.06404159963130951	0.12460667086217747																																						
DNASE1L1	173	0.343764612284702	0.10440164059400558	0.7418502202643171																																						
DNASE2	70	0.3567463092340196	0.13955295085906982	0.9024543738200126	cGAS-STING																																			1.2143917		
AKAP17A	81	0.05251939779765337	0.12430673092603683	0.8514789175582127																																						
DNM1L	224	0.1378230286911307	0.08327723294496536	0.5006922592825677																																						
DNMT1	509	0.06291119737809768	0.14799615740776062	0.9179358086847074																																						
DNMT3A	102	0.338152529037207	0.11615901440382004	0.8144745122718691																																						
DNMT3B	243	0.2908555891511097	0.06996100395917892	0.23876651982378855																																						
DNPEP	135	0.17571524619556186	0.08785196393728256	0.568156073001888																																						
DNPH1	129	0.054516387032456766	0.09009386599063873	0.5962240402769037																																						
AKAP1	126	0.2741117602881163	0.0916786938905716	0.6179987413467589																																						
DNTTIP1	267	0.06969314407214272	0.07979288697242737	0.43876651982378856																																						
DNTTIP2	110	0.20634362889049931	0.24822328984737396	0.9862806796727501																																						
DOCK11	64	0.08742798964035654	0.1322784572839737	0.8819383259911894																																						
DOCK2	250	0.04330287199710778	0.0651346743106842	0.14487098804279422																																						
DOCK6	244	0.18192969726893807	0.09355573356151581	0.639018250471995																																						
DOCK7	115	0.10312236094637807	0.09713125228881836	0.6774071743234739																																						
DOHH	305	0.044373100019062736	0.18299974501132965	0.9567023285084959																																						
DOK1	369	0.08087864323540894	0.05503610521554947	0.027564505978602896																																						
AKAP8L	139	0.21127510384960144	0.10235916078090668	0.7249842668344871																																						
DOK2	144	0.055923524141750273	0.09417075663805008	0.6453115166771555																																						
DOK4	244	0.0	0.06829697638750076	0.2040276903713027																																						
DOLK	319	0.05175971519646678	0.08722785115242004	0.5590937696664569																																						
DOLPP1	222	0.10797164008173248	0.0732235386967659	0.30711139081183136																																						
DONSON	367	0.2499320755360017	0.11787427216768265	0.8235368156073002																																						
DPAGT1	273	0.08005672315456833	0.06364158540964127	0.11944619257394588																																						
DPF1	282	0.27713949699880785	0.06353722512722015	0.11755821271239773																																						
DPH2	246	0.0830309693539629	0.10787945985794067	0.7652611705475142																																						
DPH3	112	0.10265399934674788	0.09640418738126755	0.6698552548772813																																						
DPH5	101	0.04150934620568869	0.11650089919567108	0.8164883574575205																																						
AKAP9	156	0.15456464550587373	0.08275985717773438	0.49049716803020765																																						
DPH6	236	0.0	0.07646113634109497	0.3748269351793581																																						
DPH7	180	0.1326089769358286	0.07825639098882675	0.4104468219005664																																						
DPM1	106	0.14525058948674407	0.10159266740083694	0.7175582127123977																																						
DPM2	310	0.09963040426404693	0.0629604384303093	0.1078665827564506																																						
DPM3	223	0.08017842966753627	0.07337325066328049	0.31000629326620516																																						
DPP3	124	0.22345427522958047	0.09024391323328018	0.5991189427312775																																						
DPP7	269	0.062154975938993925	0.06640058755874634	0.1672750157331655																																						
DPP8	196	0.23856010133432726	0.07412361353635788	0.32536186280679674																																						
AKIP1	87	0.2014860721636211	0.10854164510965347	0.7699181875393329																																						
DPY19L2	84	0.0	0.12515701353549957	0.8553807426054122																																						
DPY19L3	100	0.14398140732081172	0.09827033430337906	0.6872246696035242																																						
DPY19L4	244	0.13582422127408286	0.09137322753667831	0.6139710509754562																																						
DPYSL2	188	0.09282240340633834	0.07720707356929779	0.3893014474512272																																						
DR1	287	0.18210852239739328	0.08431483805179596	0.5161736941472624																																						
AKIRIN1	126	0.10109911047020234	0.09975123405456543	0.699685336689742																																						
DRAM1	345	0.06754670921121621	0.056110698729753494	0.03234738829452486																																						
DRAM2	221	0.09730153731811833	0.06736121326684952	0.1856513530522341																																						
DRAP1	435	0.15312425849249015	0.0846564844250679	0.5202013845185651																																						
DRG1	274	0.10422598176327263	0.06878820061683655	0.21371932032724986																																						
DRG2	188	0.1854654497107084	0.08082116395235062	0.4562617998741347																																						
DRGX	142	0.0	0.08500639349222183	0.5253618628067968																																						
DSC2	197	0.1079560748641036	0.07383950799703598	0.32045311516677155																																						
DSCC1	86	0.08972250509782362	0.11205418407917023	0.7910635619886721																																						
VPS26C	203	0.2877175585298134	0.08530861139297485	0.5301447451227187																																						
AKIRIN2	277	0.2505062815528771	0.08365928381681442	0.5073631214600378																																						
DSCR4	214	0.06619254103866765	0.07053311169147491	0.24933920704845816																																						
DSG2	263	0.027703547889540447	0.06300090998411179	0.10887350534927627																																						
DSN1	83	0.2703028075916185	0.18429003655910492	0.9583385777218376																																						
DSTN	141	0.047174693247855226	0.0889299213886261	0.582001258653241																																						
DSTYK	193	0.07098609728657536	0.10134374350309372	0.7141598489616111																																						
DTD1	286	0.12360272500685775	0.06155804917216301	0.08835745752045311																																						
DTD2	212	0.053692401167311686	0.07049749791622162	0.24833228445563246																																						
DTL	111	0.42750853061522587	0.10432732105255127	0.7413467589679044																																						
DTNBP1	327	0.2115174169774705	0.05650221183896065	0.03612334801762115																																						
DTWD1	136	0.02468483759698596	0.10845283418893814	0.7691629955947137																																						
DTWD2	246	0.4432629348425785	0.06547927111387253	0.15166771554436753																																						
DTYMK	227	0.2935818401696037	0.0999259501695633	0.7015733165512901																																						
DUS1L	241	0.20405978153216955	0.06954270601272583	0.23083700440528634																																						
DUS2	186	0.17213606033621304	0.0739726647734642	0.3223410950283197																																						
DUS3L	293	0.060563939929312284	0.0649963766336441	0.1422278162366268																																						
DUS4L	140	0.05489370786469354	0.08203394711017609	0.4789175582127124																																						
DUSP10	306	0.0	0.05876576900482178	0.05512901195720579	ERK/MAPK										0.6924215																											
ABCB8	88	0.16385339167431115	0.12016768008470535	0.8337319068596601																																						
DUSP11	245	0.0646807148773063	0.06509757786989212	0.14386406544996852																																						
DUSP12	126	0.06256457604213934	0.11493323743343353	0.8080553807426054																																						
DUSP13	287	0.19071754501599944	0.06235327944159508	0.09930774071743234																																						
DUSP1	185	0.264689226023333	0.07742270827293396	0.39383259911894275	ERK/MAPK;GR										2.3149524	9.226284																										
DUSP22	146	0.0	0.08463775366544724	0.5198237885462555																																						
DUSP23	229	0.06583195525379304	0.06758515536785126	0.19068596601636248																																						
DUSP3	179	0.0	0.07828526943922043	0.41082441787287605	ERK/MAPK										0.9125564																											
AKR1A1	76	0.11337146952193412	0.1252118945121765	0.8555066079295154																																						
DUSP9	1153	0.11929894200451548	0.03148389235138893	0.0002517306482064191	ERK/MAPK										0.90266764																											
DVL1	130	0.3570265549684047	0.09171024709939957	0.618628067967275																																						
DVL2	278	0.12098675764017135	0.06006009876728058	0.07073631214600377																																						
DVL3	338	0.15371426022834928	0.05741199478507042	0.04405286343612335																																						
AKR1C1	122	0.0	0.0913703441619873	0.613845185651353																																						
DYNC1LI1	182	0.11539562979774108	0.07713001221418381	0.38741346758967904																																						
DYNC1LI2	172	0.2291312572991626	0.0845532938838005	0.5190685966016363																																						
DYNC2LI1	92	0.08368299714527191	0.11108610033988953	0.7862806796727502																																						
DYNLL1	128	0.1465227096632546	0.11051399260759354	0.7830081812460667																																						
DYNLL2	178	0.3588017134819753	0.15614357590675354	0.93215859030837																																						
AKR1C2	131	0.0	0.08917836099863052	0.584392699811202																																						
DYNLT1	323	0.06563091089752833	0.057556167244911194	0.045311516677155446																																						
DYNLT3	125	0.2097476837317533	0.09478002786636353	0.6517306482064191																																						
DYRK2	85	0.0	0.1097138524055481	0.7778477029578351																																						
DYRK3	73	0.07076659436520086	0.1391247808933258	0.9005663939584645																																						
DYRK4	178	0.0	0.07923492789268494	0.4286972938955318																																						
DZIP1	162	0.0	0.07787062972784042	0.4025173064820642																																						
E2F1	226	0.1288990692565949	0.08116532862186432	0.4631843926998112	Cell Cycle							0.34047613																														
E2F2	214	0.2593588058218578	0.07202920317649841	0.2814348646947766																																						
E2F4	158	0.4870722115096542	0.08713533729314804	0.5574575204531151																																						
E2F5	56	0.4515049090338573	0.17997436225414276	0.9545626179987413																																						
E2F6	308	0.09312849867231532	0.06575708091259003	0.1565764631843927																																						
E2F7	136	0.0	0.10093581676483154	0.7095028319697924																																						
E2F8	179	0.27815432285275205	0.1007019430398941	0.7077407174323473																																						
E4F1	243	0.3617699614433737	0.0948733314871788	0.6533668974197608																																						
EAF2	184	0.1036411291450885	0.08118531107902527	0.4638137193203272																																						
EAPP	216	0.22986398299558924	0.07770507782697678	0.3996224040276904																																						
AKR1E2	182	0.0	0.07599928975105286	0.36488357457520454																																						
EARS2	360	0.21533173430517275	0.07561670243740082	0.3574575204531152																																						
EBAG9	70	0.13715575732328378	0.12422054260969162	0.8509754562617998																																						
EBF1	115	0.0	0.09480224549770355	0.652234109502832																																						
EBF2	286	0.0	0.06008050963282585	0.07136563876651983																																						
EBF4	225	0.0	0.068414606153965	0.20704845814977973																																						
EBNA1BP2	112	0.3482927065391014	0.15394318103790283	0.9286343612334802																																						
EBPL	149	0.07936214245303723	0.08728010207414627	0.5599748269351793																																						
EBP	166	0.10480854349039806	0.07964479923248291	0.4354940213971051																																						
AKR7A2	254	0.19245622650520885	0.06517285853624344	0.1460037759597231																																						
ECD	135	0.2817539132831712	0.12458078563213348	0.8532410320956576																																						
ECE1	282	0.10815946366932272	0.06299567222595215	0.10874764002517306																																						
ECH1	283	0.17667125861457356	0.06341426074504852	0.11541850220264317																																						
ECHDC3	197	0.0	0.07099279761314392	0.26003775959723097																																						
ECHS1	270	0.043697212996526916	0.062313925474882126	0.0988042794210195																																						
ECI1	138	0.32648877190512465	0.09360845386981964	0.6398993077407175																																						
ECI2	99	0.10153044559704827	0.13583415746688843	0.8917558212712398																																						
ECM1	121	0.0	0.10224265605211258	0.723725613593455																																						
AKT1S1	193	0.2893308056167162	0.07486581057310104	0.34147262429200753																																						
ECSIT	234	0.1212472353463262	0.07628367841243744	0.37142857142857144																																						
EDARADD	109	0.0	0.0978110209107399	0.6830711139081184																																						
EDC3	365	0.12363238841068105	0.06516654044389725	0.14562617998741348																																						
EDC4	448	0.3095873995581565	0.05788286402821541	0.04745122718691001																																						
EDEM1	172	0.2581666211306051	0.08011211454868317	0.4431718061674009	UPR-IRE1																															0.8236817						
EDEM2	121	0.09494205332265382	0.09489898383617401	0.6536186280679672																																						
EDEM3	202	0.26205987398647423	0.07315807789564133	0.3053492762743864																																						
EDF1	290	0.07530880211020705	0.06504485756158829	0.1433606041535557																																						
AKT1	228	0.18899073058948507	0.06943986564874649	0.22718691000629326	PI3K/PTEN																								1.1661532													
EEA1	217	0.10916416689251364	0.06827416270971298	0.20339836375078665																																						
EED	76	0.3078050230497057	0.12430794537067413	0.8516047828823159																																						
EEF1A2	273	0.3575217549815977	0.06109964847564697	0.0829452485840151																																						
EEF1B2	60	0.1603394314873363	0.12817023694515228	0.8680931403398364																																						
EEF1E1	222	0.06299600937564355	0.07259797304868698	0.29238514789175585																																						
EEF1G	201	0.16690710859812966	0.1937917023897171	0.9652611705475141																																						
EEF2K	260	0.11540213898925482	0.06632567197084427	0.16614222781623664																																						
AKT2	105	0.1686674120230885	0.13214193284511566	0.8814348646947766	Insulin/FOXO															0.8841202																						
EEFSEC	155	0.06321929731299329	0.1270766258239746	0.8633102580239144																																						
EFCAB11	237	0.04091981778947879	0.07074975967407227	0.2538703587161737																																						
EFCAB14	90	0.09008792086491292	0.11010877043008804	0.77960981749528																																						
EFCAB2	201	0.1816301238508544	0.07194587588310242	0.27942101950912523																																						
EFNA1	137	0.14359593779589738	0.08667395263910294	0.5494021397105098																																						
EFNA3	300	0.3415562356836741	0.06316885352134705	0.11113908118313405																																						
ALAD	222	0.08309679333509852	0.07851224392652512	0.4143486469477659																																						
ABCB9	285	0.4816606395351963	0.0638795718550682	0.12246696035242291																																						
EFNA4	213	0.10869948812014486	0.0736527219414711	0.3173064820641913																																						
EGFL8	79	0.28725411771115794	0.11245826631784439	0.7933291378225299																																						
EGLN1	319	0.3629250007726713	0.05806867778301239	0.04959093769666457	HIF												0.523709																									
EGLN2	331	0.13345076699189926	0.056929804384708405	0.04002517306482064	HIF												0.68255883																									
EGLN3	176	0.14731821826913286	0.07823429256677628	0.4100692259282568	HIF												3.7678702																									
ALAS1	108	0.12980746050210787	0.11783920973539352	0.8231592196349906																																						
EGR1	251	0.2843889099090164	0.09434907138347626	0.6473253618628068																																						
EGR2	201	0.0	0.07353073358535767	0.3147891755821271																																						
EGR3	298	0.0	0.058684658259153366	0.054499685336689745																																						
EGR4	269	0.0	0.062058817595243454	0.09590937696664568																																						
EHBP1L1	86	0.30034719801434584	0.11949816346168518	0.8310887350534928																																						
EHBP1	224	0.06546936906050238	0.07188446819782257	0.2780365009439899																																						
EHD4	186	0.04594205896449231	0.07413431257009506	0.3257394587791064																																						
EHF	69	0.0	0.12194261699914932	0.8416614222781623																																						
EHMT1	135	0.03131094986370245	0.11715784668922424	0.8197608558842039																																						
EHMT2	186	0.08306964116376804	0.11392861604690552	0.802391441157961																																						
EI24	181	0.11813193496860536	0.08567778021097183	0.5356828193832599																																						
EID1	127	0.03490283202702798	0.09813235700130463	0.6855884203901825																																						
EID2	125	0.18167411067317674	0.0895494669675827	0.5903083700440529																																						
EIF1AD	108	0.11097496021238756	0.11193305999040604	0.790434235368156																																						
EIF1AX	223	0.4625836158069683	0.12751509249210358	0.8655758338577721																																						
EIF1B	125	0.06517097890050333	0.09045180678367615	0.6016362492133417																																						
EIF1	216	0.22461987755396148	0.08525851368904114	0.5293895531780994																																						
ALDH16A1	78	0.04601294936711818	0.11041302233934402	0.7821271239773443																																						
EIF2AK1	227	0.10083843542905027	0.0704430490732193	0.24707363121460038																																						
EIF2AK2	215	0.08561588230128285	0.07125113159418106	0.265449968533669																																						
EIF2AK3	194	0.16079614898731934	0.0743282213807106	0.32926368785399623	UPR-PERK																																0.9328702					
EIF2AK4	142	0.02963289375552508	0.09414837509393692	0.6451856513530523																																						
EIF2A	105	0.16522075954712415	0.10580233484506607	0.7515418502202643																																						
EIF2B1	217	0.0853783461739918	0.15861685574054718	0.9348017621145375																																						
EIF2B2	123	0.4167522504192982	0.2796672582626343	0.9924480805538074																																						
EIF2B3	80	0.03158477244222865	0.3583676517009735	0.9973568281938326																																						
EIF2B5	237	0.34404557235165784	0.2368072271347046	0.9830081812460667																																						
ALDH18A1	195	0.0569085196362809	0.08363231271505356	0.5068596601636249																																						
EIF2D	105	0.09381587769740732	0.10248716175556183	0.7263687853996224																																						
EIF2S2	247	0.4949086254989436	0.11429048329591751	0.8032724984266835																																						
EIF2S3	63	0.38274320455519467	0.2702682316303253	0.9913152926368786																																						
EIF3A	161	0.4593687663480863	0.16642718017101288	0.9437382001258653																																						
EIF3D	96	0.2905464865576441	0.23663334548473358	0.9827564505978603																																						
EIF3E	102	0.4099461981064727	0.19416479766368866	0.9655129011957205																																						
ALDH1A1	173	0.0	0.07913532853126526	0.4260541220893644																																						
EIF3F	76	0.3481901594670404	0.19341856241226196	0.9650094398993078																																						
EIF3H	291	0.15378938315911658	0.16135239601135254	0.9384518565135305																																						
EIF3I	74	0.3776539470188959	0.16897040605545044	0.9455003146633103																																						
EIF3J	161	0.1078237518124707	0.12132127583026886	0.8393958464443045																																						
EIF3K	138	0.11824417653226757	0.10127726942300797	0.7131529263687854																																						
EIF3L	157	0.05910952669594791	0.10688390582799911	0.7582127123977345																																						
EIF3M	125	0.3383813587253055	0.1623091846704483	0.9395846444304594																																						
EIF4A1	58	0.27948581690118	0.15911294519901276	0.936312146003776																																						
ALDH1A2	202	0.0	0.070184625685215	0.24254247954688482																																						
EIF4B	107	0.20403418055443084	0.11430598050355911	0.8037759597230962																																						
EIF4E2	184	0.04788852236403681	0.10233166813850403	0.7247325361862806																																						
EIF4EBP1	139	0.0579485350614215	0.08655715733766556	0.5482693517935808	mTOR																																				0.8946244	
EIF4EBP2	163	0.2661710364263813	0.08463501930236816	0.5195720578980491																																						
EIF4ENIF1	207	0.1609353564897413	0.09055860340595245	0.6027690371302706																																						
EIF4E	172	0.14493242521268795	0.24262705445289612	0.9846444304594084																																						
EIF4G1	223	0.3460029390831568	0.15443114936351776	0.9293895531780995																																						
ALDH1B1	269	0.08067045495240477	0.06901737302541733	0.2171176840780365																																						
EIF4G3	178	0.07997628527830082	0.07615362852811813	0.36803020767778477																																						
EIF4H	239	0.17027391326091973	0.08511004596948624	0.5272498426683448																																						
EIF5A2	178	0.051855088925815265	0.08351550996303558	0.5052234109502832																																						
EIF5A	179	0.4196841976509708	0.12097980082035065	0.8375078665827564																																						
EIF5B	69	0.3307556781161725	0.14674502611160278	0.9160478288231593																																						
EIF5	185	0.3904275640375336	0.104402557015419	0.7419760855884204																																						
ALDH2	276	0.06335341322439136	0.06213149428367615	0.09691629955947137																																						
EIF6	109	0.17112783115722832	0.22898529469966888	0.9798615481434865																																						
ELAC1	198	0.15998879729697182	0.08653855323791504	0.5480176211453744																																						
ELAC2	141	0.17258037509969998	0.12132763117551804	0.8395217117684078																																						
ELAVL1	220	0.11577424172231505	0.08986388146877289	0.5938325991189427																																						
ELF4	244	0.1268338601923556	0.07224631309509277	0.2855884203901825																																						
ELK1	143	0.0	0.08608268201351166	0.5404657016991818	ERK/MAPK										1.7948713																											
ALDH4A1	229	0.0	0.06743466854095459	0.18728760226557584																																						
ELK3	126	0.16016618403372487	0.08928339183330536	0.5860289490245437																																						
ELK4	120	0.18483635960057984	0.09712963551282883	0.6772813089993707	ERK/MAPK										1.9108744																											
ELL2	134	0.07232445583767634	0.08828029036521912	0.5730648206419131																																						
ELL	122	0.21804758566683352	0.118028923869133	0.8241661422278163																																						
ELMOD2	127	0.17333088238903724	0.08820578455924988	0.5719320327249843																																						
ELOF1	248	0.08672573848671658	0.15808282792568207	0.9340465701699182																																						
ALDH5A1	201	0.07114554302850573	0.0705190971493721	0.2487098804279421																																						
ELOVL1	350	0.08300518832576513	0.06112596392631531	0.08319697923222152																																						
ELOVL2	120	0.0	0.09252128005027771	0.6279421019509125																																						
ELOVL5	293	0.30259050405944843	0.05901385471224785	0.05752045311516677																																						
ELOVL6	229	0.14066491771406542	0.06835214793682098	0.20604153555695406																																						
ELP2	370	0.2962886827993201	0.06456216424703598	0.13467589679043424																																						
ELP3	197	0.2509700439653769	0.09633427113294601	0.6688483322844556																																						
ELP4	99	0.2811493657864656	0.15078303217887878	0.923096286972939																																						
ELP5	317	0.19964057827577486	0.09420571476221085	0.6460667086217747																																						
ELP6	154	0.2559098468298756	0.08270248770713806	0.4893643801132788																																						
EMC10	187	0.0	0.07914911955595016	0.4265575833857772																																						
ALDH9A1	201	0.05151295721046045	0.07181448489427567	0.27602265575833856																																						
EMC1	195	0.16010547614868853	0.0851050466299057	0.5271239773442417																																						
EMC2	158	0.038859179339828284	0.09550502896308899	0.6610446821900566																																						
EMC3	428	0.16784895798851973	0.05215785652399063	0.013215859030837005																																						
EMC4	115	0.1223551986459066	0.09833613783121109	0.6878539962240403																																						
EMC6	155	0.2845709111688737	0.08257448673248291	0.48760226557583386																																						
EMC7	380	0.09078656767024047	0.06522342562675476	0.14701069855254878																																						
EMC8	366	0.0547393073236176	0.05982738360762596	0.06784140969162995																																						
EMC9	251	0.07769068058482731	0.07200609892606735	0.28080553807426056																																						
EMD	360	0.237191734511293	0.05477884039282799	0.02617998741346759																																						
ALDOA	133	0.11311796192806788	0.16440880298614502	0.9419760855884204																																						
EME1	156	0.10629879526609004	0.08198168873786926	0.47828823159219636																																						
EME2	181	0.271849444224151	0.08303725719451904	0.4966645689112649																																						
EMILIN2	316	0.3592710287869673	0.05782521888613701	0.04669603524229075																																						
EML3	130	0.0	0.11129730939865112	0.7871617369414726																																						
EML4	68	0.07046789338732128	0.12734542787075043	0.8649465072372562																																						
EMP2	282	0.24449727627234724	0.06345760822296143	0.11604782882315921																																						
ALDOC	71	0.09113928013535344	0.12312173843383789	0.846821900566394																																						
EMX1	171	0.3240625646677441	0.07811834663152695	0.40717432347388294																																						
EMX2	150	0.0	0.08373123407363892	0.5082441787287603																																						
EN2	212	0.0	0.07044684886932373	0.24745122718691																																						
ENDOG	87	0.3227617339558828	0.10724951326847076	0.760352422907489																																						
ENGASE	328	0.03339049195176707	0.06109386309981346	0.0828193832599119																																						
ENKD1	122	0.0	0.09540461003780365	0.6599118942731278																																						
ALG11	277	0.19378072609978095	0.07901902496814728	0.42404027690371304																																						
ENO1	123	0.05692027975038245	0.12697143852710724	0.8626809314033984																																						
ENO2	283	0.13214910633850566	0.06715090572834015	0.18187539332913782																																						
ENO3	156	0.0	0.0881572961807251	0.5715544367526746																																						
ENOPH1	255	0.10716028199988502	0.06534349173307419	0.1487728130899937																																						
ENOSF1	265	0.1842485988773884	0.06352419406175613	0.11730648206419131																																						
ENOX2	124	0.0	0.09236428141593933	0.6263058527375708																																						
ENPP3	184	0.0	0.08415132761001587	0.5142857142857142																																						
ENSA	155	0.07995051400152793	0.08367922902107239	0.5076148521082442																																						
ALG12	168	0.3472025108855104	0.08763501048088074	0.5647577092511014																																						
ENTPD4	321	0.18247233928121728	0.05609407648444176	0.03222152297042165																																						
ENTPD6	106	0.13333491764317515	0.10297117382287979	0.730270610446822																																						
ENY2	258	0.12023979494740722	0.1505005806684494	0.9222152297042165																																						
EOGT	71	0.2535439110364132	0.1180158481001854	0.8240402769037131																																						
EOMES	93	0.0	0.10702445358037949	0.7594713656387665																																						
EP300	95	0.2667764764752276	0.127504363656044	0.865449968533669																																						
EP400	83	0.132660074648453	0.36615467071533203	0.9977344241661422																																						
ALG13	327	0.01725951543854779	0.10027452558279037	0.7044682190056639																																						
EPB41L2	299	0.29990720273987903	0.08357755094766617	0.5061044682190057																																						
EPB41L5	178	0.1132902494934433	0.07557038217782974	0.3568281938325991																																						
EPC1	100	0.14364187047897048	0.10789898782968521	0.7656387665198238																																						
EPC2	259	0.1530988718991756	0.0763590931892395	0.3724354940213971																																						
EPCAM	144	0.16837550683216976	0.08183135837316513	0.4753933291378225																																						
EPHB4	271	0.20646618451543414	0.06607560813426971	0.16211453744493393																																						
EPHB6	201	0.0	0.07596298307180405	0.363373190685966																																						
EPHX1	77	0.09991430886825514	0.13229243457317352	0.8821900566393959																																						
ALG14	285	0.05743679300667018	0.09239903092384338	0.6265575833857773																																						
EPHX2	222	0.06029218883344371	0.07012714445590973	0.24166142227816237																																						
EPM2AIP1	87	0.03533499117292327	0.12989497184753418	0.8733794839521711																																						
EPN1	155	0.1868043273403788	0.08320780098438263	0.49930774071743234																																						
EPN2	282	0.08972186876656764	0.06133785843849182	0.08571428571428572																																						
EPOR	287	0.07851929816748336	0.063478022813797	0.11617369414726243																																						
EPPK1	186	0.0	0.07795549929141998	0.40478288231592197																																						
EPRS	122	0.10735948932292827	0.154317244887352	0.929137822529893																																						
EPS15L1	118	0.4767979158000454	0.1134144738316536	0.799370673379484																																						
ALG1L	378	0.0	0.06351012736558914	0.11680302076777847																																						
EPS15	193	0.0749738805916718	0.07602381706237793	0.36551290119572055																																						
EPS8L1	128	0.0	0.1782524585723877	0.9535556954059157																																						
SELENOI	144	0.25996040494574824	0.0852949395775795	0.5298930144745123																																						
ERAL1	231	0.1320507953108005	0.09381111711263657	0.641409691629956																																						
ALG1	182	0.22062507208461876	0.08697148412466049	0.5546884833228446																																						
ERAP1	297	0.1176260845966846	0.0644136443734169	0.13102580239144115																																						
ERBIN	109	0.18536038365217802	0.099459208548069	0.6971680302076778																																						
ERC1	340	0.10824451385692108	0.05549167841672897	0.029704216488357457																																						
ERCC1	214	0.13722263095992265	0.07379604130983353	0.3198237885462555																																						
ERCC2	143	0.11277382711654907	0.20051145553588867	0.9682819383259912																																						
ERCC3	269	0.1658217503376269	0.09782590717077255	0.6831969792322216																																						
ERCC5	111	0.2592177730102182	0.09353192895650864	0.6387665198237885																																						
ERCC6L2	96	0.08461241762832966	0.1052112951874733	0.7467589679043424																																						
ALG2	372	0.275661062264022	0.09236331284046173	0.6261799874134676																																						
ABCC10	131	0.22630890207871054	0.09165296703577042	0.6174952800503462																																						
ERF	403	0.2318869517272566	0.05268197879195213	0.015984896161107615																																						
ERGIC1	226	0.12629216515006775	0.07044459134340286	0.2471994965387036																																						
ERGIC2	153	0.0939138717332126	0.08431647717952728	0.5162995594713656																																						
ERGIC3	252	0.0908207241212099	0.06702379882335663	0.17923222152297041																																						
ERG	323	0.0	0.06416775286197662	0.12649465072372562																																						
ERI1	164	0.3853597953979443	0.08854503929615021	0.5768407803650094																																						
ERI2	187	0.08931509221620854	0.07368586957454681	0.318313404657017																																						
ALG3	183	0.12021663391991365	0.08164984732866287	0.4721208307111391																																						
ERI3	231	0.05145531698329487	0.06937511265277863	0.22542479546884833																																						
ERICH1	112	0.08101526169142882	0.10387931764125824	0.7371932032724984																																						
ERLEC1	87	0.026584627806898298	0.12855474650859833	0.8694776589049716																																						
ERLIN1	197	0.08556338756095082	0.07231240719556808	0.2872246696035242																																						
ERLIN2	189	0.15753882660432644	0.07862093299627304	0.41636249213341725																																						
ERMARD	83	0.0	0.12719956040382385	0.8634361233480177																																						
ERMP1	177	0.0	0.09082408994436264	0.6064191315292636																																						
ERN1	361	0.34577794411693996	0.06147889420390129	0.08747640025173065	UPR-IRE1																															0.41929814						
ALG5	224	0.12542775942826928	0.07247848063707352	0.29024543738200126																																						
ERP29	72	0.07551892991864219	0.11931674182415009	0.8305852737570799																																						
ERP44	269	0.07050062003847618	0.06527125835418701	0.14814348646947767																																						
ERV3-1	140	0.0867018772855389	0.0829215720295906	0.49376966645689113																																						
ERVW-1	324	0.0	0.05710795149207115	0.04140969162995595																																						
ESAM	234	0.018235733877444642	0.06754963845014572	0.18980490874764003																																						
ESCO1	56	0.3674718242917285	0.13834165036678314	0.8981749528005034																																						
ESD	56	0.047135891877213516	0.1281125843524933	0.8678414096916299																																						
ALG6	248	0.02584007871860761	0.06786498427391052	0.19634990560100693																																						
ESPN	545	0.0	0.04496675357222557	0.0030207677784770295																																						
ESR1	154	0.0	0.08288271725177765	0.49301447451227187	ER									0.019632194																												
ESRRA	205	0.2911587204333081	0.07780279964208603	0.4007551919446193																																						
ESRRB	273	0.0	0.06308204680681229	0.11025802391441158																																						
ALG8	139	0.050168197974059456	0.08846694976091385	0.575959723096287																																						
ESRRG	166	0.0	0.08089990168809891	0.45840151038388927																																						
ESYT2	81	0.283383788944966	0.17430143058300018	0.9502831969792322																																						
ETAA1	169	0.0	0.07899827510118484	0.423410950283197																																						
ALG9	97	0.17987003353774916	0.10988185554742813	0.778351164254248																																						
ETF1	69	0.40018918291768135	0.1901262104511261	0.9618628067967275																																						
ETFA	152	0.10165339513716927	0.08522593230009079	0.5282567652611706																																						
ETFB	193	0.048784393482560216	0.07538697868585587	0.3526746381371932																																						
ETFDH	196	0.12203618623161393	0.07316375523805618	0.30560100692259284																																						
ETHE1	304	0.034228835659364035	0.06547220051288605	0.1512901195720579																																						
ETNK1	294	0.0936394401194371	0.06502893567085266	0.14285714285714285																																						
ETNK2	240	0.06714205381119666	0.06439139693975449	0.13064820641913152																																						
ETS1	352	0.0	0.06859630346298218	0.21032095657646319																																						
ETS2	91	0.11741512603703602	0.12265346944332123	0.8449339207048459																																						
ALKBH2	164	0.0	0.07845700532197952	0.4134675896790434																																						
ETV1	129	0.23173677194699446	0.0887053832411766	0.5792322215229704																																						
ETV2	286	0.0	0.06296499818563461	0.1079924480805538																																						
ETV3L	156	0.0	0.0828094407916069	0.4912523599748269																																						
ETV3	315	0.14508951425603087	0.05920396372675896	0.059786028949024544																																						
ETV4	96	0.1521389656369283	0.327286958694458	0.9963499056010069																																						
ETV6	250	0.1297788675311105	0.06484491378068924	0.1395846444304594																																						
ETV7	75	0.0	0.1149616539478302	0.8081812460667086																																						
EVA1B	171	0.0	0.07926639169454575	0.42945248584015105																																						
EVI5	117	0.06952377730234811	0.09302838891744614	0.6344870988042794																																						
ALKBH3	252	0.16038209705743556	0.0671326220035553	0.1816236626809314																																						
EVX2	205	0.0	0.08117639273405075	0.46356198867212084																																						
EWSR1	158	0.32801262797887026	0.0937739908695221	0.6409062303335431																																						
EXO1	251	0.06178668050510935	0.06566139310598373	0.1551919446192574																																						
EXOC1	351	0.14279515448591032	0.07288330793380737	0.29817495280050343																																						
EXOC2	204	0.18292682175794592	0.07617291063070297	0.3684078036500944																																						
ALKBH4	145	0.1577003413818459	0.08337156474590302	0.5023285084959094																																						
EXOC4	187	0.04551588816811115	0.14820945262908936	0.9183134046570169																																						
EXOC5	266	0.2125673228083003	0.08642467856407166	0.5452485840151038																																						
EXOC7	63	0.0	0.17029792070388794	0.9468848332284455																																						
EXOG	98	0.10972236163024604	0.1019853800535202	0.7218376337319069																																						
EXOSC10	210	0.2325933533651425	0.12302787601947784	0.8460667086217747																																						
EXOSC1	170	0.13682329007831712	0.09376604110002518	0.6407803650094399																																						
EXOSC2	161	0.31053374861151456	0.3924941122531891	0.9982378854625551																																						
ALKBH5	143	0.2153733932483341	0.09536635875701904	0.6596601636249213																																						
EXOSC3	60	0.3953600076245087	0.39537501335144043	0.9983637507866583																																						
EXOSC4	139	0.2138765470794412	0.3724437355995178	0.9979861548143486																																						
EXOSC6	51	0.3279101628018862	0.4195759892463684	0.9984896161107615																																						
EXOSC7	205	0.2549865668194221	0.14649173617362976	0.91529263687854																																						
EXOSC8	131	0.27241323834596176	0.35593536496162415	0.9971050975456262																																						
EXOSC9	58	0.3453706052595528	0.3075440227985382	0.9949653870358716																																						
EXPH5	78	0.2421661047381579	0.11267445981502533	0.7943360604153555																																						
EXT2	203	0.18083522189507856	0.07383786141872406	0.32032724984266836																																						
EXTL2	190	0.014439012722727075	0.07340196520090103	0.3113908118313405																																						
ALKBH6	178	0.044612561017431926	0.07609280198812485	0.3668974197608559																																						
ABCC1	201	0.2071896193312837	0.0900886282324791	0.5960981749528005																																						
EYA3	132	0.054922816023181324	0.09004901349544525	0.5958464443045941																																						
EZH1	236	0.0586102744312462	0.06459851562976837	0.13517935808684708																																						
EZH2	198	0.1629487793201287	0.08801247924566269	0.5702957835116426																																						
F11R	187	0.06868811203377773	0.07642511278390884	0.37407174323473885																																						
ALKBH7	274	0.14634112360729545	0.06171858310699463	0.09024543738200126																																						
F2RL3	336	0.06520920528370959	0.058636222034692764	0.054122089364380115																																						
F2R	89	0.10525232545289977	0.10670071840286255	0.7572057898049087																																						
F8A1	56	0.0	0.13581155240535736	0.8916299559471366																																						
FABP5	250	0.07098661044927937	0.0690264031291008	0.2173694147262429																																						
FADD	102	0.0	0.10020685195922852	0.7039647577092512																																						
FADS1	251	0.06635763308267717	0.06331025063991547	0.11353052234109502																																						
FADS2	291	0.15620206405764514	0.06183933466672897	0.09263687853996223																																						
FADS3	58	0.2167892332986889	0.14442850649356842	0.9120201384518565																																						
FAF1	225	0.3460282360418397	0.06915812939405441	0.22076777847702958																																						
ALKBH8	245	0.0	0.07980836927890778	0.43901825047199494																																						
FAF2	379	0.08221316560261452	0.05761265382170677	0.045563247325361864																																						
FAHD1	218	0.2164403659191293	0.07049689441919327	0.24820641913152927																																						
FAHD2A	535	0.10537955502158344	0.04614520072937012	0.004153555695405916																																						
FAHD2B	62	0.0	0.12777671217918396	0.8665827564505979																																						
FAH	379	0.06454878185499413	0.05354028567671776	0.019634990560100693																																						
FAIM	64	0.2388792485267069	0.12783603370189667	0.8668344870988043																																						
FAM102B	164	0.01675808823385471	0.14656473696231842	0.9156702328508496																																						
RAMAC	148	0.04129601259909477	0.19158747792243958	0.9632473253618629																																						
FAM104A	227	0.1326899731276322	0.07770457863807678	0.39949653870358715																																						
ALMS1	171	0.3168955123561785	0.07969146966934204	0.4370044052863436																																						
FAM104B	94	0.055064186285864604	0.11264971643686295	0.7942101950912523																																						
FAM110A	191	0.2515531774816712	0.07576993107795715	0.35997482693517935																																						
FAM111A	73	0.0	0.12155017256736755	0.8400251730648206																																						
FAM114A2	215	0.08931458183177977	0.08027719706296921	0.44644430459408435																																						
FAM117A	274	0.1537834769136087	0.06456102430820465	0.13455003146633102																																						
FAM117B	89	0.343313838188998	0.1164841502904892	0.8163624921334173																																						
FAM118A	298	0.12221588307305074	0.06325663626194	0.11214600377595972																																						
FAM118B	157	0.3700779146162844	0.10039559006690979	0.7056010069225929																																						
ALS2	50	0.0	0.14256183803081512	0.9082441787287602																																						
FAM120AOS	255	0.13625859854276695	0.0634491965174675	0.11592196349905601																																						
FAM120A	228	0.2517964215545579	0.07869423925876617	0.41799874134675896																																						
FAM120B	186	0.1819972844854948	0.0751553624868393	0.34801762114537443																																						
FAM120C	211	0.0	0.07349792867898941	0.31340465701699183																																						
FAM122A	212	0.03662927906273465	0.08484520763158798	0.5235997482693517																																						
FAM122B	236	0.17321020598476294	0.06707996875047684	0.18086847073631215																																						
FAM124B	170	0.0	0.08002623915672302	0.44166142227816235																																						
FAM126A	180	0.05689993667643142	0.07841014117002487	0.4128382630585274																																						
FAM126B	148	0.11315880347321185	0.09294221550226212	0.6333543108873505																																						
RTL8C	318	0.12688546735112333	0.06043083965778351	0.07488986784140969																																						
RTL8A	225	0.10939292935958653	0.0741257593035698	0.32548772813089993																																						
FAM131A	158	0.0	0.0872710794210434	0.5597230962869729																																						
FAM133B	86	0.2650746483307168	0.11536102741956711	0.8100692259282568																																						
RETREG2	227	0.1981002174190756	0.06844969838857651	0.20755191944619258																																						
RETREG3	161	0.04591004949315844	0.08693067729473114	0.5535556954059156																																						
FAM135A	167	0.05841971330665233	0.08429261296987534	0.5159219634990561																																						
FAM136A	89	0.21809433827376015	0.24985021352767944	0.986784140969163																																						
FAM13A	174	0.1328282001640081	0.0764644667506218	0.3749528005034613																																						
FAM13B	118	0.3863447473659259	0.09733153879642487	0.6790434235368156																																						
FAM156A	212	0.0	0.07137466222047806	0.2675896790434235																																						
FAM160A2	179	0.1075226079827736	0.07614713162183762	0.36777847702957833																																						
FAM160B2	346	0.058093194556403875	0.06709189713001251	0.18099433606041535																																						
ALX4	262	0.0	0.06446217000484467	0.13178099433606041																																						
FAM162A	113	0.02258114592237766	0.10427504032850266	0.7407174323473883																																						
FAM168B	134	0.3547972930524948	0.09332267194986343	0.6378854625550661																																						
FAM170A	95	0.0	0.10007420182228088	0.7033354310887351																																						
FAM171A2	363	0.1259031803525338	0.05447569862008095	0.025173064820641914																																						
ANTKMT	211	0.10224773715423507	0.07438164204359055	0.3303964757709251																																						
ATPSCKMT	70	0.4410853510242846	0.13231579959392548	0.8823159219634991																																						
FAM174A	167	0.0	0.08547499775886536	0.532787916928886																																						
ABRAXAS1	230	0.054096132481901066	0.07297170907258987	0.30081812460667084																																						
ABRAXAS2	201	0.07919699568218036	0.07756799459457397	0.396979232221523																																						
FAM177A1	130	0.0916959059287802	0.09660845994949341	0.6719949653870358																																						
TOGARAM1	281	0.12212463269167008	0.06405468285083771	0.1252359974826935																																						
FAM184A	237	0.1550974531137408	0.06584283709526062	0.15733165512901195																																						
FAM185A	85	0.0	0.10753630846738815	0.7627438640654499																																						
MINDY3	188	0.08491450741023537	0.07587777823209763	0.3618628067967275																																						
FAM189B	117	0.0	0.09962193667888641	0.6983008181246066																																						
FAM192A	222	0.3432523090214532	0.07246685028076172	0.2899937067337948																																						
FAM193B	237	0.06394512149828285	0.06929273903369904	0.22404027690371303																																						
AMBRA1	249	0.06641812822257166	0.07905934005975723	0.4244178728760227																																						
MCRIP2	189	0.19860152696421074	0.0744331106543541	0.3316551290119572																																						
MCRIP1	155	0.08740786438037139	0.10091070085763931	0.7091252359974827																																						
FAM199X	271	0.09455059474395563	0.061590228229761124	0.08898678414096917																																						
TAFA2	184	0.053901646172987684	0.08175072073936462	0.47438640654499686																																						
FAM200B	202	0.05760308469343165	0.0706375241279602	0.25185651353052235																																						
FAM204A	185	0.07864387044520313	0.08778281509876251	0.5671491504090623																																						
ABITRAM	225	0.16528434996664587	0.07082512974739075	0.2560100692259283																																						
FAM207A	306	0.16288941419304265	0.06024103984236717	0.07300188797986155																																						
ABCC4	170	0.27358119047323043	0.08318175375461578	0.4988042794210195																																						
TASOR2	148	0.42096865012134704	0.1070067510008812	0.7593455003146633																																						
FAM20B	122	0.08447024286996699	0.12122540920972824	0.839018250471995																																						
FAM210A	163	0.07309589332722316	0.09879276901483536	0.6917558212712398																																						
FAM210B	330	0.1162285251918956	0.05496053770184517	0.027186910006293266																																						
INKA2	215	0.0	0.07089417427778244	0.25752045311516675																																						
PRXL2A	159	0.2354961230238919	0.08150386810302734	0.46922592825676523																																						
AMDHD2	133	0.03960111736478618	0.08880995959043503	0.5802391441157961																																						
FAM219B	380	0.10344360961080022	0.05253957211971283	0.015229704216488357																																						
WASHC2A	196	0.2380595395066812	0.07364092022180557	0.3168030207677785																																						
FAM229B	172	0.08716538912926809	0.07669210433959961	0.3787287602265576																																						
FAM24B	130	0.06223845554457785	0.08777870982885361	0.5668974197608558																																						
FAM32A	304	0.365254475564358	0.08553186804056168	0.5330396475770925																																						
SHLD2	103	0.33935545170829284	0.11163095384836197	0.7890497168030207																																						
AMFR	292	0.2543577438887683	0.059218790382146835	0.05991189427312775																																						
FAM3A	217	0.07315394441744613	0.07018540054559708	0.24266834487098804																																						
FAM3C	254	0.04662484141632097	0.0638420432806015	0.12208936438011328																																						
DENND10	238	0.08539823708593487	0.06958303600549698	0.23146633102580239																																						
FAM49B	250	0.34852770132915484	0.0625750720500946	0.10270610446821901																																						
FAM53B	148	0.4957540598799802	0.08544590324163437	0.5321585903083701																																						
FAM53C	215	0.10184007405312093	0.07492318749427795	0.34273127753303967																																						
TLCD3A	168	0.2433787803809452	0.07700452208518982	0.3848961611076149																																						
AMHR2	184	0.035006039208022324	0.08269735425710678	0.4891126494650724																																						
SINHCAF	69	0.28880936436326105	0.1450943648815155	0.9129011957205789																																						
MINDY2	358	0.13208440845493782	0.05517254024744034	0.02857142857142857																																						
RIPOR3	288	0.059483410437372715	0.0639648362994194	0.12334801762114538																																						
DIPK1B	366	0.16327156828172076	0.06483352184295654	0.13920704845814977																																						
FAM72B	141	0.15356449082817375	0.08562297374010086	0.5349276274386406																																						
FAM72D	446	0.08362944606420693	0.05017808824777603	0.009314033983637508																																						
FAM76A	302	0.02976075874475152	0.057996366173028946	0.04896161107614852																																						
FAM76B	152	0.16535273286380658	0.086520716547966	0.5476400251730649																																						
FAM78A	271	0.2241817342062988	0.062338367104530334	0.09905601006922593																																						
FAM83D	339	0.20909590195182928	0.05437784641981125	0.024417872876022657																																						
FAM83G	89	0.0	0.10969245433807373	0.7775959723096287																																						
FAM83H	243	0.039368210988944136	0.08712919056415558	0.557331655129012																																						
FAM86C1	117	0.2840157723141933	0.09126496315002441	0.6128382630585274																																						
FAM89A	278	0.045223310040158005	0.06370114535093307	0.12020138451856513																																						
AMMECR1	205	0.0957738782826828	0.08927559107542038	0.5859030837004405																																						
FAM89B	236	0.3090209338592935	0.06815776228904724	0.2013845185651353																																						
FAM8A1	316	0.3659303396429519	0.05652556195855141	0.036375078665827565																																						
FAM91A1	160	0.0952074389992094	0.08101414144039154	0.4605412208936438																																						
FAM92A	110	0.0	0.10263508558273315	0.7268722466960352																																						
CIAO2A	130	0.13512530899534825	0.09157899767160416	0.6164883574575205																																						
CIAO2B	298	0.07765510171226983	0.06578493118286133	0.15707992448080554																																						
FAM98A	210	0.11322888332994753	0.07060503214597702	0.25084959093769665																																						
FAM98B	120	0.04826647985544237	0.10128159075975418	0.7134046570169918																																						
FAM98C	306	0.06429818887536681	0.0583234503865242	0.051227186910006293																																						
FAN1	293	0.04758151929938143	0.06332619488239288	0.11378225298930145																																						
AMN1	98	0.11983636126956385	0.10069161653518677	0.7073631214600378																																						
FANCA	70	0.189477517853092	0.12546055018901825	0.8566393958464443																																						
FANCB	121	0.0538170289006527	0.09982454776763916	0.7004405286343612																																						
FANCD2	142	0.012067173849936271	0.08600588887929916	0.5394587791063562																																						
FANCF	85	0.0	0.11012249439954758	0.7797356828193832																																						
FANCG	315	0.14613718191389427	0.06449159234762192	0.13228445563247326																																						
FANCL	88	0.0323143741878042	0.10872340947389603	0.7710509754562618																																						
FANCM	78	0.2238524896688245	0.12861019372940063	0.8697293895531781																																						
FAR1	400	0.04950526980225087	0.0621563121676445	0.0974197608558842																																						
FAR2	175	0.03544483017936747	0.08055869489908218	0.452234109502832																																						
FARP2	289	0.14826995251891495	0.06128332391381264	0.08508495909376966																																						
FARS2	90	0.2477782317618598	0.11174408346414566	0.7899307740717433																																						
FARSA	141	0.13287689616761852	0.22517573833465576	0.9786028949024543																																						
FARSB	102	0.13136947179975114	0.21771860122680664	0.9757079924480806																																						
FASN	212	0.16408269455538305	0.1203022450208664	0.8348646947765891	SREBP																											0.6829555										
FASTKD1	143	0.020745189829648243	0.13279597461223602	0.8833228445563247																																						
FASTKD3	136	0.05707162228756633	0.12968531250953674	0.8726242920075519																																						
FASTKD5	317	0.09350844161499344	0.11754357069730759	0.8216488357457521																																						
AMPD2	309	0.4919300339006362	0.0569976381957531	0.0407803650094399																																						
FASTK	192	0.3687803487463197	0.12628328800201416	0.8600377595972309																																						
FAT1	210	0.0	0.0738588273525238	0.3208307111390812																																						
FBF1	306	0.06912606925369068	0.060162898153066635	0.0724984266834487																																						
FBLIM1	291	0.3974320965641436	0.062484629452228546	0.10119572057898049																																						
FBXL12	345	0.4978060915185953	0.05789024010300636	0.04757709251101322																																						
FBXL13	77	0.0	0.11808475852012634	0.8245437382001258																																						
FBXL20	147	0.3297692513778284	0.0814744085073471	0.4682190056639396																																						
FBXL3	155	0.21680738901820887	0.08198418468236923	0.47841409691629955																																						
FBXL4	261	0.07144859995500424	0.06664817035198212	0.17180616740088106																																						
FBXL5	336	0.07842299689293203	0.058236028999090195	0.05072372561359346																																						
AMPD3	85	0.0	0.11067788302898407	0.7842668344870988																																						
ABCC5	306	0.10893100597246287	0.058873120695352554	0.056261799874134676																																						
AAAS	411	0.08866477299428302	0.054523929953575134	0.02542479546884833																																						
FBXL8	383	0.11928542797752173	0.05391141399741173	0.021145374449339206																																						
FBXO17	155	0.0	0.08389962464570999	0.5103838892385147																																						
FBH1	218	0.12572103147310895	0.07017751783132553	0.24241661422278163																																						
FBXO21	197	0.16972432758828732	0.07526329159736633	0.3509125235997483																																						
FBXO22	226	0.17943967683583786	0.06767117977142334	0.19269981120201385																																						
FBXO25	227	0.061927982544238376	0.06787089258432388	0.19647577092511012																																						
AMZ2	228	0.1703889245821278	0.07187305390834808	0.2776589049716803																																						
FBXO33	159	0.40025574950926057	0.0828133374452591	0.49137822529893016																																						
FBXO34	236	0.0455430790946845	0.07313796877861023	0.3043423536815607																																						
FBXO38	198	0.06638003024693738	0.07286092638969421	0.2976714915040906																																						
FBXO3	251	0.08604347954241487	0.06639911979436874	0.1671491504090623																																						
FBXO41	251	0.08109897375568438	0.07052715867757797	0.24908747640025172																																						
FBXO42	305	0.16307341314343626	0.0795130506157875	0.4332284455632473																																						
FBXO44	272	0.09294665570785993	0.06259030103683472	0.10295783511642542																																						
FBXO45	183	0.3384641889548789	0.08425071835517883	0.5151667715544368																																						
FBXO4	238	0.0636299316495064	0.06458407640457153	0.13492762743864065																																						
FBXO5	287	0.4607592407573072	0.0656060054898262	0.1539332913782253																																						
FBXO6	85	0.0	0.11157945543527603	0.7886721208307111																																						
FBXO7	89	0.09390784864963003	0.11292538791894913	0.7960981749528006																																						
ANAPC11	195	0.3253205634245851	0.07502210885286331	0.34512271869100064																																						
FBXO9	281	0.14404331126385592	0.06078427657485008	0.07954688483322844																																						
FBXW11	334	0.19311201814193613	0.0678233653306961	0.19559471365638767																																						
FBXW2	208	0.10053823526211783	0.07680653780698776	0.3811202013845186																																						
FBXW4	305	0.14267165361052714	0.05986833572387695	0.06809314033983638																																						
FBXW5	64	0.14901828093122138	0.13188768923282623	0.880427942101951																																						
ANAPC13	257	0.09100158208521596	0.0708186998963356	0.25588420390182504																																						
FBXW9	88	0.10315014931004708	0.10939771682024002	0.775959723096287																																						
FCER1G	141	0.02028636477077984	0.0864257887005806	0.5453744493392071																																						
FCF1	154	0.2262680240045016	0.2585800588130951	0.9893014474512272																																						
FCGR2A	174	0.02581365030415483	0.07460924983024597	0.33580868470736314																																						
FCGRT	224	0.055804295407115685	0.08877217769622803	0.5798615481434864																																						
FCHO1	127	0.3989387135258056	0.09261467307806015	0.6295783511642542																																						
FCHSD1	96	0.0	0.09969829022884369	0.6991818753933291																																						
FDX2	276	0.1543786376046735	0.08246057480573654	0.4852108244178729																																						
FDX1	209	0.2666591456462473	0.07123211026191711	0.26507237256135935																																						
FDXR	387	0.13217909567871874	0.056432440876960754	0.03536815607300189																																						
FEM1A	226	0.16821594974522286	0.07325093448162079	0.307488986784141																																						
FEM1B	187	0.3065503948284609	0.07619137316942215	0.3694147262429201																																						
FEN1	320	0.08753148242485381	0.06629378348588943	0.1656387665198238																																						
FERMT2	200	0.1362096934858287	0.10068847239017487	0.7072372561359346																																						
ANAPC16	110	0.13487918435769058	0.09847140312194824	0.6897419760855884																																						
FES	63	0.13276061248137733	0.12588971853256226	0.8580239144115797																																						
FEV	314	0.17289103705251851	0.06028556078672409	0.07400881057268723																																						
FEZ1	234	0.34526274858305617	0.06726779043674469	0.1841409691629956																																						
FEZ2	374	0.06032892438767137	0.05598112940788269	0.03196979232221523																																						
FGD6	209	0.1998869495588843	0.07028304785490036	0.24392699811202015																																						
ANAPC1	114	0.39261966296049394	0.10391390323638916	0.7374449339207049																																						
FGF2	171	0.1697486686541303	0.07908356189727783	0.42454373820012586																																						
FGFR1OP2	382	0.2701014988767493	0.05418483167886734	0.02328508495909377																																						
FGFR1OP	236	0.042042525431543666	0.09356874227523804	0.6393958464443046																																						
FGFR1	298	0.1531885000940044	0.06553298979997635	0.1524229074889868	ERK/MAPK										1.5200716																											
FGFR3	272	0.2711135048377836	0.06488065421581268	0.14008810572687225	ERK/MAPK										7.563528																											
FGFR4	154	0.16559503247404436	0.08339773118495941	0.503335431088735	ERK/MAPK										0.11128507																											
FGFRL1	188	0.1412305405924336	0.07365449517965317	0.31755821271239776																																						
FGGY	298	0.0	0.07800522446632385	0.40541220893643803																																						
FHIT	258	0.08389497961774144	0.0676119476556778	0.19169288860918818																																						
FHL2	218	0.0	0.07403010129928589	0.3233480176211454																																						
FHL3	320	0.11543441863258486	0.06091303378343582	0.08067967275015733																																						
FHOD1	135	0.15901947322829374	0.08712100237607956	0.5572057898049088																																						
FH	108	0.09561088402687963	0.11117087304592133	0.786784140969163																																						
FIBP	179	0.04514167201784743	0.08257085829973221	0.4873505349276274																																						
FIGNL1	248	0.06813963050536419	0.061721183359622955	0.09037130270610447																																						
FIS1	123	0.13627677995984336	0.09985500574111938	0.7008181246066708																																						
FIZ1	194	0.04815634504897213	0.08888142555952072	0.5812460667086218																																						
FJX1	825	0.09847868090269993	0.047260817140340805	0.005412208936438011																																						
FKBP14	227	0.0873235594717288	0.06824249029159546	0.2027690371302706																																						
FKBP15	123	0.24099962306189002	0.10227203369140625	0.7242290748898679																																						
FKBP1A	131	0.14602673844256833	0.09389644861221313	0.6425424795468848																																						
FKBP1B	107	0.0	0.11271392554044724	0.7947136563876652																																						
FKBP2	183	0.3091182564966328	0.07488196343183517	0.3419760855884204																																						
FKBP3	397	0.1745532283866559	0.054174259305000305	0.022781623662680932																																						
FKBP4	184	0.07923418777106359	0.07647571712732315	0.37520453115166774																																						
FKBP5	213	0.10990666501140983	0.07100354880094528	0.2604153555695406	AR;GR;MR											0.27580068							0.47887465																			
ABCD3	207	0.07017349943088085	0.07296813279390335	0.30056639395846446																																						
FKBP7	311	0.04559784839287728	0.05923961102962494	0.06003775959723096																																						
FKBP8	135	0.3001477298922373	0.10740493983030319	0.7623662680931403																																						
FKBP9	211	0.12537572489995472	0.11083638668060303	0.7847702957835117																																						
FKRP	229	0.07226906364259812	0.07166413962841034	0.27337948395217115																																						
FLAD1	174	0.09556327292896373	0.08467642217874527	0.5205789804908748																																						
FLCN	105	0.2398474749249857	0.12353390455245972	0.8483322844556325																																						
FLI1	143	0.0	0.10421473532915115	0.7400881057268722																																						
FLII	320	0.22351327735191845	0.06781355291604996	0.19521711768407804																																						
FLNA	328	0.08929907819646601	0.05846956744790077	0.0526117054751416																																						
ANAPC7	160	0.29850021493354645	0.08636435866355896	0.544115796098175																																						
FLNB	169	0.233954274262091	0.08182387053966522	0.4751415984896161																																						
FLNC	238	0.0882874209157824	0.06771855056285858	0.1934550031466331																																						
FLOT1	208	0.1566898253638478	0.07466097921133041	0.33757079924480804																																						
FLOT2	230	0.10447740018274486	0.06988649815320969	0.2367526746381372																																						
FLVCR1	119	0.16523912950097805	0.1238510012626648	0.8499685336689742																																						
FLYWCH1	246	0.1340503506388373	0.07554002851247787	0.3558212712397734																																						
FLYWCH2	241	0.04719035325094555	0.0654754787683487	0.1515418502202643																																						
FMNL1	187	0.33932404133701066	0.09833712875843048	0.6879798615481435																																						
FMNL3	265	0.0	0.06309894472360611	0.11038388923851479																																						
ANGEL2	110	0.2118233109261835	0.0963008776307106	0.668470736312146																																						
FMR1	252	0.368555643849136	0.06709782034158707	0.18124606670862178																																						
FN1	196	0.0	0.07685566693544388	0.38237885462555066																																						
FN3KRP	81	0.22333528527166369	0.10873986035585403	0.7714285714285715																																						
FNBP4	357	0.2269510970649917	0.08451949805021286	0.5184392699811202																																						
FNDC3B	152	0.4351370373365617	0.08039728552103043	0.44921334172435495																																						
FNDC4	235	0.18568584899568305	0.06795818358659744	0.19798615481434864																																						
FNIP1	121	0.09947605994290086	0.10811680555343628	0.7672750157331655																																						
FNIP2	210	0.21576299052482575	0.07075793296098709	0.25412208936438013																																						
FNTA	108	0.1901399744468548	0.10860847681760788	0.7702957835116425																																						
FOLR3	425	0.0	0.04905993863940239	0.0078036500943989935																																						
FOPNL	91	0.2457602909475458	0.1128271073102951	0.7953429830081813																																						
FOSL1	192	0.2671876158703113	0.08168372511863708	0.47287602265575834	Wnt																																	0.1128142				
FOSL2	87	0.0	0.10604329407215118	0.7533039647577092																																						
FOXA1	240	0.322185699929255	0.06559767574071884	0.15355569540591568																																						
FOXA2	85	0.0	0.11463192105293274	0.8062932662051605																																						
FOXA3	183	0.0	0.07420659810304642	0.3277533039647577																																						
FOXB1	208	0.0	0.06948787719011307	0.228823159219635																																						
FOXC1	188	0.2167830254194258	0.07570422440767288	0.3590937696664569																																						
FOXC2	167	0.0	0.08087215572595596	0.45752045311516676																																						
ANK1	99	0.10353848752121643	0.10763412714004517	0.7636249213341725																																						
FOXD2	165	0.0	0.0776284709572792	0.39823788546255506																																						
FOXD3	229	0.3837993120741527	0.06805676966905594	0.1998741346758968																																						
FOXD4L1	184	0.0	0.08858230710029602	0.5773442416614223																																						
FOXE3	210	0.0	0.0730741024017334	0.3030837004405286																																						
FOXG1	184	0.07854721023606928	0.08341634273529053	0.5038388923851479																																						
FOXH1	286	0.0	0.05965978652238846	0.0658275645059786																																						
FOXI1	281	0.0	0.060249678790569305	0.07337948395217117																																						
FOXJ1	164	0.0	0.08090388029813766	0.45865324103209565																																						
FOXJ2	210	0.07464809251708601	0.07075825333595276	0.2542479546884833																																						
FOXJ3	198	0.10665991402054306	0.07395502924919128	0.32208936438011326																																						
FOXK1	162	0.28430578681749885	0.10001930594444275	0.7028319697923222																																						
FOXK2	155	0.4948248636697397	0.09063360840082169	0.6037759597230963																																						
FOXL1	267	0.0	0.0628657341003418	0.10673379483952171																																						
ANKFY1	220	0.2903256815007855	0.07357995957136154	0.31554436752674636																																						
FOXL2	375	0.23893855260668934	0.057379283010959625	0.04367526746381372																																						
FOXM1	224	0.17634093080339702	0.06747914850711823	0.1881686595342983																																						
FOXN1	116	0.0	0.1060771718621254	0.7534298300818124																																						
FOXN2	232	0.21182158667586976	0.08694714307785034	0.5539332913782253																																						
FOXO1	185	0.3241711423545038	0.1434796154499054	0.9102580239144116	Insulin/FOXO;PR															0.79327947											0.10324518											
FOXO3	254	0.4916465433917917	0.06883002817630768	0.2143486469477659	PI3K/PTEN																								0.860386													
ANKHD1	191	0.3392643938025591	0.07670639455318451	0.378980490874764																																						
FOXO4	293	0.1924250224428508	0.06574580073356628	0.1564505978602895																																						
FOXO6	144	0.0	0.08841173350811005	0.5750786658275645																																						
FOXP2	118	0.0	0.09501529484987259	0.6557583385777218																																						
FOXP4	239	0.12195736158064348	0.06768851727247238	0.19307740717432348																																						
FOXR1	255	0.0	0.06564052402973175	0.15456261799874135																																						
FOXRED1	242	0.12724185937739352	0.06972415745258331	0.23373190685966017																																						
FOXRED2	122	0.0663783708756759	0.1367197036743164	0.8940213971050975																																						
FPGS	53	0.31017791095937586	0.1382644772529602	0.8975456261799875																																						
FPGT	157	0.0	0.08033055812120438	0.44757709251101324																																						
FRA10AC1	60	0.28251283220448803	0.13738082349300385	0.8952800503461297																																						
ANKLE1	85	0.0	0.11126600950956345	0.7869100062932662																																						
ABCD4	117	0.0	0.09413345158100128	0.6448080553807426																																						
FRG1	106	0.2923542017137544	0.10233128070831299	0.7246066708621774																																						
FRG2	111	0.0	0.1037936583161354	0.7366897419760856																																						
FRMD8	152	0.11746315280872688	0.0863795354962349	0.5443675267463813																																						
FRRS1	170	0.3099276118607379	0.08655145764350891	0.5481434864694776																																						
FRYL	278	0.1391550521478995	0.06350946426391602	0.11667715544367527																																						
FSCN1	292	0.19869933352168895	0.05925922095775604	0.06028949024543738																																						
FTH1	73	0.1619209770828182	0.11297472566366196	0.7964757709251101																																						
ANKLE2	288	0.2115742168684208	0.06739634275436401	0.18640654499685336																																						
FTL	158	0.15085302373169804	0.08340375870466232	0.5034612964128382																																						
FTO	240	0.11477373920788818	0.06768633425235748	0.19295154185022026																																						
FTSJ1	130	0.30790156809552005	0.1013239249587059	0.7139081183134046																																						
MRM2	211	0.15277966809688007	0.08324059098958969	0.4998112020138452																																						
FUBP1	68	0.1816273435100914	0.15960541367530823	0.9371932032724984																																						
FUBP3	118	0.2324914879598735	0.09920868277549744	0.6954059156702328																																						
FUCA1	173	0.09219216629492023	0.07694283872842789	0.38363750786658274																																						
FUCA2	248	0.1019885735754661	0.07057096064090729	0.250471994965387																																						
FUNDC1	335	0.042961459286323785	0.0644121989607811	0.13089993706733793																																						
FUNDC2	69	0.12907935703790271	0.2853067219257355	0.9930774071743235																																						
FUOM	151	0.01395237305949285	0.0883493423461914	0.574197608558842																																						
FUS	215	0.3668485286596496	0.07229539752006531	0.2867212083071114																																						
FUT10	127	0.05600928579246825	0.0910767912864685	0.6105726872246696																																						
FUT1	163	0.13999990132863233	0.08979276567697525	0.5932032724984266																																						
FUT8	341	0.12587494752857215	0.05637679621577263	0.03436123348017621																																						
FXN	306	0.09771126287121512	0.0726991817355156	0.29427312775330394																																						
ANKMY2	173	0.07431967165690027	0.0804862529039383	0.45084959093769666																																						
FXR1	204	0.1063933585305494	0.07307411730289459	0.3032095657646318																																						
FXYD5	318	0.039977078390799406	0.05751897767186165	0.044808055380742604																																						
FYN	219	0.15760347803902885	0.09862086921930313	0.6910006293266205																																						
FYTTD1	65	0.18368995075837255	0.13269487023353577	0.8831969792322215																																						
FZD2	187	0.09597375541302958	0.07526057958602905	0.35066079295154184	Wnt																																	0.09565742				
FZD3	177	0.4138909564563217	0.07998030632734299	0.44115796098174953	Wnt																																	0.49589404				
FZD5	197	0.06769274390197194	0.08621668070554733	0.5421019509125236	Wnt																																	0.241031				
FZR1	136	0.3532027718781117	0.09202024340629578	0.6222781623662681																																						
ANKRA2	123	0.09893374681341503	0.12306562066078186	0.8464443045940844																																						
G3BP1	62	0.07776113485750602	0.14277072250843048	0.9089993706733794																																						
G3BP2	175	0.2856325740453756	0.08300871402025223	0.4962869729389553																																						
G6PC3	120	0.09025455949934467	0.09429220855236053	0.6464443045940843																																						
G6PD	175	0.38938361481849815	0.07978791743516922	0.4386406544996853																																						
GAA	134	0.12267336419566158	0.08856771886348724	0.5769666456891126																																						
GAB2	424	0.4788884357626617	0.23826277256011963	0.983763373190686																																						
GAB3	133	0.0	0.09086009860038757	0.6071743234738829																																						
GABARAPL1	165	0.2356190416840517	0.09417378157377243	0.6455632473253619																																						
GABARAPL2	82	0.2083234332726071	0.1109965592622757	0.7857772183763373																																						
ANKRD10	163	0.16373838901047486	0.0803532674908638	0.44795468848332287																																						
GABARAP	140	0.06832449043462452	0.08707190304994583	0.5560730018879798																																						
GABBR1	222	0.11248344397583504	0.07604818791151047	0.3656387665198238																																						
GABPA	196	0.3484622367581605	0.08324044942855835	0.49968533668974197																																						
GABPB1	154	0.38346100763595387	0.11873556673526764	0.8273127753303965																																						
GABRE	209	0.0	0.07238015532493591	0.2884833228445563																																						
GABRG3	72	0.0	0.13863147795200348	0.8988042794210195																																						
GAD1	251	0.10369256840961599	0.06262630224227905	0.10346129641283826																																						
GADD45GIP1	91	0.1912887373628332	0.13938026130199432	0.9018250471994965																																						
ANKRD11	563	0.2997764822617681	0.08057881891727448	0.4527375707992448																																						
GALC	285	0.08132024723728311	0.06405223906040192	0.1248584015103839																																						
GALE	156	0.07035372983730426	0.07966258376836777	0.43624921334172434																																						
GALK1	116	0.07837614293609364	0.09596890956163406	0.6650723725613593																																						
GALM	96	0.02736344510967821	0.10838421434164047	0.768785399622404																																						
GALNT10	161	0.19314142999141615	0.07917860895395279	0.4270610446821901																																						
GALNT11	284	0.13751660456538795	0.062770776450634	0.10547514159848961																																						
GALNT12	141	0.21663139278369575	0.085752934217453	0.5364380113278792																																						
ANKRD12	206	0.16591964314410645	0.0740874707698822	0.3246066708621775																																						
GALNT2	211	0.0602143601876401	0.07147462666034698	0.2702328508495909																																						
GALNT5	81	0.0	0.11051394045352936	0.7828823159219634																																						
GALNT6	158	0.07544831621274499	0.100711889564991	0.7082441787287602																																						
GALNT7	57	0.055194080866764236	0.1420421004295349	0.9076148521082442																																						
GALT	229	0.0	0.0745500922203064	0.33467589679043425																																						
GAL	444	0.07800847188559835	0.05033160001039505	0.009565764631843927																																						
GAMT	246	0.0657874787559108	0.06789042800664902	0.19660163624921334																																						
GANAB	268	0.11894479660032545	0.06675490736961365	0.17444933920704847																																						
GANC	57	0.3197656377549515	0.13673579692840576	0.8941472624292007																																						
ANKRD13A	59	0.057854925705451976	0.14075231552124023	0.904468219005664																																						
GAN	307	0.08496443596489604	0.059797752648591995	0.06708621774701069																																						
GAPDH	258	0.14600165524752726	0.07298525422811508	0.3010698552548773																																						
GAPVD1	140	0.12373121533273496	0.09223420917987823	0.6251730648206419																																						
GAR1	271	0.16745977028977854	0.09469053149223328	0.6511013215859031																																						
GARS	486	0.3618515708910132	0.055753663182258606	0.031214600377595974																																						
GAS2L1	218	0.0908561291798941	0.06907396763563156	0.21862806796727502																																						
GAS6	240	0.1860323898031795	0.07223333418369293	0.2850849590937697																																						
GAS8	261	0.3153083923104729	0.06196048855781555	0.09427312775330396																																						
ANKRD13B	495	0.2979782741713767	0.050107818096876144	0.009188168659534299																																						
GATA3	118	0.0	0.0955520048737526	0.6615481434864695																																						
GATA4	175	0.0	0.07545120269060135	0.3538074260541221																																						
GATA5	287	0.0	0.061977364122867584	0.09452485840151038																																						
GATA6	105	0.0	0.105082206428051	0.7456261799874134																																						
GATAD1	170	0.2453702253644443	0.08974599093198776	0.5925739458779107																																						
ANKRD13C	132	0.0	0.09450382739305496	0.6485840151038389																																						
GATAD2B	258	0.1539057718725636	0.06664678454399109	0.17168030207677784																																						
GATC	212	0.30200940294256434	0.07235143333673477	0.2878539962240403																																						
GBA2	186	0.08447543038347302	0.09490135312080383	0.6537444933920705																																						
NIPSNAP2	242	0.19596679911750645	0.06594301015138626	0.15909376966645689																																						
GBA	220	0.4647350827062615	0.07466090470552444	0.33744493392070485																																						
GBE1	99	0.0	0.10462717711925507	0.7438640654499685																																						
GBF1	82	0.3507490777074536	0.18379004299640656	0.9578351164254248																																						
GBGT1	141	0.0	0.0864393413066864	0.5457520453115167																																						
ANKRD13D	337	0.3753829872137748	0.0699775218963623	0.23914411579609818																																						
GBX2	194	0.16455974763909825	0.07414668798446655	0.326117054751416																																						
GCAT	254	0.16382346121630875	0.06445374339818954	0.131529263687854																																						
GCC1	112	0.15616923792213894	0.09300608932971954	0.6343612334801763																																						
GCC2	117	0.10671219211380553	0.09647475928068161	0.6703587161736941																																						
GCDH	187	0.1177094154599954	0.08114821463823318	0.46293266205160477																																						
GCFC2	155	0.0	0.08068377524614334	0.4544996853366897																																						
GCHFR	164	0.054089128857126426	0.07645697891712189	0.3745752045311517																																						
GCLC	326	0.08928591841426145	0.0809757187962532	0.46028949024543736																																						
ANKRD16	131	0.042154948119270966	0.09686350077390671	0.6743864065449968																																						
GCLM	202	0.2572755219913824	0.07723777741193771	0.38980490874764																																						
GCM1	184	0.0	0.07580327242612839	0.36047828823159217																																						
GCM2	251	0.0	0.06910939514636993	0.21913152926368784																																						
GCOM1	197	0.0	0.07610830664634705	0.36702328508495907																																						
GCSH	337	0.15381979284504474	0.09034967422485352	0.6																																						
GDAP2	264	0.25049385097409865	0.07013549655675888	0.242039018250472																																						
GDE1	309	0.05660022517006338	0.05846313759684563	0.05248584015103839																																						
GDF11	281	0.22018584857844345	0.06560201197862625	0.1538074260541221																																						
GDI1	237	0.18169724615341631	0.08134783059358597	0.46620516047828825																																						
GDI2	135	0.15729341450530349	0.09699752926826477	0.676274386406545																																						
GDPD5	376	0.0	0.05947352573275566	0.0631843926998112																																						
GEMIN2	142	0.05204347925458799	0.10730268061161041	0.7607300188797986																																						
GEMIN4	89	0.07294643982982918	0.18632608652114868	0.9599748269351793																																						
GEMIN5	110	0.05540201291097675	0.2611871063709259	0.9901825047199496																																						
GEMIN6	242	0.11545742525712673	0.08750996738672256	0.5629955947136563																																						
GEMIN7	380	0.14965436098907228	0.05382666736841202	0.02076777847702958																																						
GEMIN8	187	0.16094602009908748	0.10161665827035904	0.718313404657017																																						
ANKRD26	229	0.0551793793462058	0.06620100140571594	0.16412838263058527																																						
GEN1	154	0.33722508423127195	0.08696315437555313	0.5543108873505349																																						
GET4	217	0.0	0.07954266667366028	0.43385777218376337																																						
GFER	415	0.1654916385927175	0.14915262162685394	0.920075519194462																																						
GFI1	165	0.4490221165292841	0.08239196985960007	0.48432976714915044																																						
GFM1	481	0.03194593822222616	0.11679963022470474	0.8182504719949654																																						
GFM2	52	0.44407639731637577	0.14328333735466003	0.909880427942102																																						
GFOD1	330	0.12025540041093535	0.05885712429881096	0.05601006922592826																																						
GFOD2	276	0.18654845686391086	0.09228798747062683	0.625802391441158																																						
ANKRD27	245	0.08558135564239909	0.07752511650323868	0.39609817495280053																																						
GFPT1	114	0.0380487871243155	0.11049392819404602	0.7826305852737571																																						
GGA1	241	0.18394164420932185	0.06667305529117584	0.1724354940213971																																						
GGA2	198	0.11683601181730086	0.07196182757616043	0.27979861548143486																																						
GGA3	294	0.17861617514621933	0.06175975129008293	0.09112649465072373																																						
GGCT	315	0.044401903610110094	0.05954743176698685	0.06469477658904972																																						
GGCX	102	0.28045802056318553	0.09813834726810455	0.6858401510383889																																						
GGH	59	0.0	0.13828009366989136	0.8977973568281938																																						
GGPS1	242	0.256963785634784	0.07868368923664093	0.4177470106985525																																						
GGT1	149	0.0	0.08286740630865097	0.49276274386406543																																						
GHDC	130	0.16512962097345393	0.09085635095834732	0.6070484581497797																																						
GHITM	125	0.05072568160659758	0.10281533747911453	0.7290119572057898																																						
GID4	147	0.2941661410691791	0.08921071887016296	0.5845185651353052																																						
GID8	230	0.13814046043530526	0.07769659161567688	0.3989930774071743																																						
GIGYF2	251	0.16442360301344347	0.0791211947798729	0.4254247954688483																																						
GINM1	85	0.0	0.11068227142095566	0.784392699811202																																						
GINS1	69	0.2938835883153408	0.24520568549633026	0.9857772183763374																																						
ANKRD33B	237	0.3332672174457382	0.06631079316139221	0.1658904971680302																																						
GINS2	65	0.2143679060096023	0.19196787476539612	0.964002517306482																																						
GINS3	117	0.1359291719190529	0.13132722675800323	0.8780365009439899																																						
GINS4	67	0.20519208662969934	0.21195684373378754	0.9733165512901196																																						
GIPC1	158	0.01812434721715371	0.08630689233541489	0.5433606041535557																																						
GIPC3	183	0.1205845091973737	0.07463748753070831	0.3368156073001888																																						
GIPR	289	0.2667909786165293	0.06121520698070526	0.08382630585273756																																						
GIT1	194	0.14048391836294044	0.07519619911909103	0.34889867841409694																																						
GJA3	256	0.0	0.06688021123409271	0.17658904971680303																																						
GJC1	231	0.12055560901189455	0.06729429215192795	0.18464443045940843																																						
ANKRD36C	103	0.04512623366402106	0.09836874157190323	0.6883574575204531																																						
GK5	180	0.04322257839428049	0.07711831480264664	0.38728760226557585																																						
GKAP1	72	0.2491098602678185	0.1460481882095337	0.9142857142857143																																						
GK	178	0.0	0.07940206676721573	0.4313404657016992																																						
GLA	68	0.07197037241864357	0.12003490328788757	0.8331025802391441																																						
GLB1L2	196	0.0	0.07739730924367905	0.3932032724984267																																						
GLB1	95	0.2313890755113543	0.23132866621017456	0.9812460667086218																																						
GLCCI1	225	0.021289835061730482	0.07484212517738342	0.34071743234738827																																						
GLCE	237	0.11490250675420098	0.06802874058485031	0.19911894273127753																																						
GLG1	194	0.1464023194868501	0.0780404731631279	0.4062932662051605																																						
ANKRD36	153	0.436129375021614	0.08830233663320541	0.5736941472624292																																						
GLI2	120	0.0	0.09257887303829193	0.6288231592196349	Hedgehog;Hippo														0.22819027																							
GLI3	324	0.0	0.05948728322982788	0.06356198867212083	Hedgehog																																					
GLI4	329	0.2335304569786104	0.05678237974643707	0.03864065449968534																																						
GLIS3	249	0.0	0.06809668987989426	0.20037759597230964																																						
GLMN	153	0.03693958071359325	0.10120201110839844	0.7122718691000629																																						
GLO1	170	0.05129137789083001	0.08496364206075668	0.5251101321585903																																						
ANKRD39	78	0.3403523428587117	0.1999141424894333	0.9677784770295783																																						
GLOD4	222	0.2249144486533112	0.06984017044305801	0.23561988672120832																																						
GLOD5	60	0.0	0.13882407546043396	0.8993077407174324																																						
GLRX2	179	0.08444073322673644	0.07969070971012115	0.4368785399622404																																						
GLRX3	346	0.1363907864883551	0.07707058638334274	0.38640654499685334																																						
GLRX5	184	0.10672905403440784	0.09121761471033096	0.6122089364380113																																						
GLRX	237	0.06704208642740997	0.06598057597875595	0.16010069225928256																																						
GLS	69	0.0173805045337441	0.12925580143928528	0.8712397734424167																																						
GLT8D1	342	0.17419755472825854	0.057895924896001816	0.047702957835116425																																						
GLTP	118	0.11695756921948687	0.10168444365262985	0.7188168659534299																																						
NOP53	70	0.3279787407273106	0.15809385478496552	0.9341724354940214																																						
ANKRD40	346	0.4522321267329018	0.054443132132291794	0.024795468848332284																																						
GLUD1	182	0.37369004536181305	0.08156833797693253	0.47073631214600375																																						
GLUD2	142	0.0	0.0899391621351242	0.5948395217117685																																						
GLUL	187	0.11042523173798773	0.09714367985725403	0.6776589049716804																																						
GLYR1	237	0.20601588701814846	0.07611431181430817	0.3672750157331655																																						
GM2A	70	0.07608931235618688	0.12422196567058563	0.8511013215859031																																						
GMCL1	128	0.22839256215900236	0.08812673389911652	0.5709251101321586																																						
GMDS	184	0.1550401882325179	0.07770303636789322	0.39937067337948395																																						
GMEB1	161	0.12333642803113636	0.08557917922735214	0.533920704845815																																						
GMEB2	140	0.16406789704056124	0.09659086167812347	0.6714915040906231																																						
GMFB	177	0.0	0.07788372784852982	0.4027690371302706																																						
ANKRD46	362	0.04889591070672617	0.05590103939175606	0.0315921963499056																																						
GMFG	201	0.06408638825616796	0.07343713194131851	0.3120201384518565																																						
GMIP	182	0.0	0.12394889444112778	0.8500943989930774																																						
GMNN	55	0.11300891370144853	1.8526860475540161	0.9998741346758968																																						
GMPPA	281	0.2525487810702444	0.0617537684738636	0.09100062932662052																																						
GMPPB	347	0.10337001402531634	0.07069898396730423	0.25248584015103837																																						
GMPR2	164	0.08418992661618972	0.09218518435955048	0.6246696035242291																																						
GMPR	136	0.1297712022467573	0.08890307694673538	0.5816236626809314																																						
GMPS	153	0.16038775685578233	0.13393642008304596	0.8860918816865954																																						
GNA11	82	0.21363266156408867	0.11615259945392609	0.8142227816236627																																						
GNA13	117	0.3587072154418103	0.10457906126976013	0.7436123348017621																																						
ANKRD49	311	0.14267371172086366	0.0644662082195282	0.13190685966016363																																						
GNAI2	85	0.10208386087896468	0.11369138211011887	0.8005034612964128																																						
GNAI3	211	0.10201555648335173	0.07162393629550934	0.2726242920075519																																						
GNAS	92	0.24725832322925798	0.1046949177980423	0.7441157960981749																																						
GNB1L	168	0.05651334957849661	0.102783203125	0.7282567652611706																																						
GNB1	52	0.3175644375451192	0.14644205570220947	0.9149150409062303																																						
RACK1	50	0.050275616199925516	0.25308483839035034	0.9875393329137823																																						
GNB2	131	0.1496776389951317	0.08989574760198593	0.5940843297671492																																						
GNB4	123	0.08949491777490146	0.09802215546369553	0.6844556324732536																																						
GNE	107	0.0	0.11062384396791458	0.7838892385147892																																						
GNG10	101	0.07180174994263354	0.10805723816156387	0.7667715544367527																																						
GNG12	192	0.050262056051814434	0.07407686114311218	0.32435494021397104																																						
GNG5	208	0.3099718333992903	0.08225926011800766	0.4825676526117055																																						
GNG7	393	0.02368444373458181	0.05596056580543518	0.03184392699811202																																						
GNL2	205	0.4371397942369457	0.15873102843761444	0.9350534927627439																																						
GNL3L	116	0.10170616770475224	0.1483745574951172	0.918942731277533																																						
GNPAT	167	0.013846925269172371	0.126105397939682	0.8591567023285085																																						
GNPDA1	122	0.05639324652457636	0.09508297592401505	0.6568911264946508																																						
ANKRD54	82	0.1380147730208495	0.11207229644060135	0.7911894273127753																																						
GNPDA2	139	0.0	0.08596917986869812	0.5390811831340465																																						
GNPNAT1	244	0.020798808482307158	0.07748773694038391	0.39534298300818127																																						
GNPTAB	184	0.05246465074233042	0.0793624073266983	0.4303335431088735																																						
GNS	276	0.14797404940838918	0.06275235861539841	0.1052234109502832																																						
GOLGA1	113	0.06613560802854755	0.09829716384410858	0.6874764002517306																																						
GOLGA2	206	0.2930754347299274	0.07974688708782196	0.4381371932032725																																						
GOLGA4	204	0.2006375801931822	0.07726619392633438	0.39056010069225927																																						
GOLGA5	130	0.12346619329313695	0.10937891155481339	0.7757079924480805																																						
ANKRD9	142	0.3032425231413894	0.0871003046631813	0.5569540591567024																																						
GOLGA6L1	482	0.0	0.05078187584877014	0.010320956576463184																																						
GOLGA8B	191	0.325927005958223	0.0739438459277153	0.32171176840780363																																						
GOLGB1	118	0.08209618963776144	0.09910818189382553	0.6941472624292008																																						
GOLIM4	127	0.18331013465595866	0.09880942851305008	0.691881686595343																																						
GOLM1	483	0.035846943920065044	0.048435792326927185	0.0067967275015733165																																						
GOLPH3L	66	0.0	0.12835341691970825	0.868470736312146																																						
ANKS1A	89	0.2489331009485553	0.10965058207511902	0.7774701069855254																																						
GOLPH3	107	0.12704036418267384	0.10428966581821442	0.7409691629955947																																						
GOLT1B	101	0.353140721439305	0.13386952877044678	0.8857142857142857																																						
GOPC	139	0.17684881863222265	0.08546121418476105	0.5324103209565765																																						
GORAB	249	0.2526928660447867	0.06834396719932556	0.20578980490874765																																						
GORASP1	245	0.41884389937299255	0.06414832919836044	0.1263687853996224																																						
GORASP2	194	0.21407472169859296	0.07263706624507904	0.29314033983637505																																						
GOSR1	130	0.05558182013296482	0.09335239976644516	0.6380113278791693																																						
GOSR2	126	0.2842170591703474	0.10246086120605469	0.726117054751416																																						
ANKS3	210	0.1248985888769274	0.07553655654191971	0.3556954059156702																																						
GOT1	240	0.07661761436359661	0.07289964705705643	0.2988042794210195																																						
GOT2	232	0.12577628144919134	0.07293248921632767	0.2993077407174323																																						
GP1BB	298	0.09418635961683508	0.062335751950740814	0.09893014474512273																																						
GP6	262	0.4589219910052655	0.07543905824422836	0.3535556954059157																																						
GPAA1	141	0.12627585884397327	0.0833309143781662	0.5015733165512901																																						
GPALPP1	86	0.15907943316080886	0.13425734639167786	0.8879798615481435																																						
GPANK1	99	0.3657969739231381	0.10437329858541489	0.7414726242920076																																						
GPATCH11	136	0.08077905774726364	0.08957266062498093	0.5908118313404657																																						
GPATCH1	215	0.3328407920504189	0.1011432483792305	0.7113908118313405																																						
GPATCH2L	225	0.025603956189827703	0.06778841465711594	0.1947136563876652																																						
ANKS6	220	0.08672559896837642	0.07125471532344818	0.26557583385777217																																						
GPATCH3	262	0.27662369316314417	0.06469018757343292	0.1368156073001888																																						
GPATCH4	208	0.13744258646408916	0.07513325661420822	0.3475141598489616																																						
GPATCH8	284	0.21838903403268556	0.0672353133559227	0.18325991189427313																																						
GPBP1L1	190	0.2457707877486676	0.08766669780015945	0.5651353052234109																																						
GPBP1	284	0.1811313063312582	0.07344178110361099	0.31214600377595975																																						
GPCPD1	227	0.033033210121778615	0.07102041691541672	0.26104468219005666																																						
GPD1L	178	0.0	0.08029601722955704	0.44669603524229073																																						
GPD2	132	0.29012219271955103	0.0869513675570488	0.5540591567023285																																						
GPHN	274	0.06508376730279106	0.06245655566453934	0.10081812460667086																																						
ANKZF1	252	0.10267780096030968	0.0633123517036438	0.11365638766519824																																						
GPI	231	0.040342630906686106	0.07198759913444519	0.28042794210195093																																						
GPKOW	83	0.1999737588794889	0.1432318091392517	0.9097545626179987																																						
GPN3	129	0.2362224407518216	0.3005545437335968	0.9940843297671491																																						
GPR107	129	0.3790526853878737	0.09748846292495728	0.679924480805538																																						
GPR108	201	0.0755007490972998	0.08025174587965012	0.4456891126494651																																						
GPR137	184	0.2012180494055461	0.08080166578292847	0.45588420390182505																																						
GPR160	244	0.1351784502816134	0.06722888350486755	0.1831340465701699																																						
ANLN	166	0.11866376942642587	0.07924606651067734	0.4290748898678414																																						
GPR180	208	0.06039447000615013	0.07274036854505539	0.29528005034612964																																						
GPR61	238	0.0	0.0660078376531601	0.16085588420390182																																						
GPR89A	129	0.3805526772511401	0.0908423662185669	0.6065449968533669																																						
GPRC5C	217	0.33252200248795694	0.06924470514059067	0.2225298930144745																																						
GPRIN1	253	0.0	0.0668543204665184	0.1762114537444934																																						
GPS1	671	0.2072285651143416	0.09455441683530807	0.6490874764002518																																						
GPS2	305	0.10087866284155453	0.09254442155361176	0.6286972938955318																																						
GPSM1	359	0.0	0.05661061778664589	0.03725613593455003																																						
ANO10	241	0.055502055439607366	0.06600743532180786	0.16073001887979863																																						
GPSM2	242	0.3723219526006987	0.06540398299694061	0.14940213971050975																																						
GPSM3	257	0.06788464083698613	0.06724019348621368	0.18338577721837634																																						
GPX4	322	0.2106648455556084	0.05884585157036781	0.055884203901825046																																						
GRAMD1A	255	0.1439564105076007	0.06718599051237106	0.18263058527375708																																						
GRB10	294	0.1955172441044459	0.069524385035038	0.2302076777847703	mTOR																																				1.1533594	
ANO6	134	0.13641588438144636	0.1044684424996376	0.7426054122089364																																						
GRHL1	241	0.0	0.06974466145038605	0.2341095028319698																																						
GRIPAP1	227	0.15891433654248358	0.06854939460754395	0.20956576463184393																																						
GRK6	161	0.2653193333858228	0.09195797890424728	0.6212712397734425																																						
GRN	118	0.05174467065251848	0.11159203201532364	0.7889238514789175																																						
GRPEL1	206	0.3818296379115457	0.15120312571525574	0.9241032095657646																																						
GRPEL2	296	0.11285122857172497	0.06273680925369263	0.10509754562617998																																						
GRSF1	273	0.0932049935785614	0.09206708520650864	0.6231592196349905																																						
GRTP1	331	0.02383102621738321	0.05636780336499214	0.034235368156073004																																						
GRWD1	420	0.16901164263250934	0.06549655646085739	0.15191944619257394																																						
GSDMA	264	0.0	0.0625273734331131	0.10195091252359975																																						
ANP32B	260	0.10789350672963444	0.08858708292245865	0.5774701069855255																																						
GSK3A	292	0.10146297303630387	0.06077876314520836	0.07942101950912524																																						
GSK3B	227	0.22454512015416705	0.12426193058490753	0.8513530522341095	Insulin/FOXO;Wnt															0.38565385																		3.7618897				
GSKIP	281	0.27298586614769976	0.0637107565999031	0.12045311516677155																																						
GSN	184	0.09421015471761683	0.0744207352399826	0.3312775330396476																																						
GSR	194	0.1238600456963943	0.07686197757720947	0.38250471994965385																																						
GSS	170	0.048664381416661136	0.07912382483482361	0.42555066079295156																																						
GSTK1	215	0.07875937200130982	0.06915351748466492	0.22051604782882317																																						
GSTM3	209	0.06985569222585558	0.07093555480241776	0.258275645059786																																						
ANP32E	154	0.08672387339864858	0.08145065605640411	0.46771554436752677																																						
GSTM4	102	0.0	0.10105042159557343	0.7106356198867212																																						
GSTO1	150	0.11441236111441452	0.09377594292163849	0.6410320956576463																																						
GSTP1	122	0.02494461524551374	0.09162385016679764	0.6169918187539333																																						
GSTZ1	169	0.14319324949968987	0.0800483301281929	0.442039018250472																																						
GTF2A1	144	0.2789626603822386	0.18791218101978302	0.9607300188797986																																						
GTF2A2	237	0.131089035008789	0.14438536763191223	0.9117684078036501																																						
GTF2E1	219	0.1727550727505434	0.14236174523830414	0.9079924480805538																																						
ANTXR2	171	0.11491882672550205	0.0789538100361824	0.4225298930144745																																						
GTF2E2	115	0.07848869866702858	0.16971725225448608	0.9461296412838263																																						
GTF2F1	80	0.05520754559554807	0.12748010456562042	0.8651982378854626																																						
GTF2F2	62	0.08697106053966061	0.20163145661354065	0.9686595342983009																																						
GTF2H1	223	0.21999326048799728	0.2163729965686798	0.9752045311516677																																						
GTF2H2C	176	0.0	0.08990007638931274	0.5942101950912524																																						
GTF2H2	382	0.08243204581874472	0.06474556028842926	0.13731906859660165																																						
GTF2H3	130	0.08319967347562372	0.1308317482471466	0.8761485210824418																																						
GTF2H4	153	0.13419575785242022	0.16086849570274353	0.9383259911894273																																						
GTF2H5	98	0.14928098582366314	0.11168074607849121	0.7893014474512272																																						
GTF2IRD1	93	0.0	0.1145767793059349	0.806041535556954																																						
ANXA11	133	0.0439982047163121	0.09077587723731995	0.6059156702328509																																						
GTF2IRD2B	224	0.0	0.06824290752410889	0.20289490245437383																																						
GTF2IRD2	300	0.08751423988560446	0.06004912406206131	0.07035871617369414																																						
GTF2I	230	0.4534542174498234	0.07065551728010178	0.25210824417872874																																						
GTF3A	132	0.10308633351170593	0.09996155649423599	0.702076777847703																																						
GTF3C1	301	0.051926540716181024	0.07774070650339127	0.4																																						
GTF3C2	240	0.12985254386405998	0.12997159361839294	0.8735053492762744																																						
GTF3C3	159	0.04244709690459951	0.15373112261295319	0.9282567652611705																																						
GTF3C5	424	0.20577991080655728	0.0569392591714859	0.040276903713027064																																						
GTF3C6	509	0.08333727396438723	0.06946282833814621	0.2276903713027061																																						
ANXA1	119	0.0	0.09387198835611343	0.6421648835745752																																						
GTPBP10	151	0.17512893733098145	0.10597851872444153	0.7530522341095028																																						
GTPBP1	235	0.14018116672852174	0.06827298551797867	0.20327249842668346																																						
GTPBP2	321	0.2717878843057123	0.05752290412783623	0.04505978602894902																																						
GTPBP3	145	0.05562745702286386	0.08414473384618759	0.514159848961611																																						
GTPBP4	114	0.4474067936445522	0.1321568489074707	0.8815607300188798																																						
GTPBP8	93	0.022749767139457838	0.11444296687841415	0.8051604782882316																																						
GTSE1	253	0.2540762432570487	0.06675230711698532	0.17432347388294525	p53																																					0.47954348
ANXA2R	100	0.29574771245600223	0.10656990855932236	0.7564505978602895																																						
ABCF2	217	0.040873697789223486	0.07196437567472458	0.2800503461296413																																						
GUF1	62	0.056469125733206435	0.12754379212856293	0.8657016991818753																																						
GUK1	313	0.1396766817372057	0.059069640934467316	0.05814977973568282																																						
GULP1	70	0.16768840322824008	0.1255197674036026	0.8567652611705475																																						
GUSB	230	0.09269718336192474	0.06805066764354706	0.19962240402769038																																						
GXYLT1	221	0.23580247686760725	0.06772184371948242	0.19370673379483952																																						
GYG1	270	0.056462429801094165	0.09183016419410706	0.6200125865324103																																						
GYPB	115	0.083366103577607	0.10276580601930618	0.7280050346129642																																						
GYPC	114	0.1714843861938593	0.11457426100969315	0.8059156702328508																																						
GYPE	53	0.20536529106248708	0.13708342611789703	0.8947765890497168																																						
GYS1	291	0.05955346534395355	0.06419204920530319	0.1275015733165513																																						
GZF1	307	0.3088001344587731	0.06001969799399376	0.06998112020138451																																						
H1FX	175	0.10442111743741644	0.07834705710411072	0.4117054751415985																																						
H2AFV	311	0.12138916392685392	0.05790046229958534	0.04795468848332284																																						
H2AFX	309	0.09695884951512164	0.06008412688970566	0.07149150409062303																																						
H2AFY	155	0.0431279123636886	0.08875921368598938	0.5797356828193833																																						
H2AFZ	271	0.11770170345540724	0.07911723107099533	0.4252989301447451																																						
H3F3A	522	0.3687186853971818	0.04835094138979912	0.006419131529263688																																						
H3F3B	132	0.2005026877227126	0.08881666511297226	0.5804908747640025																																						
HACE1	249	0.1201700640775729	0.0655440092086792	0.15280050346129642																																						
ANXA3	217	0.2630188646231098	0.06830576062202454	0.20427942101950913																																						
HACL1	158	0.2715639746732004	0.08094203472137451	0.45978602894902454																																						
HADHA	82	0.11426503219582886	0.12560564279556274	0.8572687224669604																																						
HADHB	63	0.3385865870977015	0.16759368777275085	0.9444933920704845																																						
HADH	183	0.12232788028941798	0.07477092742919922	0.339332913782253																																						
HAGHL	274	0.09791772489587948	0.06803721934556961	0.19937067337948394																																						
HAGH	116	0.0497572071916356	0.09807448834180832	0.6847073631214601																																						
HAMP	83	0.0	0.11443397402763367	0.8050346129641284																																						
HAND1	200	0.0	0.07175705581903458	0.2750157331655129																																						
ANXA4	126	0.12753990957456804	0.09987612813711166	0.7009439899307741																																						
HARS2	104	0.08305484718321192	0.1547490358352661	0.9303964757709251																																						
HARS	153	0.06566572863744047	0.26056164503097534	0.98980490874764																																						
HAUS3	193	0.12879634431201878	0.07954052835702896	0.43360604153555693																																						
HAUS4	71	0.19276236130798566	0.18109974265098572	0.9556954059156703																																						
ANXA5	264	0.02412419836256494	0.06405302882194519	0.12511013215859032																																						
HAUS7	196	0.0	0.11756940931081772	0.8219005663939585																																						
HAUS8	152	0.1832432686442531	0.10248281806707382	0.7262429200755192																																						
HAX1	191	0.1334641931713534	0.08153889328241348	0.47010698552548774																																						
HBD	92	0.04079395513425012	0.10587760806083679	0.7524229074889868																																						
ANXA6	238	0.021094732809743773	0.06659898906946182	0.17067337948395217																																						
HBG1	84	0.17050047040759564	0.11823464930057526	0.8252989301447451																																						
HBG2	186	0.029104393385942763	0.076229989528656	0.37016991818753936																																						
HBP1	182	0.07377834855632838	0.07813369482755661	0.40755191944619257																																						
HBQ1	216	0.07675199160554604	0.07008641213178635	0.2407803650094399																																						
HBS1L	71	0.2426123348144237	0.24375545978546143	0.9851478917558213																																						
HBZ	71	0.0718791684563721	0.1210230365395546	0.8378854625550661																																						
HCCS	134	0.06527394717972718	0.13452383875846863	0.8887350534927627																																						
HCFC1R1	80	0.3454499801880153	0.11559124290943146	0.8109502831969793																																						
ANXA7	159	0.1689129616596854	0.09984505921602249	0.7006922592825676																																						
HDAC10	135	0.04474217650634723	0.08969230204820633	0.5916928886091881																																						
HDAC1	165	0.08507594710341915	0.0938575491309166	0.642039018250472																																						
HDAC2	98	0.3460951647262761	0.12036176025867462	0.8351164254247955																																						
HDAC3	142	0.30568271150360954	0.09656553715467453	0.6709880427942102																																						
HDAC5	129	0.36667528314050296	0.09190559387207031	0.6211453744493393																																						
HDAC6	138	0.376596059297766	0.1137227863073349	0.800629326620516	HSF1													0.9276547																								
HDAC7	50	0.3400890005626989	0.1728053241968155	0.9488986784140969																																						
HDAC8	133	0.10949234821666637	0.09553712606430054	0.6614222781623663																																						
HDDC2	171	0.06604057308339738	0.0828610211610794	0.49251101321585905																																						
AP1AR	241	0.07003095014845187	0.06741231679916382	0.18703587161736943																																						
HDDC3	223	0.09059479800442836	0.06956011801958084	0.2313404657016992																																						
HDHD2	81	0.2222466933038093	0.13208235800266266	0.8813089993706734																																						
HDX	219	0.0	0.06831587105989456	0.20516047828823158																																						
HEATR1	106	0.1334343724900055	0.31600984930992126	0.9955947136563876																																						
HEATR3	118	0.1150368282108786	0.09755589812994003	0.6805538074260541																																						
HEATR5A	199	0.10631440530537199	0.07710479199886322	0.3871617369414726																																						
AP1B1	443	0.16789498286742066	0.05003102123737335	0.009062303335431088																																						
HEATR5B	51	0.17906275284120887	0.14498941600322723	0.9127753303964757																																						
HEBP1	106	0.13330355947087402	0.15625113248825073	0.9322844556324733																																						
HECTD1	344	0.16013898842810448	0.062084976583719254	0.09666456891126494																																						
HECTD3	249	0.1810208608345483	0.06610509753227234	0.16274386406544997																																						
HECTD4	222	0.40036269287917015	0.0875619575381279	0.5640025173064821																																						
HELQ	169	0.14588534197677627	0.0770208090543747	0.3853996224040277																																						
HELZ	190	0.2955707031247346	0.07520023733377457	0.34902454373820013																																						
AP1G1	169	0.07108207513856851	0.0830230787396431	0.49641283826305854																																						
HEMGN	157	0.10109989448376812	0.08094879984855652	0.46016362492133417																																						
HEMK1	138	0.054855763506225716	0.08611591160297394	0.5408432976714915																																						
HEPH	170	0.06714781216696289	0.07880601286888123	0.4197608558842039																																						
HERC1	239	0.1631570743742505	0.10634692758321762	0.7551919446192574																																						
HERC4	121	0.15578000791269414	0.0960111990571022	0.6657016991818754																																						
HERPUD1	238	0.112195321734526	0.06700689345598221	0.17860289490245437																																						
HERPUD2	149	0.14615562588405914	0.0828641802072525	0.49263687853996224																																						
HES1	245	0.29542125983995066	0.06679440289735794	0.1750786658275645	Notch																							3.1791651														
HES2	124	0.0	0.09029310196638107	0.5992448080553807																																						
AP1G2	236	0.07320955792384304	0.06739252805709839	0.18628067967275017																																						
HES4	171	0.09841013546684046	0.0829218178987503	0.4938955317809943																																						
HES5	152	0.0	0.08237501978874207	0.484078036500944																																						
HES6	85	0.1321080649349941	0.10761711746454239	0.7632473253618628																																						
HES7	117	0.0	0.09611327946186066	0.666708621774701																																						
HEXA	135	0.15213932018203544	0.0894855484366417	0.5887979861548144																																						
HEXB	193	0.045445669454227434	0.0781281366944313	0.40730018879798613																																						
HEXD	242	0.17507031397240272	0.07142988592386246	0.26897419760855884																																						
AP1M1	211	0.09614697522230728	0.07108665257692337	0.2620516047828823																																						
HEXIM1	203	0.12778284162668405	0.10182984173297882	0.7198237885462555																																						
HEY1	158	0.0	0.08089727908372879	0.458275645059786	Notch																							1.7717108														
HEY2	170	0.0	0.07810613512992859	0.4067967275015733																																						
HEYL	161	0.0	0.08285526931285858	0.4923851478917558																																						
HGS	91	0.167041431194146	0.16592955589294434	0.942983008181246																																						
HHEX	228	0.27207438266184364	0.1015913113951683	0.7174323473882945																																						
HHLA3	120	0.0825306341770804	0.09814493358135223	0.6859660163624921																																						
HIBADH	210	0.2443028756934155	0.07563742995262146	0.3578351164254248																																						
AP1S1	158	0.04018213545522505	0.08408944308757782	0.5130270610446822																																						
HIBCH	220	0.06648578661232131	0.07202882319688797	0.2813089993706734																																						
HIC1	222	0.0	0.07026568800210953	0.2434235368156073																																						
HIF1AN	76	0.07635543646838992	0.1571119725704193	0.9327879169288861																																						
HIF1A	163	0.17339046951591794	0.08153272420167923	0.4698552548772813	HIF;mTOR												8.804902																								0.73565924	
HIF3A	278	0.0	0.059882752597332	0.06821900566393958																																						
HIGD1A	79	0.08042938151797008	0.15785685181617737	0.9336689741976085																																						
HIGD2A	176	0.2470239091997373	0.09451332688331604	0.6487098804279421																																						
AP1S2	179	0.0	0.0769556388258934	0.3841409691629956																																						
HILPDA	83	0.08091380250926831	0.1190033033490181	0.8285714285714286																																						
HINFP	103	0.24645774541314225	0.19104526937007904	0.9626179987413468																																						
HINT1	183	0.059001008935945065	0.07402554899454117	0.32322215229704215																																						
HINT2	183	0.026304213495361783	0.0772070661187172	0.389175582127124																																						
HINT3	118	0.044751442915033836	0.09643296152353287	0.6701069855254878																																						
HIP1R	193	0.267465746876063	0.07698709517717361	0.38464443045940844																																						
HIPK1	173	0.4449857615391389	0.12385022640228271	0.849842668344871																																						
HIPK2	233	0.2854107166781583	0.06899060308933258	0.21661422278162365																																						
AP2A1	90	0.11400415076827035	0.1831270158290863	0.9569540591567023																																						
HIRA	508	0.19002250228730608	0.07104227691888809	0.2615481434864695																																						
HIST1H1B	220	0.10428040888711892	0.07140262424945831	0.268470736312146																																						
HIST1H1C	308	0.2404433185926419	0.06027473136782646	0.0737570799244808																																						
HIST1H1D	145	0.04424793690566773	0.08561649173498154	0.5346758967904343																																						
HIST1H1E	95	0.03547472005524769	0.10308913886547089	0.7314033983637508																																						
HIST1H2AB	247	0.10769048864790227	0.06466823816299438	0.13643801132787917																																						
HIST1H2AC	121	0.4742032077370576	0.10006726533174515	0.7032095657646319																																						
AP2A2	193	0.14384096159115148	0.074490025639534	0.3326620516047829																																						
HIST1H2AD	99	0.0	0.10227350145578384	0.7243549402139711																																						
HIST1H2AE	254	0.044136657305850834	0.0660945326089859	0.16261799874134675																																						
HIST1H2AG	206	0.13334805814613224	0.08254218846559525	0.4868470736312146																																						
HIST1H2AI	125	0.0	0.09254090487957001	0.6285714285714286																																						
HIST1H2AK	88	0.0	0.11298660188913345	0.7967275015733165																																						
HIST1H2AL	114	0.15054526621943046	0.09812672436237335	0.6852108244178728																																						
HIST1H2AM	121	0.0	0.09794151037931442	0.6838263058527376																																						
HIST1H2BB	303	0.0	0.05994411185383797	0.06910006293266205																																						
AP2B1	228	0.07895167744929052	0.08027971535921097	0.44657016991818754																																						
HIST1H2BC	158	0.3165297373808137	0.08140575885772705	0.4669603524229075																																						
HIST1H2BD	248	0.19078310840285095	0.07013296335935593	0.2417872876022656																																						
HIST1H2BF	260	0.2484116382482278	0.06394681334495544	0.12309628697293895																																						
HIST1H2BG	118	0.12784764905323392	0.09572010487318039	0.6633102580239144																																						
HIST1H2BH	193	0.0797336916882686	0.0764794647693634	0.3754562617998741																																						
HIST1H2BJ	127	0.3132471023592667	0.09215240180492401	0.6244178728760227																																						
HIST1H2BL	495	0.16533142182063398	0.047302063554525375	0.005538074260541221																																						
HIST1H2BM	364	0.0	0.053019940853118896	0.01724354940213971																																						
HIST1H2BN	271	0.04769078393296533	0.06500821560621262	0.14247954688483322																																						
HIST1H2BO	244	0.0	0.06734642386436462	0.1853996224040277																																						
HIST1H3F	145	0.0	0.08061492443084717	0.45324103209565764																																						
HIST1H3J	102	0.0	0.10843317210674286	0.7690371302706105																																						
HIST1H4C	274	0.08620432725847213	0.06333187967538834	0.11390811831340465																																						
HIST1H4D	316	0.0	0.058474183082580566	0.05273757079924481																																						
HIST1H4E	161	0.1370949208574752	0.08009444922208786	0.44266834487098805																																						
HIST1H4H	185	0.17125692122903685	0.07352487742900848	0.31441157960981747																																						
HIST1H4J	184	0.0	0.078142911195755	0.40767778477029576																																						
HIST2H2AA3	194	0.0	0.07921764254570007	0.4280679672750157																																						
HIST2H2AB	164	0.0	0.10019967705011368	0.7038388923851479																																						
HIST2H2BE	71	0.18972793391973689	0.11668700724840164	0.817998741346759																																						
HIST2H2BF	210	0.0	0.06913728266954422	0.22001258653241032																																						
AP2S1	169	0.09568532678002203	0.1236550435423851	0.8488357457520453																																						
HIST2H3A	186	0.0	0.09064329415559769	0.604153555695406																																						
HIST2H3D	356	0.0	0.05467850714921951	0.025802391441157962																																						
HIST2H4A	477	0.17259484200004432	0.050003502517938614	0.00893643801132788																																						
HIST3H2A	116	0.05593681268765847	0.09995059669017792	0.7019509125235998																																						
HIVEP2	315	0.0	0.057869840413331985	0.04719949653870359																																						
AP3B1	206	0.43490789571717453	0.07919906824827194	0.4275645059786029																																						
HJURP	173	0.03490752723198358	0.11533061414957047	0.8099433606041535																																						
HK1	257	0.4555445231791307	0.06739658117294312	0.18653241032095658																																						
HK2	229	0.2614243027819504	0.07605023682117462	0.365764631843927																																						
ZNF875	134	0.0	0.08834212273359299	0.5740717432347389																																						
HLA-C	125	0.4542500947565629	0.09295681118965149	0.6334801762114537																																						
HLA-E	173	0.04838046943483607	0.0773274302482605	0.39169288860918816																																						
HLCS	288	0.328799348106366	0.061264485120773315	0.08470736312146004																																						
HLF	377	0.0	0.056610170751810074	0.037130270610446825																																						
HLTF	95	0.06110765562868532	0.10239902138710022	0.7253618628067967																																						
HLX	56	0.0	0.1505274772644043	0.9223410950283197																																						
HM13	263	0.2909250412520604	0.06428760290145874	0.12938955317809944																																						
HMBOX1	148	0.3785344264789383	0.21235767006874084	0.9734424166142228																																						
HMBS	304	0.3386927720859073	0.0625973641872406	0.10308370044052863																																						
AP3M1	85	0.2268145222200555	0.11045202612876892	0.7823788546255507																																						
HMCES	204	0.14122371446626888	0.07209915667772293	0.28256765261170547																																						
HMG20A	118	0.28698604046059495	0.09542068094015121	0.6602894902454374																																						
HMGA1	228	0.1326873718945414	0.07325248420238495	0.3076148521082442																																						
HMGA2	188	0.0	0.07682740688323975	0.3817495280050346																																						
HMGB2	263	0.08654540456345336	0.06874905526638031	0.2129641283826306																																						
AP3M2	184	0.030439611519132118	0.10371682047843933	0.7355569540591567																																						
HMGB3	199	0.20542744366506635	0.1463257223367691	0.9144115796098174																																						
HMGCL	149	0.09067117570017423	0.08495436608791351	0.5244808055380743																																						
HMGCR	279	0.039644661176413486	0.06915698200464249	0.22064191315292636	SREBP																											9.27213										
HMGCS1	63	0.2627141145110786	0.1627926528453827	0.9403398363750787																																						
HMGN1	184	0.1666961977428478	0.07564312219619751	0.3580868470736312																																						
HMGN2	239	0.2945927788428593	0.06555744260549545	0.15317809943360605																																						
HMGN3	130	0.0359330661362812	0.08956208825111389	0.5904342353681561																																						
HMGN4	177	0.13535202293827306	0.09011740982532501	0.5969792322215229																																						
HMGXB3	342	0.07646260839768136	0.07099181413650513	0.2599118942731278																																						
AP3S1	318	0.16362159511227128	0.06727782636880875	0.18451856513530523																																						
HMGXB4	200	0.042628182101979835	0.07205978780984879	0.28219005663939584																																						
HMMR	136	0.1039097528297422	0.09482210874557495	0.6527375707992448																																						
HMOX2	247	0.1865720880383572	0.06599616259336472	0.160352422907489																																						
HMX2	132	0.0	0.09258569777011871	0.6292007551919446																																						
HMX3	173	0.16599534175035344	0.11634767055511475	0.815607300188798																																						
JPT2	116	0.1115063994923105	0.1010359600186348	0.710509754562618																																						
JPT1	187	0.06506566616178121	0.07695098221302032	0.3838892385147892																																						
AP3S2	157	0.0	0.08106749504804611	0.46129641283826306																																						
HNF1A	78	0.0	0.11603439599275589	0.8133417243549402																																						
HNF1B	206	0.0	0.06941759586334229	0.22655758338577722																																						
HNF4A	347	0.0	0.059651441872119904	0.06570169918187539																																						
HNF4G	91	0.0	0.11784201115369797	0.8232850849590938																																						
HNRNPA0	130	0.1708858894461344	0.087140753865242	0.5575833857772183																																						
HNRNPA1L2	83	0.4344907180525031	0.10872885584831238	0.7713027061044683																																						
HNRNPA1	260	0.11472860826084065	0.09584090113639832	0.6640654499685337																																						
HNRNPA2B1	275	0.27689948736955217	0.0815976932644844	0.47123977344241663																																						
AP4B1	122	0.0	0.09264553338289261	0.6299559471365639																																						
HNRNPAB	186	0.19308116543707496	0.08316012471914291	0.4983008181246067																																						
HNRNPC	136	0.42203267378345255	0.17279334366321564	0.9487728130899937																																						
HNRNPDL	103	0.386719651678184	0.14371387660503387	0.910509754562618																																						
HNRNPD	61	0.4678484746318957	0.14699749648571014	0.9161736941472625																																						
HNRNPH1	255	0.49778525538815604	0.10136207193136215	0.7147891755821272																																						
HNRNPH2	79	0.2709285174250123	0.11654593795537949	0.81686595342983																																						
HNRNPH3	186	0.4389449923924426	0.07693547010421753	0.38351164254247955																																						
AP4M1	134	0.36502596639318335	0.09551054239273071	0.6611705475141598																																						
HNRNPLL	107	0.2971105494488542	0.10866403579711914	0.770547514159849																																						
HNRNPL	153	0.325543081532524	0.1645025759935379	0.9422278162366268																																						
HNRNPR	274	0.14165579264721798	0.06635130196809769	0.16626809314033983																																						
HNRNPU	169	0.4327103575979249	0.1296743005514145	0.8724984266834487																																						
HOMER1	283	0.1445708691473633	0.06424128264188766	0.12876022655758337																																						
HOMER3	249	0.0	0.08010467886924744	0.4429200755191945																																						
HOMEZ	198	0.04186367630248259	0.07270561903715134	0.2945248584015104																																						
HOOK2	220	0.43969543305154296	0.06940373033285141	0.22592825676526118																																						
HOOK3	205	0.2385451724178469	0.07144321501255035	0.26935179358086847																																						
HOXA11	72	0.3500322517157535	0.11639910936355591	0.8158590308370044																																						
HOXA13	156	0.0	0.08519209176301956	0.5278791692888609																																						
HOXA1	96	0.22264515056350387	0.10190054774284363	0.720704845814978																																						
AP5B1	74	0.05205761496967249	0.12041245400905609	0.8353681560730019																																						
HOXA2	228	0.0	0.06861014664173126	0.21069855254877282																																						
HOXA3	220	0.0	0.11052509397268295	0.7832599118942731																																						
HOXA4	129	0.0	0.09012013673782349	0.5972309628697294																																						
HOXA5	122	0.0	0.09242977946996689	0.6268093140339837																																						
HOXA6	137	0.0	0.08751488476991653	0.5631214600377596																																						
HOXA9	145	0.0	0.0863526463508606	0.5438640654499686																																						
HOXB13	189	0.0	0.07821466773748398	0.4093140339836375																																						
AP5M1	208	0.09438240123947768	0.073221854865551	0.3069855254877281																																						
ABHD10	148	0.07381920243640194	0.0846371129155159	0.5196979232221522																																						
HOXB4	236	0.10985002480591212	0.06627629697322845	0.16500943989930775																																						
HOXB6	161	0.0	0.08105292171239853	0.46117054751415987																																						
HOXB7	272	0.15725990201106818	0.066036656498909	0.16148521082441789																																						
HOXB9	273	0.15035219501459038	0.06946339458227158	0.22794210195091252																																						
AP5S1	130	0.18709735281578307	0.09094748646020889	0.6080553807426055																																						
HOXC10	151	0.29896124087644504	0.09068287163972855	0.6047828823159219																																						
HOXC11	194	0.0	0.07781419903039932	0.4008810572687225																																						
HOXC12	224	0.1894137668603333	0.07462010532617569	0.3360604153555695																																						
HOXC5	136	0.0	0.10590597242116928	0.7526746381371932																																						
HOXC9	210	0.2002081739786284	0.0712229534983635	0.2646947765890497																																						
AP5Z1	234	0.03269555676328379	0.06803753972053528	0.19949653870358716																																						
HOXD13	195	0.0	0.07568646967411041	0.3585903083700441																																						
HOXD1	214	0.0	0.07039578258991241	0.2459408432976715																																						
HOXD4	130	0.0	0.09014856070280075	0.5981120201384519																																						
HOXD8	190	0.0	0.0772920474410057	0.3914411579609817																																						
APAF1	261	0.028694632045854613	0.06370113790035248	0.12007551919446192																																						
HPCAL1	400	0.2512130986700111	0.05144663527607918	0.011327879169288861																																						
HPRT1	142	0.18376795343070654	0.08602302521467209	0.5399622404027691																																						
HPS1	200	0.036783968226150064	0.07497655600309372	0.3437382001258653																																						
HPS3	139	0.054121345067540814	0.0837189331650734	0.5078665827564506																																						
HPS4	266	0.16371733508364014	0.06716808676719666	0.18225298930144745																																						
HPS5	68	0.3127168465145036	0.1808580458164215	0.9553178099433606																																						
HPS6	74	0.1547169550981005	0.11751130223274231	0.8215229704216488																																						
HRAS	149	0.06375589167025852	0.0846569687128067	0.5203272498426683																																						
HRC	365	0.08754128064018912	0.05332931876182556	0.018628067967275015																																						
APBA2	246	0.13413683534817133	0.06690759211778641	0.17721837633731907																																						
RIDA	54	0.11196656928510318	0.1306411772966385	0.8757709251101321																																						
HS2ST1	191	0.08142635577685135	0.0767851322889328	0.38061674008810575																																						
HS3ST3A1	89	0.26613156729559834	0.1320173144340515	0.8809314033983637																																						
HS3ST3B1	89	0.2452356447275457	0.10296118259429932	0.7301447451227187																																						
HS6ST1	414	0.06663287554807107	0.05219271034002304	0.013593455003146633																																						
HSBP1	168	0.2186626989667241	0.09108684957027435	0.6106985525487728	HSF1													1.6143717																								
HSCB	167	0.0	0.11269593983888626	0.7944619257394587																																						
HSD11B1L	174	0.25055359743261824	0.07811644673347473	0.4069225928256765																																						
HSD17B10	69	0.0922522760349124	0.17290440201759338	0.9490245437382001																																						
HSD17B11	122	0.08698969154663926	0.0901264175772667	0.5973568281938326																																						
APBA3	288	0.30076665771977695	0.0601416751742363	0.07186910006293266																																						
HSD17B12	137	0.04936379132162157	0.2016887664794922	0.9687853996224041																																						
HSD17B4	174	0.011060731793429654	0.07585185766220093	0.36148521082441787																																						
HSD17B7	370	0.11299682790719008	0.056406419724226	0.03448709880427942																																						
HSD17B8	230	0.046484559711883096	0.0682201012969017	0.20226557583385776																																						
HSD3B7	285	0.16906806508682395	0.05992445722222328	0.06897419760855884																																						
HSDL1	183	0.4301049827324612	0.07716336101293564	0.3882945248584015																																						
HSDL2	246	0.07891724303480695	0.07316731661558151	0.30572687224669604																																						
HSF2	55	0.14121572351031605	0.1352783590555191	0.8908747640025173	HSF1													2.3024905																								
HSF5	167	0.0	0.08108437806367874	0.4619257394587791																																						
HSP90AA1	251	0.1043149397015931	0.06463391333818436	0.1356828193832599	HSF1													0.4858575																								
HSP90AB1	74	0.2047095490694527	0.12068541347980499	0.8363750786658276	HSF1													11.2809725																								
HSP90B1	239	0.12976097235876485	0.0766369178891182	0.3778477029578351																																						
HSPA13	100	0.1496930032689768	0.11234928667545319	0.792825676526117																																						
HSPA14	222	0.19342672683681725	0.08826027810573578	0.5728130899937067																																						
HSPA4L	239	0.031937425215842176	0.06548310071229935	0.15179358086847072																																						
HSPA9	212	0.4304995263018988	0.29788801074028015	0.9939584644430459																																						
HSPB11	142	0.1145170485085965	0.1056809052824974	0.7504090623033355																																						
HSPB1	198	0.04461823599471662	0.07413462549448013	0.32586532410320956																																						
HSPBP1	136	0.08284681540230511	0.09109358489513397	0.6110761485210825																																						
HSPD1	214	0.3579527947803035	0.11491236090660095	0.807803650094399																																						
HSPG2	860	0.18154610181099973	0.036628250032663345	0.000881057268722467																																						
HSPH1	110	0.17850897066710505	0.15354283154010773	0.9277533039647577																																						
HTATIP2	208	0.06551862045123524	0.07615403085947037	0.36815607300188796																																						
APEH	84	0.04923272133642965	0.12446055561304092	0.8524858401510383																																						
HTATSF1	248	0.22910488829920436	0.07153495401144028	0.2713656387665198																																						
HTRA2	178	0.14572730643257875	0.08134575933218002	0.466079295154185																																						
HTT	199	0.2258394578681355	0.07450881600379944	0.3337948395217118																																						
HUS1	417	0.02096403894827847	0.0599919818341732	0.06960352422907488																																						
HUWE1	222	0.13498020926828386	0.10570194572210312	0.7509125235997482																																						
HYAL2	212	0.0626135065372374	0.0727326050400734	0.29515418502202645																																						
HYAL3	64	0.358899921731631	0.12132858484983444	0.839647577092511																																						
HYI	120	0.0751638892272902	0.09479547291994095	0.6519823788546255																																						
HYLS1	157	0.047479855467155614	0.09656672924757004	0.6711139081183134																																						
APEX1	206	0.23724555008824455	0.07226759940385818	0.2862177470106986																																						
ABHD11	155	0.06050730477331935	0.08212672919034958	0.4808055380742605																																						
AACS	176	0.0	0.09480566531419754	0.6524858401510384																																						
HYOU1	71	0.11748295141684115	0.12932327389717102	0.8716173694147262																																						
IARS2	94	0.27490658543869395	0.23722562193870544	0.9831340465701699																																						
IARS	92	0.3609070181030493	0.16439925134181976	0.9418502202643172																																						
IBA57	235	0.23092929043988045	0.08275464177131653	0.49037130270610446																																						
IBTK	210	0.04005682590795564	0.0723162293434143	0.28735053492762747																																						
ICAM1	121	0.0	0.09493603557348251	0.6544996853366898																																						
APEX2	94	0.042290051561843116	0.11089516431093216	0.7851478917558212																																						
ICK	167	0.12451240017145387	0.0843367800116539	0.5164254247954688																																						
ICMT	221	0.3348074032985433	0.06819150596857071	0.20163624921334172																																						
MRPL58	161	0.12425767950185372	0.09846670180559158	0.689490245437382																																						
ID1	81	0.14359948294451158	0.11430427432060242	0.803650094398993	BMP																																					
ID2	266	0.0	0.06911852210760117	0.2196349905601007																																						
APH1A	166	0.18434513754306664	0.08143366128206253	0.46733794839521714																																						
ID3	200	0.0	0.07220844179391861	0.2844556324732536																																						
IDE	283	0.07768730620431694	0.06082941219210625	0.07967275015733165																																						
IDH1	125	0.18050944488891613	0.09197366237640381	0.6213971050975456																																						
IDH3B	145	0.21374394401046895	0.11703089624643326	0.8190056639395846																																						
IDH3G	232	0.06764647643481787	0.06777819246053696	0.194587791063562																																						
IDI1	153	0.13378490728008624	0.10773280262947083	0.7643801132787917																																						
APH1B	185	0.057255575899417877	0.07628404349088669	0.37155443675267463																																						
IDS	129	0.18957743908873992	0.08950143307447433	0.5889238514789176																																						
IDUA	95	0.0	0.1052241176366806	0.7470106985525488																																						
IER2	123	0.4749729269426773	0.09858746081590652	0.690748898678414																																						
IER3IP1	95	0.12852100091737612	0.14137500524520874	0.9059786028949025																																						
IER3	92	0.0	0.106813944876194	0.7575833857772184																																						
IER5	203	0.2528878244542656	0.07300341874361038	0.30182504719949654																																						
IFI27L1	71	0.1370130107658449	0.13748770952224731	0.8955317809943361																																						
IFI27L2	89	0.0	0.10237327218055725	0.7252359974826935																																						
IFI30	107	0.0	0.09912507981061935	0.6945248584015103																																						
API5	206	0.08651276042790272	0.0782357007265091	0.41019509125236																																						
IFITM1	217	0.0507759702200682	0.06984679400920868	0.23599748269351795																																						
IFITM2	262	0.03829135498306474	0.06312581151723862	0.11063561988672121																																						
IFNAR1	87	0.13470660048520064	0.10923757404088974	0.7749528005034613	Type I IFN																													0.029811233								
IFNAR2	183	0.2578987312813865	0.08167709410190582	0.4726242920075519																																						
IFNGR1	81	0.15963144131492624	0.12206659466028214	0.8422907488986784																																						
IFNGR2	295	0.11422729460554112	0.06073461100459099	0.07841409691629955																																						
IFRD1	354	0.18759310580276026	0.05633930116891861	0.033983637507866586																																						
APIP	188	0.04738541796587907	0.07606241106987	0.3661422278162366																																						
IFRD2	92	0.17960613804819053	0.10418348014354706	0.7397105097545627																																						
IFT172	195	0.2614137371142646	0.07581057399511337	0.3608558842039018																																						
IFT20	228	0.10820928941582678	0.06638799607753754	0.16664568911264946																																						
IFT27	168	0.056589916337518975	0.08207656443119049	0.47967275015733163																																						
IFT43	251	0.0	0.06495510041713715	0.1408432976714915																																						
IFT46	152	0.06074126409993425	0.08330023288726807	0.500943989930774																																						
IFT52	119	0.0	0.09535923600196838	0.6594084329767149																																						
IFT57	278	0.04530191328205893	0.06273674964904785	0.10497168030207678																																						
IFT80	107	0.15715435917732076	0.1215667650103569	0.8402769037130271																																						
IFT81	180	0.14866326019167064	0.07530924677848816	0.3515418502202643																																						
CENPS	111	0.2327106769258351	0.09634018689393997	0.6689741976085588																																						
IFT88	252	0.02733117102908689	0.07245296984910965	0.28986784140969163																																						
IGF2BP1	114	0.1322634080351852	0.1077178418636322	0.7642542479546884																																						
IGF2BP3	104	0.24371297479742	0.09813451766967773	0.6857142857142857																																						
IGF2R	244	0.35413480761359817	0.0680151879787445	0.19886721208307112																																						
IGFBP2	239	0.4960914906382233	0.06831421703100204	0.20490874764002517																																						
APLP1	176	0.0	0.07716149836778641	0.3880427942101951																																						
IGFBP4	339	0.1344598793793952	0.06091756746172905	0.08080553807426054																																						
IGHMBP2	134	0.04372051681584938	0.093299500644207	0.6376337319068597																																						
IGSF3	165	0.14326355767625842	0.07865612208843231	0.4171176840780365																																						
IGSF8	298	0.056653977429777874	0.06632190942764282	0.16601636249213342																																						
IKBIP	163	0.16740839720694234	0.08639193326234818	0.5446192573945878																																						
ELP1	82	0.15924770229796095	0.12239951640367508	0.8440528634361234																																						
IKBKB	116	0.03923157601223262	0.0990615263581276	0.6937696664568911	NF-κB																			0.21786846																		
IKBKE	195	0.0	0.07373244315385818	0.31894273127753303																																						
APLP2	242	0.454952190373734	0.06825800240039825	0.20314663310258024																																						
IKBKG	190	0.20545194594416225	0.07510615885257721	0.34663310258023916																																						
IKZF1	120	0.1484090007615429	0.10491964966058731	0.7448709880427942																																						
IKZF2	181	0.0	0.09698032587766647	0.6758967904342353																																						
IKZF3	75	0.047555364807481286	0.11856920272111893	0.8265575833857772																																						
IKZF5	239	0.033507685788181175	0.06948553025722504	0.22869729389553178																																						
APMAP	217	0.0664623382199867	0.06849540024995804	0.20843297671491504																																						
IL10RB	241	0.3045861360540289	0.06642366200685501	0.1682819383259912																																						
IL13RA1	280	0.09338972707306224	0.05971869081258774	0.06633102580239145																																						
IL15RA	112	0.0	0.09247740358114243	0.6275645059786029																																						
IL17RA	168	0.1119720127706441	0.07621965557336807	0.36979232221522973																																						
IL17RC	181	0.0	0.07325685024261475	0.3077407174323474																																						
IL23R	126	0.0	0.08750304579734802	0.5624921334172436																																						
IL27RA	117	0.18706466907360345	0.09104947000741959	0.6100692259282567																																						
IL6ST	240	0.11593472774889868	0.06636258214712143	0.16639395846444305																																						
ILF2	88	0.11042019719957924	0.15932510793209076	0.9366897419760856																																						
NAXE	111	0.13607736705048876	0.0938190445303917	0.6415355569540592																																						
ABHD12	233	0.13792934796707482	0.06746860593557358	0.18791692888609188																																						
ILF3	213	0.0932908269363902	0.1379018872976303	0.8966645689112649																																						
ILKAP	236	0.10127188192019923	0.07290121912956238	0.2989301447451227																																						
ILK	218	0.05795604915117687	0.06839492917060852	0.20679672750157332																																						
ILVBL	211	0.2800283410092325	0.07334081083536148	0.30950283196979234																																						
IMMP2L	175	0.1315180906356101	0.07923571020364761	0.428823159219635																																						
IMMT	72	0.2652861728354983	0.13662084937095642	0.8935179358086847																																						
IMP4	88	0.30723643276715384	0.2713563144207001	0.9914411579609818																																						
IMPA1	200	0.2359345508658746	0.07475174218416214	0.33895531780994337																																						
APOBEC3B	187	0.0	0.07564238458871841	0.357960981749528																																						
IMPA2	103	0.0	0.21738599240779877	0.9754562617998741																																						
IMPACT	283	0.020997277398458997	0.06244918704032898	0.10069225928256766																																						
IMPAD1	90	0.09384396070968873	0.10557068139314651	0.7499056010069226																																						
IMPDH2	142	0.1466756828593833	0.15460771322250366	0.9300188797986155																																						
INF2	137	0.13692870408701854	0.1352177858352661	0.8906230333543109																																						
ING1	239	0.4621400981104372	0.07063652575016022	0.2517306482064191																																						
APOBEC3C	224	0.05840528577557589	0.06946959346532822	0.22831969792322215																																						
ING2	130	0.4589738137777836	0.09173323214054108	0.6190056639395847																																						
ING3	169	0.2538948977769904	0.0940651148557663	0.6440528634361233																																						
ING4	155	0.3463892732250194	0.08168698847293854	0.4731277533039648																																						
ING5	215	0.20740381832684407	0.0817045271396637	0.4736312146003776																																						
INHBE	122	0.0	0.09889154881238937	0.6922592825676526																																						
INIP	123	0.12088859057007655	0.11029774695634842	0.781371932032725																																						
INO80B	194	0.0570114853391718	0.13477225601673126	0.8892385147891756																																						
INO80C	167	0.10907389097199363	0.1158222034573555	0.8118313404657017																																						
INO80D	255	0.20714176952333072	0.08406591415405273	0.5127753303964758																																						
APOBEC3G	291	0.0	0.06052224710583687	0.07589679043423536																																						
INO80	286	0.2402245045461418	0.124766044318676	0.8538703587161737																																						
INPP1	250	0.10903365421283494	0.06847883760929108	0.20792951541850221																																						
INPP4A	161	0.0	0.08349444717168808	0.5047199496538703																																						
INPP5A	240	0.3301674845262413	0.06885344535112381	0.21485210824417872																																						
INPP5B	170	0.4528193273195685	0.07794099301099777	0.40440528634361234																																						
INPP5F	303	0.06877740022293652	0.06335018575191498	0.11415984896161108																																						
INPP5K	238	0.3039220539890286	0.06542757153511047	0.1500314663310258																																						
INPPL1	173	0.29702010317641153	0.16214469075202942	0.9394587791063562																																						
APOBR	109	0.06007662261122289	0.1019773930311203	0.7217117684078036																																						
INSIG1	121	0.3788864842538697	0.10796429961919785	0.7660163624921335	SREBP																											36.550552										
INSIG2	317	0.13617841755297413	0.058107536286115646	0.0499685336689742	SREBP																											0.6356174										
INSM1	196	0.0	0.07539273798465729	0.35280050346129643																																						
INTS10	148	0.08186585243390926	0.1487807333469391	0.9195720578980491																																						
INTS12	89	0.09919842204270768	0.12527601420879364	0.8558842039018251																																						
INTS1	440	0.2516356284823211	0.08239087462425232	0.4842039018250472																																						
INTS2	59	0.21911149476349046	0.47634387016296387	0.9991189427312775																																						
INTS3	135	0.0	0.2300625741481781	0.9803650094398993																																						
INTS5	56	0.4636357666859614	0.5355059504508972	0.9996224040276904																																						
INTS6	280	0.2757046429304008	0.08442284166812897	0.5178099433606042																																						
INTS7	66	0.1793783159956771	0.3402159512042999	0.9968533668974198																																						
INTS8	108	0.26252854282193405	0.4753144383430481	0.9989930774071744																																						
INTU	186	0.0	0.07517805695533752	0.3485210824417873																																						
INVS	90	0.0	0.11470138281583786	0.8065449968533669																																						
IP6K2	239	0.0597297675989641	0.06972380727529526	0.23360604153555695																																						
APOC1	265	0.0633505516662397	0.0687810555100441	0.21359345500314664																																						
IPO11	175	0.07755784718267042	0.09667903184890747	0.6731277533039648																																						
IPO13	60	0.0	0.22546374797821045	0.9788546255506608																																						
IPO4	162	0.14165652755463246	0.08588080108165741	0.5382001258653241																																						
IPO5	117	0.07213885239726217	0.10140643268823624	0.7157960981749528																																						
IPO7	164	0.20334604717453927	0.09326691925525665	0.6375078665827565																																						
IPO8	239	0.045232412124847986	0.06905823945999146	0.21812460667086217																																						
IPO9	415	0.08270252911418448	0.07970284670591354	0.43725613593455004																																						
IPPK	168	0.2506924177558001	0.08430192619562149	0.5160478288231592																																						
IPP	255	0.05879957260700853	0.0686020776629448	0.2104468219005664																																						
IQCB1	245	0.040847844477796234	0.06671443581581116	0.17331655129011958																																						
APOE	129	0.07801133193220981	0.09124419838190079	0.6124606670862177																																						
IQCC	285	0.07774591364592537	0.06471758335828781	0.1370673379483952																																						
IQGAP2	138	0.3986791487346485	0.08837726712226868	0.5747010698552549																																						
IQGAP3	59	0.2734789500910306	0.13704919815063477	0.8946507237256136																																						
IQSEC1	124	0.3081589694677372	0.09374447166919708	0.6406544996853367																																						
IQSEC2	298	0.3754702155267151	0.06122557818889618	0.08407803650094399																																						
IRAK1	188	0.11145070277210173	0.07504688203334808	0.345374449339207																																						
APOL2	176	0.14781256626719808	0.07832382619380951	0.41107614852108243																																						
IRAK4	214	0.09855331843507244	0.07867079228162766	0.41762114537444933																																						
IREB2	157	0.18401540362265129	0.08647093921899796	0.5461296412838264																																						
IRF1	274	0.15335752753468798	0.06253788620233536	0.10220264317180616																																						
IRF2BP1	134	0.061451512915319466	0.09460670500993729	0.650471994965387																																						
IRF2BPL	320	0.222647299109558	0.0571155771613121	0.04153555695405916																																						
IRF2	57	0.2140950953725407	0.13975173234939575	0.9028319697923222																																						
IRF3	342	0.10976580269370137	0.05659463256597519	0.03700440528634361	cGAS-STING																																			0.23876639		
IRF4	113	0.0	0.10146946460008621	0.7164254247954689																																						
IRF5	277	0.0	0.06797570735216141	0.19811202013845186																																						
IRF6	90	0.0	0.10734297335147858	0.7613593455003147																																						
IRF7	170	0.0	0.07962257415056229	0.43486469477658907	cGAS-STING																																			0.334141		
IRGQ	121	0.19356384591117787	0.09258581697940826	0.6293266205160478																																						
APOOL	115	0.03790119183176725	0.09402649849653244	0.6436752674638138																																						
ABHD13	113	0.043167985897144566	0.09755896031856537	0.6806796727501573																																						
IRX3	145	0.0	0.08906599879264832	0.5830081812460667																																						
IRX5	142	0.0	0.08492003381252289	0.5241032095657646																																						
IRX6	205	0.0	0.0721912831068039	0.2839521711768408																																						
ISCA1	67	0.32472138495707503	0.1325712949037552	0.8828193832599119																																						
ISCA2	512	0.10406901253933497	0.07169721275568008	0.2741346758967904																																						
ISL1	337	0.0	0.05689629912376404	0.039647577092511016																																						
APOO	144	0.20320336746391587	0.0854719951748848	0.5326620516047829																																						
ISL2	181	0.3776486867368135	0.08169499784708023	0.47337948395217117																																						
ISOC1	188	0.07441794769504277	0.07687586545944214	0.3827564505978603																																						
ISOC2	286	0.04341999561106219	0.06372544914484024	0.12070484581497798																																						
IST1	335	0.14776180076793582	0.08183169364929199	0.47551919446192575																																						
ISX	179	0.0	0.07434532046318054	0.32964128382630586																																						
ISYNA1	279	0.12552010872616	0.06534386426210403	0.14889867841409693																																						
COA8	350	0.2146607184236487	0.06763214617967606	0.192196349905601																																						
ITFG2	51	0.0	0.15166853368282318	0.9249842668344871																																						
ITGA2B	232	0.266883617440771	0.06766077131032944	0.19257394587791063																																						
ITGA5	200	0.10682313713987604	0.07530822604894638	0.3514159848961611																																						
ITGAV	105	0.053092367355843294	0.09898216277360916	0.6930144745122718																																						
ITGB1BP1	164	0.1711441709755303	0.12268812954425812	0.8451856513530522																																						
ITGB1	269	0.12825766322041499	0.07128650695085526	0.2659534298300818																																						
ITGB3BP	199	0.03538979908800919	0.07283659279346466	0.29666456891126497																																						
ITGB5	178	0.18566192621226635	0.08738332986831665	0.5607300188797986																																						
ITM2A	171	0.01681699407720732	0.0802198126912117	0.44531151667715546																																						
ITM2B	150	0.07360965771563148	0.08562003821134567	0.5348017621145374																																						
ITM2C	144	0.1424240744814889	0.09155470877885818	0.6161107614852108																																						
ITPA	186	0.10329846465061383	0.07464738190174103	0.33731906859660166																																						
ITPK1	78	0.22482287343529184	0.14090263843536377	0.9049716803020768																																						
ITPKA	874	0.12104621739027036	0.03540646657347679	0.0007551919446192574																																						
ITPKC	186	0.17989016035286873	0.07856816798448563	0.41522970421648836																																						
ITPR1	133	0.4762634923115003	0.089104562997818	0.5836375078665827	Calcium						1.1690723																															
ITPR2	290	0.182379473405322	0.06452871859073639	0.13379483952171176																																						
ITPR3	84	0.1073401733307273	0.11207658797502518	0.7913152926368785																																						
ITPRIP	76	0.34058525400370576	0.11830461025238037	0.825802391441158																																						
ITSN1	237	0.11755158124055155	0.06762122362852097	0.19181875393329137																																						
ITSN2	209	0.1272731914643888	0.07334120571613312	0.3096286972938955																																						
IVNS1ABP	217	0.1649698254632744	0.07455583661794662	0.33480176211453744																																						
IWS1	118	0.1463336994160274	0.15411797165870667	0.9290119572057898																																						
JAGN1	307	0.12198780661311202	0.060224611312150955	0.07287602265575834																																						
JAK1	78	0.2790709715015332	0.11625469475984573	0.8149779735682819	JAK-STAT																0.6227725																					
JAK2	268	0.044059045607126174	0.0650998130440712	0.14398993077407174																																						
APRT	119	0.14316348490220274	0.09744051098823547	0.6795468848332284																																						
JAZF1	460	0.0	0.06412303447723389	0.12599118942731277																																						
JDP2	252	0.07180037979467595	0.06731122732162476	0.18489616110761486																																						
JKAMP	146	0.07133158479259842	0.08561044931411743	0.5345500314663311																																						
JMJD4	288	0.0871084616634902	0.0621802993118763	0.09767149150409063																																						
JMJD6	412	0.15756814332887545	0.05919117107987404	0.05966016362492133																																						
JMJD8	177	0.2414363717864757	0.07790634781122208	0.4036500943989931																																						
JMY	284	0.4935864640934282	0.05961472541093826	0.06544996853366897																																						
JOSD1	88	0.4738798647147671	0.1341523826122284	0.8874764002517307																																						
JOSD2	181	0.1190180384809313	0.07812856137752533	0.4074260541220894																																						
JRKL	155	0.0	0.08318378776311874	0.4989301447451227																																						
JRK	237	0.08887342337432408	0.06969651579856873	0.23322844556324732																																						
JTB	199	0.12344983900502432	0.07347273081541061	0.31264946507237257																																						
JUNB	266	0.1059942661231284	0.06704109907150269	0.1801132787916929																																						
JUN	216	0.2257154282266636	0.07644905149936676	0.37432347388294523	ERK/MAPK;Wnt										1.3826357																							2.0915346				
JUP	95	0.08971468625359609	0.10633926093578339	0.7549402139710509																																						
KANK2	191	0.30644498080718713	0.07505641877651215	0.34575204531151665																																						
KANSL2	159	0.06152931318493793	0.20576435327529907	0.9704216488357458																																						
KANSL3	255	0.2657761484220886	0.12843553721904755	0.8691000629326621																																						
KAT2A	105	0.09352545539103617	0.11734839528799057	0.82039018250472																																						
KAT2B	155	0.185679095598516	0.08556434512138367	0.5334172435494021																																						
KAT5	237	0.4019022148344295	0.07168161123991013	0.2735053492762744																																						
KAT6A	146	0.1672021436977121	0.09392261505126953	0.6429200755191945																																						
KAT6B	97	0.3786521429719056	0.1043926402926445	0.7415984896161107																																						
KAT7	125	0.14834945082739331	0.12916076183319092	0.8711139081183134																																						
AQP10	161	0.07221823483259655	0.13223327696323395	0.8818124606670862																																						
KAT8	272	0.14805524682980625	0.18351134657859802	0.957331655129012																																						
KATNA1	183	0.18246308732528715	0.07938284426927567	0.43071113908118314																																						
KATNAL1	128	0.0637116679419294	0.09473563730716705	0.6512271869100063																																						
KATNB1	468	0.16041883161943268	0.0475303940474987	0.00578980490874764																																						
KATNBL1	158	0.17149578009135846	0.10504508763551712	0.7455003146633102																																						
KAZALD1	114	0.493961705981301	0.09533911943435669	0.6591567023285085																																						
KBTBD3	110	0.0	0.10162756592035294	0.7184392699811202																																						
AQP3	166	0.06825115207008622	0.08292395621538162	0.49402139710509757																																						
KBTBD6	193	0.13782084773510028	0.07667388021945953	0.37860289490245436																																						
KCMF1	259	0.33709239928268564	0.08004997670650482	0.44216488357457523																																						
KCNE3	312	0.29793147306062817	0.061025891453027725	0.08206419131529263																																						
KCNK5	284	0.2485128711070151	0.06701096892356873	0.178980490874764																																						
ABHD14A	210	0.20576760595559965	0.07190445810556412	0.278665827564506																																						
KCNN4	165	0.0	0.07905343174934387	0.4242920075519194																																						
KCTD10	58	0.4045005260906819	0.1699463278055191	0.946507237256136																																						
KCTD13	269	0.13519332646557772	0.0703459233045578	0.2446821900566394																																						
KCTD15	124	0.059741527615438536	0.09246494621038437	0.6271869100062932																																						
KCTD20	104	0.07270345568719115	0.09977772831916809	0.7001887979861549																																						
KCTD2	157	0.16185252049242313	0.08503148704767227	0.5259911894273128																																						
KCTD5	146	0.4887479368097588	0.08400798588991165	0.5121460037759598																																						
KCTD6	194	0.4735857740735267	0.07728896290063858	0.39131529263687853																																						
KCTD9	262	0.08128876399388771	0.06514741480350494	0.14524858401510385																																						
AQP7	260	0.0	0.06621973216533661	0.1642542479546885																																						
POGLUT3	165	0.3223249642621117	0.2432785928249359	0.9848961611076148																																						
KDELR2	244	0.1739747693473384	0.06703387945890427	0.17960981749528004																																						
KDELR3	98	0.06393642035995048	0.11878668516874313	0.8275645059786029																																						
KDM1A	150	0.038697211149084365	0.5906367897987366	0.9997482693517936																																						
KDM1B	253	0.11680894041492765	0.07161214202642441	0.2724984266834487																																						
KDM3A	211	0.1774628533520971	0.07103750854730606	0.26129641283826305																																						
KDM3B	227	0.2188187371078864	0.07647325843572617	0.3750786658275645																																						
KDM4A	272	0.20654865513613327	0.06437558680772781	0.1303964757709251																																						
KDM4B	121	0.23498897743787145	0.093134306371212	0.6358716173694148																																						
KDM4C	264	0.21284333763173435	0.06380211561918259	0.12171176840780365																																						
KDM5A	185	0.1781523843991679	0.07757674157619476	0.39723096286972936																																						
KDM5B	193	0.12726312418707286	0.07450379431247711	0.33341724354940216																																						
KDM5C	223	0.19534113567074168	0.09501214325428009	0.6556324732536186																																						
ARAF	222	0.21180081683044025	0.0724383220076561	0.2896161107614852																																						
KDM8	168	0.0	0.09493542462587357	0.6543738200125865																																						
KDSR	62	0.10246059827019736	0.13137708604335785	0.8782882315921964																																						
KEAP1	266	0.1167478063776733	0.11715501546859741	0.8196349905601007	NRF2																						150.87077															
KEL	181	0.06875767017001558	0.08979376405477524	0.5933291378225299																																						
KHDRBS1	129	0.33380860336836066	0.09814590215682983	0.6860918816865953																																						
KHK	127	0.0	0.09063784033060074	0.6039018250471995																																						
KHNYN	223	0.3447296453783521	0.07129562646150589	0.26633102580239143																																						
KHSRP	101	0.14328657527204508	0.11110331863164902	0.7864065449968534																																						
KIAA0100	63	0.14628046787952553	0.14353390038013458	0.9103838892385148																																						
PCLAF	134	0.037796782241488566	0.08872342109680176	0.5793580868470737																																						
DELE1	79	0.09890890409416693	0.11374169588088989	0.8007551919446193																																						
WASHC5	223	0.16808841939988656	0.07161065191030502	0.2723725613593455																																						
KIAA0232	181	0.20573983197651452	0.0784907415509224	0.4139710509754563																																						
KIAA0319L	123	0.1481770219732237	0.09773311018943787	0.6825676526117055																																						
KIAA0513	174	0.0	0.07900124788284302	0.4236626809314034																																						
KIAA0586	175	0.2093087382621106	0.09298427402973175	0.6339836375078666																																						
KHDC4	166	0.10302847336709292	0.08505740016698837	0.5262429200755192																																						
TMEM131L	203	0.07848469669319333	0.07331741601228714	0.3091252359974827																																						
WASHC4	117	0.0	0.10134771466255188	0.7144115796098175																																						
KIAA1109	310	0.08189927473329944	0.06382197886705399	0.12183763373190686																																						
KIAA1143	434	0.14130046970191312	0.04895718768239021	0.007551919446192574																																						
KIAA1191	195	0.11462379757837653	0.0743938684463501	0.3306482064191315																																						
KIAA1324L	54	0.4075542564896863	0.14104610681533813	0.9053492762743864																																						
VIRMA	52	0.12867002920447904	0.16011707484722137	0.937570799244808																																						
KIAA1522	218	0.4771536902049597	0.06930405646562576	0.22416614222781622																																						
CIP2A	68	0.08712657650250202	0.12529313564300537	0.8560100692259283																																						
RESF1	126	0.09108384617872553	0.09398503601551056	0.6435494021397105																																						
KIAA1586	227	0.059962774118450066	0.06909416615962982	0.21887979861548143																																						
LNPK	220	0.013875202342278644	0.07112213224172592	0.2631843926998112																																						
AREG	105	0.2162431469564844	0.11377992480993271	0.8015103838892386																																						
MFSD4B	181	0.0	0.08089298754930496	0.4581497797356828																																						
KIAA2013	148	0.16534623522729866	0.08652325719594955	0.5477658904971681																																						
KIDINS220	92	0.028358375471677136	0.13431689143180847	0.8881057268722466																																						
KIF13A	254	0.21371114468594324	0.06702825427055359	0.17935808684707363																																						
KIF14	164	0.22505987212784934	0.08039434999227524	0.4490874764002517																																						
KIF15	219	0.15658392334975044	0.08357907831668854	0.5062303335431089																																						
KIF16B	268	0.0	0.06475019454956055	0.13757079924480806																																						
KIF18A	135	0.12355210252941995	0.08532945066690445	0.5307740717432348																																						
AREL1	154	0.3336522296253009	0.09767404943704605	0.6820641913152926																																						
KIF18B	141	0.20386612711568705	0.11339372396469116	0.7991189427312775																																						
KIF1B	290	0.11122867138236836	0.062456995248794556	0.10094398993077407																																						
KIF1C	172	0.4609684808926112	0.07909498363733292	0.4249213341724355																																						
KIF20A	143	0.22107136912729114	0.14101071655750275	0.90509754562618																																						
KIF20B	124	0.2708354042117396	0.09551868587732315	0.661296412838263																																						
KIF21A	151	0.06316452601521515	0.08079109340906143	0.4555066079295154																																						
ARF1	174	0.14807653130298848	0.08052276074886322	0.45147891755821273																																						
KIF2A	301	0.19244053359747876	0.06390281021595001	0.12271869100062932																																						
KIF2C	209	0.09129776476925304	0.07226014882326126	0.28596601636249214																																						
KIF3A	218	0.14301521690869648	0.07354292273521423	0.31491504090623035																																						
KIF3B	70	0.0	0.12332525104284286	0.84745122718691																																						
KIF4A	299	0.11094330259707597	0.060030676424503326	0.07023285084959094																																						
KIF5B	413	0.07529902337520815	0.05386974290013313	0.021019509125235997																																						
KIF9	129	0.23752968265621985	0.0979701578617096	0.684078036500944																																						
KIFAP3	257	0.056819786415536186	0.07414998859167099	0.3263687853996224																																						
KIFC1	262	0.11625588309333823	0.06668839603662491	0.1726872246696035																																						
KIFC2	158	0.182658285672097	0.09030745178461075	0.5994965387035872																																						
ARF3	268	0.1016707042488473	0.07140716165304184	0.2687224669603524																																						
ABHD14B	527	0.061434044109775675	0.04481705650687218	0.0027690371302706105																																						
KIFC3	137	0.0	0.08831145614385605	0.5738200125865324																																						
KIN	253	0.30782982769912337	0.09690805524587631	0.6750157331655129																																						
KISS1R	176	0.2058383361625803	0.08085569739341736	0.45701699181875394																																						
KIT	273	0.0	0.06090417876839638	0.08055380742605413	ERK/MAPK										0.97385603																											
KLC1	221	0.2210078029189409	0.073847196996212	0.320704845814978																																						
KLC2	246	0.2275856565296901	0.06883275508880615	0.2144745122718691																																						
KLC4	282	0.3454526952613916	0.0626441165804863	0.10371302706104468																																						
KLF10	287	0.24317351543243626	0.06359055638313293	0.1184392699811202																																						
KLF11	335	0.36368465271983613	0.05640993267297745	0.034612964128382634																																						
ARF4	194	0.2462314098077118	0.07271358370780945	0.2947765890497168																																						
KLF12	287	0.0	0.061284687370061874	0.08521082441787288																																						
KLF13	224	0.19527597286908696	0.06838332116603851	0.2066708621774701																																						
KLF15	121	0.3749735139378572	0.09169014543294907	0.6182504719949654																																						
KLF17	176	0.0	0.08070240914821625	0.45487728130899935																																						
KLF1	157	0.1653543744853665	0.09458642452955246	0.6497168030207677																																						
KLF2	253	0.0	0.06775084137916565	0.19395846444304593																																						
KLF4	263	0.0	0.061799850314855576	0.09200755191944619																																						
ARF5	257	0.05558833782344492	0.07027486711740494	0.2436752674638137																																						
KLF5	169	0.0	0.08445689082145691	0.5180616740088105																																						
KLF6	213	0.09528273125039237	0.06858289986848831	0.20994336060415356																																						
KLF7	490	0.0	0.04779384285211563	0.005915670232850849																																						
KLF8	83	0.0	0.14413584768772125	0.9115166771554437																																						
KLHDC10	157	0.12921642475496942	0.08364506810903549	0.5071113908118313																																						
KLHDC2	297	0.1631912231431092	0.059714268893003464	0.06607929515418502																																						
KLHDC3	92	0.4979438705582115	0.10429907590150833	0.7412208936438012																																						
KLHDC4	173	0.09870161965903032	0.07947614043951035	0.43285084959093767																																						
KLHDC8B	216	0.06326388365304568	0.0707002803683281	0.2527375707992448																																						
KLHL11	286	0.3726620096108159	0.05994956195354462	0.06922592825676527																																						
KLHL12	61	0.08906469642452543	0.1526675522327423	0.926746381371932																																						
KLHL17	162	0.2971413670280147	0.10755906254053116	0.7628697293895532																																						
KLHL18	91	0.05741104659384511	0.10398361086845398	0.7382001258653241																																						
KLHL20	188	0.034759267696841116	0.07460479438304901	0.3355569540591567																																						
KLHL21	216	0.2488702183827228	0.06685545295476913	0.1763373190685966																																						
KLHL22	112	0.0	0.09717907011508942	0.6779106356198867																																						
ARF6	204	0.3964109249088341	0.07624731212854385	0.3706733794839522																																						
KLHL24	286	0.13417157355807807	0.061918001621961594	0.09376966645689112																																						
KLHL36	203	0.08563286806196929	0.07783979177474976	0.4013845185651353																																						
KLHL42	111	0.0	0.09658287465572357	0.6713656387665198																																						
KLHL5	159	0.04441678174806467	0.08638957142829895	0.5444933920704845																																						
KLHL7	148	0.09822595113735058	0.08829336613416672	0.5734424166142228																																						
KLHL8	402	0.060124663133462077	0.05423024296760559	0.023662680931403397																																						
KMT2A	205	0.2724118178869265	0.0789007768034935	0.4215229704216488																																						
KMT2E	77	0.22293495427611326	0.11599500477313995	0.8130899937067338																																						
KNOP1	145	0.2008343927183754	0.08577583730220795	0.5365638766519824																																						
KNSTRN	101	0.26461012923468064	0.10208124667406082	0.7227186910006294																																						
KNTC1	223	0.06313407066024487	0.06978259235620499	0.23486469477658906																																						
KPNA1	198	0.24791668607006945	0.07450911402702332	0.333920704845815																																						
KPNA2	87	0.08309893329277003	0.11316410452127457	0.7981120201384518																																						
ARFGAP1	260	0.1433945075056678	0.06831417977809906	0.20478288231592195																																						
KPNA3	200	0.14512697733683327	0.07706519961357117	0.38615481434864696																																						
KPNA4	180	0.3926115915217256	0.09647883474826813	0.6704845814977973																																						
KPNA5	221	0.06281641253053254	0.09570219367742538	0.6629326620516048																																						
KPNA6	83	0.16007827836353228	0.13950462639331818	0.9020767778477029																																						
KPTN	99	0.23103491123714556	0.11527119576931	0.8094398993077407																																						
KRAS	206	0.25907167700277656	0.07353055477142334	0.3145374449339207																																						
KRBA1	126	0.16656223742438714	0.08773091435432434	0.5660163624921334																																						
KRCC1	120	0.0	0.0918879583477974	0.6206419131529264																																						
KREMEN2	178	0.0	0.07650619745254517	0.37595972309628695																																						
ARFGAP2	160	0.2877627532545381	0.08438277244567871	0.5173064820641913																																						
KRI1	57	0.11918976302241267	0.27579399943351746	0.992196349905601																																						
KRIT1	261	0.28191933176317324	0.06339728832244873	0.11516677155443675																																						
KRR1	262	0.1569361955453067	0.2554941475391388	0.9884203901825047																																						
KRT18	223	0.058287507335122626	0.06905459612607956	0.21799874134675898																																						
KRT19	183	0.0	0.07470481097698212	0.33794839521711767																																						
KRT8	379	0.4571961666085121	0.05443659424781799	0.024669603524229075																																						
ARFGAP3	73	0.18136516346149287	0.13165521621704102	0.8794210195091252																																						
KRTCAP2	236	0.08936445931571478	0.06870000064373016	0.21208307111390812																																						
KTI12	172	0.04505921989994475	0.08725612610578537	0.5594713656387665																																						
KTN1	210	0.21097872441315765	0.07158344238996506	0.2719949653870359																																						
KXD1	185	0.12296463230136155	0.08048639446496964	0.45097545626179986																																						
L2HGDH	74	0.09099396179694504	0.14329852163791656	0.9100062932662052																																						
L3HYPDH	194	0.08831506795912289	0.07865980267524719	0.4172435494021397																																						
ARFGEF1	243	0.11881324244902468	0.08107219636440277	0.4615481434864695																																						
L3MBTL2	77	0.21176669631630105	0.1251412183046341	0.8551290119572058																																						
LACTB2	141	0.05189922192721783	0.08648313581943512	0.5465072372561359																																						
LACTB	120	0.11370025084883376	0.09631684422492981	0.6685966016362492																																						
LAMA5	286	0.3833825654138797	0.06241505965590477	0.1000629326620516																																						
LAMB1	60	0.16345507898369194	0.21297699213027954	0.973568281938326																																						
LAMB2	229	0.0	0.06706361472606659	0.18061674008810572																																						
LAMP1	316	0.12727369297998412	0.059411268681287766	0.06255506607929516																																						
LAMP2	195	0.13495086746207258	0.07421325892210007	0.3278791692888609																																						
LAMTOR1	164	0.08191750384469491	0.10416410863399506	0.7394587791063562																																						
LAMTOR2	117	0.21752537513816575	0.11764580011367798	0.8224040276903714																																						
LAMTOR3	94	0.10643587977830124	0.1407872587442398	0.9047199496538704																																						
LAMTOR4	297	0.08459693994598004	0.08172784745693207	0.47388294524858404																																						
LAMTOR5	77	0.20190222443723288	0.1341799795627594	0.8877281308999371																																						
ARFIP1	221	0.17103934237519774	0.06672969460487366	0.1738200125865324																																						
LANCL1	246	0.0	0.06794502586126328	0.19748269351793582																																						
LANCL2	216	0.0	0.07223448902368546	0.2852108244178729																																						
LAP3	185	0.26408444555987404	0.07672855257987976	0.3792322215229704																																						
LAPTM4A	199	0.3204286824747643	0.07293517142534256	0.29943360604153557																																						
LAPTM4B	208	0.18822535687137454	0.0714729055762291	0.27010698552548773																																						
LAPTM5	190	0.03521086329430812	0.07742457091808319	0.39395846444304594																																						
LARP1B	72	0.2241667919897557	0.11745566129684448	0.8213971050975456																																						
LARP4	201	0.17001574726203084	0.0747557282447815	0.33908118313404656																																						
ARFIP2	87	0.04167339563474348	0.120930515229702	0.8372561359345501																																						
LARP7	283	0.15837261269684438	0.06937699019908905	0.22555066079295155																																						
LARS2	280	0.05063867646133061	0.07798124849796295	0.4050346129641284																																						
LARS	86	0.40817262223739936	0.20648865401744843	0.9710509754562618																																						
LAS1L	117	0.10937350677180184	0.1573314517736435	0.9331655129011958																																						
LASP1	249	0.13607702369856334	0.06489823013544083	0.14046570169918188																																						
LATS1	174	0.10361593502971146	0.0782528817653656	0.41032095657646317	Hippo														0.28241864																							
LBH	220	0.10783855572627064	0.0712442472577095	0.2653241032095658																																						
LBR	204	0.08748408465691873	0.06982546299695969	0.2354940213971051																																						
LBX1	213	0.0	0.07747003436088562	0.3948395217117684																																						
LBX2	163	0.0	0.07942939549684525	0.43171806167400884																																						
ARFRP1	391	0.4143931324003528	0.05299009382724762	0.017117684078036502																																						
LCLAT1	50	0.07518655309723167	0.17593242228031158	0.9516677155443676																																						
LCMT1	239	0.15471721112286105	0.07439635694026947	0.33077407174323475																																						
LCMT2	127	0.2474529438058853	0.08651050180196762	0.5472624292007552																																						
LCN10	228	0.0	0.0690608099102974	0.2182504719949654																																						
LCORL	121	0.06657869665517885	0.09984176605939865	0.7005663939584644																																						
LCOR	104	0.2934742558963665	0.12209329754114151	0.8424166142227816																																						
LCP1	220	0.038164081060243375	0.06858782470226288	0.21006922592825678																																						
LCP2	126	0.24142526013911525	0.09999150782823563	0.702706104468219																																						
ARG2	150	0.04541269916743503	0.08068966865539551	0.45475141598489616																																						
LDHA	234	0.07668942874125463	0.06658926606178284	0.17054751415984895	HIF												0.74740136																									
LDHB	156	0.17706076533032164	0.08327701687812805	0.5005663939584645																																						
LDLR	175	0.07971385062400346	0.0909736305475235	0.6089364380113279	SREBP																											5.455249										
LEMD2	305	0.11354862066348445	0.05980149656534195	0.06733794839521712																																						
LEMD3	171	0.20269238227921935	0.08473856002092361	0.5220893643801133																																						
LENG8	217	0.35286979707115645	0.08598611503839493	0.539332913782253																																						
LEO1	97	0.25620768978638625	0.185906782746315	0.9592196349905601																																						
LEPROT	253	0.1647942869209928	0.06845124810934067	0.20767778477029578																																						
LETM1	154	0.35258926621925624	0.15635469555854797	0.9324103209565765																																						
LETMD1	163	0.07645695549311184	0.08372810482978821	0.508118313404657																																						
ARGLU1	673	0.15195421889266947	0.08651994168758392	0.5475141598489616																																						
LGALS8	195	0.29201994575807816	0.07462885975837708	0.33643801132787915																																						
LGALSL	211	0.3228537514321893	0.07463742047548294	0.3366897419760856																																						
LGMN	273	0.13977137186305816	0.06221611797809601	0.09817495280050346																																						
LGR4	196	0.2397525336119841	0.07622572034597397	0.3699181875393329	Wnt																																	1.6898404				
LHPP	194	0.21206408277672373	0.07832764089107513	0.4112020138451857																																						
LHX1	177	0.4291342360144656	0.07895063608884811	0.4224040276903713																																						
LHX2	72	0.0	0.12684716284275055	0.8620516047828823																																						
LHX3	199	0.0	0.0727570578455925	0.29578351164254246																																						
ARHGAP11A	109	0.07185319307815706	0.10011075437068939	0.7034612964128383																																						
LHX5	139	0.0	0.0878109484910965	0.5676526117054751																																						
LHX9	114	0.0	0.09698772430419922	0.6761485210824418																																						
LIG3	91	0.12172774958994885	0.10639163851737976	0.7559471365638767																																						
ARHGAP11B	443	0.2570758934161995	0.05128231272101402	0.011076148521082442																																						
LIMD1	180	0.0485859208668602	0.07793312519788742	0.4041535556954059																																						
LIMD2	150	0.08490597466335828	0.10733296722173691	0.760981749528005																																						
LIME1	271	0.3753135867821264	0.06412094086408615	0.12586532410320955																																						
LIMK1	242	0.3597824636344644	0.06992633640766144	0.2380113278791693																																						
ARHGAP12	167	0.2665045808110481	0.07900390028953552	0.4237885462555066																																						
LIN28A	296	0.0	0.07024082541465759	0.2431718061674009																																						
LIN28B	235	0.07824217609219503	0.07512427121400833	0.347136563876652																																						
LIN37	211	0.176792718113847	0.10113023221492767	0.7112649465072373																																						
LIN54	458	0.4128594662032661	0.05098385363817215	0.010572687224669603																																						
LIN7B	217	0.0	0.0796128511428833	0.43461296412838263																																						
LIN7C	202	0.13270072434310304	0.08541137725114822	0.531529263687854																																						
LIN9	57	0.0	0.19379638135433197	0.9653870358716173																																						
LIPH	137	0.0	0.0917406678199768	0.6191315292636879																																						
ARHGAP17	88	0.0	0.1179385855793953	0.8236626809314034																																						
ABHD16A	223	0.1296575905283283	0.06811298429965973	0.20062932662051605																																						
LIPT1	51	0.0	0.1443503350019455	0.9116425424795469																																						
LITAF	375	0.1292107293577724	0.055294301360845566	0.0289490245437382																																						
LIX1L	182	0.28395666852100704	0.08283153921365738	0.4917558212712398																																						
LLGL1	274	0.0	0.0644838735461235	0.13215859030837004	Hippo														0.08209121																							
LLPH	181	0.13582251661782355	0.07715044915676117	0.38791692888609186																																						
LMAN1	244	0.056279510122314524	0.06510709226131439	0.14411579609817496																																						
LMAN2L	131	0.0	0.09824435412883759	0.6869729389553179																																						
LMAN2	186	0.061264938550065276	0.07696525752544403	0.3842668344870988																																						
ARHGAP18	154	0.1042056519542429	0.0802702009677887	0.4463184392699811																																						
LMBR1L	134	0.03766068969776795	0.09763042628765106	0.681686595342983																																						
LMBR1	152	0.17448160987576875	0.08148222416639328	0.46847073631214603																																						
LMBRD1	108	0.036081812830953235	0.09618490189313889	0.6677155443675268																																						
LMBRD2	169	0.03451064746239438	0.08246643841266632	0.4853366897419761																																						
LMF2	167	0.13746390767555838	0.08035504817962646	0.44808055380742606																																						
LMNA	166	0.08141382685754849	0.08250742405653	0.4858401510383889																																						
LMNB1	216	0.4511283896030916	0.07310567051172256	0.3038388923851479																																						
ARHGAP19	105	0.16455192059268164	0.10318724066019058	0.7320327249842669																																						
LONP1	156	0.1707258394006842	0.18087086081504822	0.9554436752674638																																						
LONP2	281	0.29266929225629057	0.06485104560852051	0.13983637507866584																																						
LONRF3	370	0.2760940017793984	0.05583369731903076	0.03146633102580239																																						
LPA	247	0.0	0.06981581449508667	0.23536815607300188																																						
ARHGAP1	153	0.12133558707396963	0.08649451285600662	0.5467589679043423																																						
LPCAT2	59	0.0	0.14084121584892273	0.9048458149779736																																						
LPCAT3	129	0.12179115968405267	0.09315986931324005	0.6363750786658275																																						
LPCAT4	138	0.2340811219456245	0.08888152986764908	0.581371932032725																																						
LPGAT1	247	0.2425873859599681	0.06494522839784622	0.1407174323473883																																						
LPIN1	124	0.1279644147699332	0.11231959611177444	0.7926998112020138																																						
LPIN2	154	0.2753938788594715	0.08147129416465759	0.46796727501573315																																						
LRBA	228	0.10945908260602832	0.07077549397945404	0.2550031466331026																																						
LRCH3	65	0.4031762919411692	0.12744881212711334	0.8650723725613594																																						
ARHGAP21	321	0.20790810696414105	0.05810416117310524	0.049842668344870986																																						
LRFN4	212	0.2348370324281304	0.0691683292388916	0.2211453744493392																																						
LRG1	193	0.025480498392687442	0.0754433423280716	0.3536815607300189																																						
LRIF1	72	0.3300131997426792	0.16634626686573029	0.9436123348017621																																						
LRIG2	73	0.0	0.12338384240865707	0.8478288231592196																																						
LRP10	227	0.2151012139712358	0.06984155625104904	0.2357457520453115																																						
LRP12	243	0.08254462518553883	0.0706358477473259	0.2516047828823159																																						
LRP5	209	0.4902781931502461	0.09185991436243057	0.6202643171806167	Wnt																																	0.76189935				
LRP6	227	0.14769465154660347	0.06692764908075333	0.1773442416614223	Wnt																																	0.31778845				
LRPAP1	200	0.1190807073922637	0.07558774948120117	0.35720578980490875																																						
LRPPRC	131	0.1889639851050555	0.18215793371200562	0.9564505978602895																																						
LRR1	235	0.36017020072407785	0.06941048055887222	0.2261799874134676																																						
LRRC20	266	0.0	0.06288279592990875	0.10698552548772813																																						
LRRC28	173	0.11442890401921475	0.07754795253276825	0.3963499056010069																																						
LRRC37B	245	0.2444302841022712	0.06891876459121704	0.21585903083700442																																						
LRRC40	208	0.2841412245879332	0.07230831682682037	0.287098804279421																																						
LRRC41	221	0.4728643218468766	0.07405728101730347	0.3238514789175582																																						
LRRC45	263	0.2835156162366611	0.06412608921527863	0.126117054751416																																						
LRRC57	88	0.4739944274706215	0.11546309292316437	0.8105726872246696																																						
ARHGAP25	171	0.0	0.07596515864133835	0.3634990560100692																																						
LRRC58	110	0.06729666091567117	0.10116302222013474	0.7116425424795468																																						
LRRC61	310	0.08601295855973981	0.05948394536972046	0.06343612334801763																																						
LRRC8B	307	0.15032403002172176	0.059439126402139664	0.06280679672750157																																						
LRRC8C	302	0.3386199122123052	0.0594574473798275	0.063058527375708																																						
LRRCC1	154	0.0	0.08111216127872467	0.4621774701069855																																						
LRRFIP2	132	0.06432032107203027	0.08948448300361633	0.5886721208307112																																						
LRWD1	68	0.22490183286919468	0.12831617891788483	0.8683448709880428																																						
LSG1	84	0.1467623037405412	0.24293753504753113	0.9847702957835116																																						
LSM10	323	0.0793937919532904	0.10512185841798782	0.7461296412838263																																						
LSM11	191	0.2478802450000947	0.14011138677597046	0.9032095657646318																																						
LSM12	50	0.31725551564990045	0.1744590550661087	0.9504090623033354																																						
LSM14A	215	0.1854351207828729	0.08051549643278122	0.4513530522341095																																						
LSM14B	182	0.06125585705489255	0.08440840989351273	0.5175582127123978																																						
LSM1	124	0.29935042656530064	0.09321444481611252	0.6368785399622404																																						
LSM3	57	0.3342313023126967	0.19197319447994232	0.9641283826305853																																						
LSM4	51	0.3507741924115874	0.16619861125946045	0.9433606041535557																																						
LSM5	305	0.2696847105334204	0.09459924697875977	0.6503461296412838																																						
LSM6	83	0.15371795819413386	0.3224351406097412	0.9962240402769037																																						
LSM7	145	0.3889719155602968	0.1362639218568802	0.8926368785399622																																						
LSR	66	0.12751753961566795	0.1225135326385498	0.8443045940843298																																						
LSS	233	0.1707408834551382	0.07359226793050766	0.31604782882315924																																						
ABHD17A	250	0.3536303577128707	0.06425031274557114	0.1288860918816866																																						
LST1	170	0.17048457866640115	0.08012387901544571	0.4435494021397105																																						
LTB4R2	349	0.28474301631550364	0.05626042187213898	0.033228445563247326																																						
LTB4R	209	0.26941868265566865	0.07404361665248871	0.3234738829452486																																						
LTBP4	460	0.2275386142614583	0.061874132603406906	0.09301447451227186																																						
LTBR	104	0.02865815931642765	0.10066289454698563	0.7071113908118314	NF-κB																			0.33985922																		
ARHGAP5	332	0.1465134536015653	0.05935823544859886	0.06205160478288232																																						
LTF	263	0.0	0.06389589607715607	0.12259282567652612																																						
LTN1	195	0.02645820991093339	0.08795668184757233	0.5696664568911265																																						
LTV1	143	0.34713605339662	0.18328002095222473	0.9570799244808056																																						
LUC7L3	80	0.14235375288203406	0.21183714270591736	0.9731906859660163																																						
LUC7L	296	0.24082569957112274	0.07095713913440704	0.2587791063561989																																						
LURAP1	122	0.0	0.09197965264320374	0.6215229704216488																																						
LUZP1	251	0.070073314809476	0.06619256734848022	0.16400251730648208																																						
LY6E	450	0.07596480330983417	0.050251975655555725	0.009439899307740718																																						
LYAR	90	0.10650765975950284	0.10680655390024185	0.7574575204531152																																						
LYL1	87	0.07238521766379795	0.14757496118545532	0.9171806167400881																																						
LYN	129	0.21086126239834	0.0909741222858429	0.6090623033354311																																						
LYPLA1	189	0.21417215136694087	0.07591604441404343	0.36261799874134676																																						
LYPLAL1	77	0.023603953267378568	0.11438014358282089	0.8045311516677155																																						
LYRM1	328	0.19556344437182946	0.0573335662484169	0.04317180616740088																																						
LYRM2	384	0.10756622210617096	0.05331641063094139	0.018502202643171806																																						
LYRM4	202	0.3014489301615749	0.07598373293876648	0.3643801132787917																																						
ARHGDIA	179	0.2276984792968971	0.07707274705171585	0.3866582756450598																																						
ETFRF1	253	0.03689852351491171	0.0652502179145813	0.1475141598489616																																						
LYRM7	59	0.0572259745477161	0.13181784749031067	0.8801762114537445																																						
LYSMD2	79	0.0	0.11869340389966965	0.8271869100062933																																						
LYSMD3	114	0.22532663527375224	0.09868183732032776	0.6913782252989301																																						
LYZ	248	0.10372136585613964	0.06619009375572205	0.16387665198237886																																						
LZTFL1	255	0.1005783295708616	0.06831413507461548	0.20465701699181876																																						
LZTR1	299	0.14240211991908294	0.10318047553300858	0.7319068596601637																																						
LZTS2	150	0.1538224006174476	0.08546894788742065	0.5325361862806797	Wnt																																	0.46399397				
ARHGDIB	219	0.0	0.07100426405668259	0.2605412208936438																																						
M6PR	190	0.0950569806730896	0.07450217008590698	0.3331655129011957																																						
MACC1	116	0.0	0.0960954874753952	0.6664568911264946																																						
MACROD1	127	0.15351426463540233	0.09152336418628693	0.6154814348646948																																						
MAD2L1BP	182	0.0665457777800067	0.07589992880821228	0.3623662680931403																																						
MAD2L1	195	0.4642915044297764	0.13593623042106628	0.8921334172435494																																						
MAD2L2	385	0.16014939751747911	0.05504962429404259	0.027690371302706105																																						
MADD	135	0.15455070519988354	0.08780132979154587	0.5674008810572687																																						
ARHGEF10	350	0.052861118687560535	0.060963213443756104	0.08130899937067337																																						
MAF1	82	0.15680461355148206	0.1360156387090683	0.8922592825676526																																						
MAFA	139	0.09639500314983307	0.11021744459867477	0.7803650094398993																																						
MAFB	179	0.0	0.09226612746715546	0.6255506607929515																																						
MAFF	297	0.10525013876906976	0.06056106463074684	0.07640025173064821																																						
MAFK	296	0.3006668771342332	0.07657469809055328	0.37684078036500945																																						
MAF	121	0.0	0.0957552045583725	0.6635619886721208																																						
MAGEA1	264	0.0	0.0629735141992569	0.10811831340465702																																						
ARHGEF11	164	0.18145861001949973	0.0822325125336647	0.48206419131529266																																						
MAGEA2	255	0.0	0.06573459506034851	0.15607300188797987																																						
MAGEA3	97	0.06161955339035076	0.12491517513990402	0.8543738200125865																																						
MAGEA6	59	0.04601071128056021	0.12975548207759857	0.8728760226557584																																						
MAGEA9B	290	0.0	0.06438121944665909	0.13052234109502833																																						
MAGEB1	250	0.0	0.06497632712125778	0.14172435494021396																																						
MAGEB2	223	0.0	0.06873868405818939	0.21258653241032097																																						
MAGEC1	261	0.12228041934812205	0.06344791501760483	0.1157960981749528																																						
MAGED1	205	0.0	0.07300550490617752	0.30195091252359973																																						
MAGEF1	141	0.040861655108776984	0.08648369461297989	0.5466331025802391																																						
MAGEH1	212	0.07390522053754027	0.07053549587726593	0.24946507237256135																																						
MAGI1	282	0.0	0.061634838581085205	0.0893643801132788																																						
MAGI3	74	0.27957507393564635	0.12160482257604599	0.8404027690371303																																						
MAGOH	170	0.4284581375046189	0.10445176810026169	0.74235368156073																																						
MAGT1	167	0.17900682579552835	0.07860074192285538	0.41585903083700443																																						
ARHGEF18	321	0.03685205817883402	0.05862851440906525	0.0539962240402769																																						
MAK16	109	0.4181749780219085	0.1809392273426056	0.9555695405915671																																						
MALSU1	131	0.0933179156447904	0.12211170047521591	0.8425424795468849																																						
MAN1A2	158	0.15391820665266112	0.10553912818431854	0.7495280050346129																																						
MAN1B1	203	0.19004801877597505	0.07026654481887817	0.24354940213971052																																						
MAN2A1	196	0.1136613823484802	0.07344888895750046	0.31227186910006294																																						
MAN2A2	109	0.34312646844817096	0.09638063609600067	0.6693517935808685																																						
MAN2B1	288	0.08914055544726257	0.06361175328493118	0.11869100062932662																																						
MAN2C1	55	0.43145713755346893	0.1383729726076126	0.8983008181246067																																						
MANBAL	194	0.2558609545916042	0.07508611679077148	0.3463813719320327																																						
MANBA	147	0.053108951567173664	0.08468689024448395	0.5209565764631844																																						
MANEAL	84	0.25117723182945584	0.11467624455690384	0.8064191315292637																																						
MANEA	57	0.09917771135774778	0.12687891721725464	0.8621774701069855																																						
MANF	402	0.05618653765534081	0.05316944047808647	0.017998741346758967																																						
MAP1A	177	0.08270844901628073	0.07783651351928711	0.4011327879169289																																						
MAP1B	217	0.047989196804470606	0.07243284583091736	0.289490245437382																																						
MAP1LC3B	163	0.1249611507197806	0.08274728804826736	0.49024543738200127	Autophagy				1.9204268																																	
MAP1S	237	0.08465881654160383	0.06662658601999283	0.1713027061044682																																						
ABHD17B	58	0.15663204254594304	0.14026081562042236	0.9034612964128382																																						
MAP2K1	220	0.3240127366561117	0.0696304440498352	0.23209565764631843	ERK/MAPK										1.6349614																											
MAP2K2	185	0.07371147677137767	0.07763975113630295	0.3984896161107615																																						
MAP2K3	174	0.0	0.08852089196443558	0.5764631843926998																																						
MAP2K4	170	0.0	0.07952923327684402	0.43348017621145374																																						
MAP2K7	78	0.4234035415665754	0.1832897663116455	0.9572057898049088																																						
MAP3K11	142	0.11920680666269087	0.08502555638551712	0.5257394587791063																																						
MAP3K1	137	0.4644846815157415	0.0870918557047844	0.5565764631843927																																						
MAP3K2	212	0.15744885991752808	0.07893306761980057	0.4222781623662681																																						
ARHGEF25	211	0.0	0.07242891192436218	0.28923851478917556																																						
MAP3K3	294	0.245537558095972	0.05915844812989235	0.05890497168030208																																						
MAP3K4	157	0.1229627749930457	0.0918949618935585	0.6208936438011328																																						
MAP3K5	168	0.2262734608518397	0.08023742586374283	0.44543738200125865																																						
MAP3K6	116	0.4317208116170973	0.1019958034157753	0.7220893643801133																																						
MAP3K7	174	0.2976688919759255	0.08706752955913544	0.5558212712397734																																						
MAP4K1	116	0.0	0.09536036849021912	0.6595342983008181																																						
MAP4K2	214	0.2164223610701832	0.07134758681058884	0.2670862177470107																																						
MAP4K3	148	0.09320728939699492	0.08737868070602417	0.5606041535556954																																						
MAP4K4	337	0.16282891222077128	0.05687506124377251	0.039269981120201386																																						
ARHGEF2	132	0.2533042490596302	0.09089106321334839	0.6075519194461926																																						
MAP4K5	167	0.2399263018778953	0.08186090737581253	0.4760226557583386																																						
MAP4	119	0.1647796283948147	0.11114906519651413	0.7866582756450597																																						
MAP7D3	152	0.05334945708124162	0.08869531005620956	0.5791063561988672																																						
MAPK11	147	0.08810963611774643	0.08089294284582138	0.45802391441157964																																						
MAPK14	223	0.2599269821868793	0.08053846657276154	0.4517306482064191																																						
MAPK1IP1L	223	0.1736701856710807	0.0727035328745842	0.2943989930774072																																						
MAPK1	305	0.17673006141328834	0.07517655938863754	0.34839521711768406	ERK/MAPK										2.0706544																											
MAPK3	257	0.0823021432922247	0.0664157047867775	0.16803020767778476	ERK/MAPK										0.3688897																											
ARHGEF39	219	0.03645075697721219	0.07121509313583374	0.2644430459408433																																						
MAPK6	219	0.16198182591621813	0.07422995567321777	0.32800503461296415																																						
MAPK8IP3	265	0.09089168680906416	0.06262776255607605	0.10358716173694148																																						
MAPK8	306	0.4067036527400157	0.06000017747282982	0.0697293895531781																																						
MAPK9	228	0.1291284383136982	0.06703845411539078	0.17998741346758967																																						
MAPKAP1	100	0.1055448782523278	0.12112845480442047	0.8382630585273757																																						
MAPKAPK2	132	0.1389931686512025	0.09596278518438339	0.6648206419131529																																						
MAPKAPK3	308	0.11403750882562262	0.05912796035408974	0.05852737570799245																																						
MAPKAPK5	125	0.2949536108961712	0.09160725027322769	0.6168659534298301																																						
MAPRE3	64	0.2820641799046856	0.18624748289585114	0.9597230962869729																																						
MAPT	198	0.22143368129130406	0.07070308923721313	0.252863436123348																																						
MARCH3	61	0.4424763035848282	0.1522342562675476	0.9258653241032095																																						
MARCH5	184	0.06842396769489573	0.07686641067266464	0.3826305852737571																																						
MARCH6	108	0.3014010467293622	0.10158863663673401	0.7173064820641913																																						
MARCH7	159	0.3572218978024277	0.09359603375196457	0.639647577092511																																						
MARCH8	219	0.12055206279365592	0.07193955034017563	0.2790434235368156																																						
MARCH9	51	0.0	0.1417977660894394	0.9067337948395218																																						
MARCKSL1	150	0.0742539843848878	0.0906601995229721	0.6044052863436123																																						
MARS2	155	0.3255331672450624	0.10875300318002701	0.7716803020767778																																						
MARS	155	0.09595880557636224	0.13878804445266724	0.8991818753933292																																						
ARHGEF9	82	0.12483897477170755	0.11409178376197815	0.8025173064820642																																						
MAST2	143	0.14554710420865585	0.08687765896320343	0.5522970421648836																																						
MASTL	161	0.31495547859258466	0.08690523356199265	0.5530522341095029																																						
MAT2A	76	0.3990225453833263	0.15921208262443542	0.9364380113278792																																						
MATK	158	0.13411781762124705	0.09143691509962082	0.6143486469477659																																						
MATR3	94	0.0	0.10625465959310532	0.7545626179987414																																						
MAU2	119	0.2640756771909822	0.21341517567634583	0.9739458779106356																																						
MAX	211	0.3706468643160315	0.19515107572078705	0.9660163624921334	ERK/MAPK										0.76750386																											
MAZ	177	0.2183175481026114	0.0804772898554802	0.45047199496538703																																						
MBD1	272	0.05423606969408885	0.07074642181396484	0.2537444933920705																																						
MBD3	200	0.17313230988682404	0.12446233630180359	0.8526117054751416																																						
MBD4	200	0.1250532210507513	0.07163875550031662	0.27287602265575833																																						
MBD5	162	0.21068728510796514	0.11346760392189026	0.7998741346758967																																						
MBD6	233	0.3858216335130445	0.06744187325239182	0.18741346758967906																																						
MBIP	205	0.09341723326257673	0.10936177521944046	0.7755821271239773																																						
ARID1B	342	0.4999039913927504	0.05573615804314613	0.03108873505349276																																						
MBLAC2	212	0.13406790051005074	0.07137953490018845	0.26796727501573314																																						
MBNL2	270	0.1382352469755603	0.06326480954885483	0.11264946507237256																																						
MBOAT2	200	0.0	0.07529623061418533	0.35116425424795467																																						
MBOAT7	198	0.1191149914371527	0.07521604001522064	0.3497797356828194																																						
MBTD1	187	0.4260010875890496	0.07562296837568283	0.35770925110132157																																						
MBTPS1	149	0.07821024577510556	0.09476674348115921	0.6514789175582127																																						
MBTPS2	400	0.1581064059806958	0.1095718964934349	0.7770925110132159																																						
MCAM	107	0.0	0.09834717214107513	0.6881057268722467																																						
MCAT	161	0.11275878234258335	0.09011895954608917	0.5971050975456261																																						
MCCC1	197	0.0815040962851668	0.07228650152683258	0.2865953429830082																																						
MCCC2	100	0.12088899348046167	0.10761407017707825	0.7631214600377596																																						
MCEE	60	0.2432213665466765	0.20360666513442993	0.96941472624292																																						
MCL1	233	0.3525501462195435	0.06642188131809235	0.16815607300188798																																						
MCM10	156	0.2140187875492129	0.14448849856853485	0.912271869100063																																						
MCM2	133	0.06121907120563067	0.18405261635780334	0.957960981749528																																						
MCM3AP	159	0.07424885090074397	0.1339588463306427	0.8864694776589049																																						
ARID2	200	0.3484067429177948	0.0922493189573288	0.6252989301447451																																						
ABHD2	229	0.01702781083336279	0.07113178074359894	0.26343612334801764																																						
MCM3	201	0.15264657861665326	0.14076785743236542	0.9045940843297672																																						
MCM4	165	0.2903436925087809	0.13972996175289154	0.902706104468219																																						
MCM5	169	0.14171604430539236	0.10946884751319885	0.7763373190685966																																						
MCM6	143	0.06699005716053874	0.14811013638973236	0.9180616740088106																																						
MCM7	305	0.3165291125313234	0.08166786283254623	0.4724984266834487																																						
MCM8	256	0.2165452058164838	0.06707886606454849	0.18074260541220893																																						
MCM9	234	0.2917926075742566	0.08121684193611145	0.4643171806167401																																						
MCMBP	231	0.0999141256619558	0.09214663505554199	0.6242920075519195																																						
ARID3A	54	0.42711526965174224	0.16422827541828156	0.941724354940214																																						
MCRS1	173	0.3882784375860785	0.09417469799518585	0.645689112649465																																						
MCTS1	236	0.05279502950148456	0.07984890788793564	0.43939584644430457																																						
MCUR1	79	0.2249773911378768	0.13350403308868408	0.8852108244178729																																						
MCU	66	0.16943634346757688	0.15530258417129517	0.9312775330396476																																						
MDC1	179	0.17864134117746844	0.09106247127056122	0.6103209565764632																																						
MDH1	194	0.11993461590816247	0.07911566644906998	0.42517306482064193																																						
MDH2	312	0.16576442369521874	0.060457438230514526	0.07526746381371932																																						
MDK	113	0.06475966394977806	0.1033518835902214	0.733920704845815																																						
MDM1	67	0.1047557276353829	0.1414000242948532	0.9061044682190057																																						
MDM2	116	0.12850283502824592	0.09613746404647827	0.6670862177470107	p53																																					1.8059385
ARID3B	274	0.34518198577756776	0.0653282105922699	0.1485210824417873																																						
MDM4	122	0.12643907470704874	0.09663701057434082	0.6722466960352423	p53																																					0.9960842
MDN1	84	0.16586783417440795	0.22203418612480164	0.9774701069855255																																						
MDP1	196	0.05017506121506382	0.07359365373849869	0.31617369414726243																																						
ME1	182	0.0715447037249575	0.07853695750236511	0.41472624292007554																																						
ME2	176	0.022001446762803512	0.07762914150953293	0.39836375078665825																																						
MEA1	292	0.10940963667164526	0.060891132801771164	0.08042794210195091																																						
MECP2	102	0.22173329540270748	0.11438577622175217	0.8046570169918188																																						
MECR	96	0.062000620675463414	0.10281284898519516	0.7287602265575834																																						
MED10	368	0.2426657049698687	0.2098967730998993	0.9723096286972939																																						
MED11	181	0.19427123091964985	0.23387837409973145	0.9818753933291379																																						
MED12	186	0.0	0.5226742029190063	0.9994965387035871																																						
MED13	268	0.061992074591273774	0.07873351871967316	0.4188797986154814																																						
MED16	76	0.10704567096329627	0.19933734834194183	0.9675267463813719																																						
MED17	80	0.42385695962919256	0.30973654985427856	0.9950912523599749																																						
ARID4A	251	0.4040336611856857	0.06963562965393066	0.23222152297042165																																						
MED18	55	0.0	0.30740419030189514	0.9948395217117684																																						
MED19	299	0.4520568584791384	0.3662317991256714	0.9978602894902454																																						
MED20	107	0.2993420476524417	0.21525710821151733	0.9744493392070485																																						
MED22	185	0.4835685792269714	0.2375643104314804	0.9832599118942731																																						
MED24	58	0.3693491919771493	0.23523342609405518	0.9823788546255506																																						
MED25	186	0.1159577736809045	0.0906519889831543	0.6042794210195092																																						
ARID4B	66	0.2857207372249685	0.1388774812221527	0.8994336060415355																																						
MED28	81	0.2936296311208473	0.3028163015842438	0.9944619257394588																																						
MED30	114	0.0	0.5098551511764526	0.9992448080553807																																						
MED31	67	0.38292343110672106	0.16816575825214386	0.944745122718691																																						
MED6	139	0.3395261663644988	0.288379043340683	0.9933291378225299																																						
MED8	71	0.4636238029352098	0.20976392924785614	0.9721837633731907																																						
ARID5A	222	0.10985858583150143	0.06994418799877167	0.2382630585273757																																						
MEF2A	85	0.1178727595524299	0.16886673867702484	0.9452485840151038																																						
MEF2B	114	0.4383423382958506	0.09200204163789749	0.6220264317180617																																						
MEF2C	203	0.05622552247064543	0.07634139806032181	0.37205789804908745	ERK/MAPK										2.036633																											
MEF2D	165	0.0	0.08249635249376297	0.4857142857142857																																						
MEGF8	140	0.16459976572802354	0.08858835697174072	0.5775959723096287	Hedgehog																																					
MEIOB	146	0.0902612292908192	0.08322013169527054	0.4995594713656388																																						
MEIS1	284	0.048109172918552115	0.062365759164094925	0.09955947136563877																																						
ARID5B	260	0.27106265201536084	0.10171156376600266	0.7191944619257394																																						
MELK	278	0.045673999767122234	0.06416956335306168	0.1266205160478288																																						
MEN1	259	0.0572213491658497	0.09299681335687637	0.634235368156073																																						
TLNRD1	274	0.0686434648877934	0.06330383569002151	0.11340465701699182																																						
MESD	118	0.0961006641990603	0.10207492113113403	0.7225928256765262																																						
MESP1	252	0.0	0.06362470239400864	0.11894273127753303																																						
ARIH1	91	0.28471617622395656	0.14257866144180298	0.9083700440528635																																						
MESP2	427	0.0	0.052530642598867416	0.014977973568281937																																						
MEST	98	0.3185978042408884	0.10536909848451614	0.7481434864694777																																						
METAP1D	137	0.31734272337201824	0.09761205315589905	0.6814348646947765																																						
METAP1	253	0.09904443292682903	0.07685159891843796	0.38225298930144747																																						
METAP2	271	0.16281089700098567	0.17190960049629211	0.948395217117684																																						
METRNL	89	0.2584750164550013	0.12064450234174728	0.8359974826935179																																						
METRN	163	0.08879976469366857	0.07886102050542831	0.4208936438011328																																						
EEF1AKMT2	195	0.1835456822379441	0.07326817512512207	0.308118313404657																																						
CSKMT	257	0.2686516465614316	0.07057022303342819	0.25034612964128383																																						
ARIH2	129	0.18691610039450707	0.09498722106218338	0.6550031466331026																																						
EEF1AKNMT	142	0.15139654382469506	0.08481355756521225	0.5232221522970422																																						
METTL14	282	0.0793854811006465	0.13131219148635864	0.8779106356198867																																						
METTL15	260	0.4982060750618381	0.0637921690940857	0.12120830711139081																																						
METTL17	245	0.10939057289650557	0.09379290789365768	0.6412838263058528																																						
METTL18	114	0.1832436446633692	0.10427702218294144	0.7408432976714915																																						
METTL1	420	0.09746519410805388	0.06469669193029404	0.13694147262429202																																						
METTL21A	185	0.24790836139328065	0.13170002400875092	0.8796727501573317																																						
METTL22	216	0.2889878864354153	0.07587606459856033	0.3617369414726243																																						
ARL11	192	0.04050846339336739	0.08184677362442017	0.4758967904342354																																						
ABHD3	50	0.19373772788267016	0.15573471784591675	0.9319068596601636																																						
PRXL2C	129	0.1013276678619066	0.09486931562423706	0.6531151667715545																																						
METTL2A	121	0.25137335559560026	0.09054616093635559	0.6026431718061674																																						
METTL3	325	0.2067731112807825	0.1098003089427948	0.7782252989301447																																						
METTL5	287	0.13485798783624556	0.06488208472728729	0.14033983637507866																																						
METTL6	152	0.18986847953314448	0.08589779585599899	0.5387035871617369																																						
METTL7A	235	0.10381613378142966	0.06833073496818542	0.20553807426054121																																						
METTL8	57	0.1351861304436902	0.1602138727903366	0.9376966645689113																																						
ARL13B	129	0.10256476011146393	0.08909434080123901	0.5835116425424796																																						
METTL9	349	0.1927915596110742	0.05632977560162544	0.033857772183763374																																						
MEX3A	315	0.2258430875174821	0.06525783985853195	0.14776589049716804																																						
MEX3C	347	0.05031236849537246	0.05534646287560463	0.02907488986784141																																						
MEX3D	191	0.14754423185103818	0.07598405331373215	0.3645059786028949																																						
MFAP3	205	0.0	0.0726337805390358	0.29301447451227186																																						
MFF	106	0.13913084600563674	0.10117281973361969	0.7120201384518565																																						
MFGE8	315	0.08721402206270082	0.05961999297142029	0.06557583385777219																																						
ARL14EP	233	0.051102559552128085	0.07214700430631638	0.28319697923222154																																						
MFHAS1	165	0.2055650877037226	0.08172744512557983	0.4737570799244808																																						
MFSD10	247	0.04100475426353692	0.0670088529586792	0.17885462555066078																																						
MFSD11	147	0.20009406732162152	0.08671563863754272	0.550157331655129																																						
MFSD12	157	0.14398862354952216	0.08217906206846237	0.481686595342983																																						
MFSD1	205	0.08731028815037012	0.07326161116361618	0.3079924480805538																																						
MFSD2B	71	0.0	0.1220410019159317	0.842039018250472																																						
MFSD3	103	0.048321506353235184	0.10052072256803513	0.7064820641913153																																						
ARL15	254	0.13430154941910974	0.06842567771673203	0.20717432347388295																																						
MFSD5	201	0.3270758286079621	0.0707324966788292	0.2532410320956576																																						
MFSD6	142	0.10662377513889157	0.10326945781707764	0.7326620516047829																																						
MFSD9	139	0.0	0.08975185453891754	0.5926998112020139																																						
MGAT1	250	0.4639868979724098	0.06611081212759018	0.16299559471365638																																						
MGAT2	176	0.17168103621651512	0.07856136560440063	0.41485210824417873																																						
MGAT4B	169	0.1642699504456165	0.09502703696489334	0.6560100692259283																																						
MGAT5	287	0.2164773313116188	0.06248754635453224	0.1013215859030837																																						
ARL16	203	0.12066117789676994	0.07217474281787872	0.28357457520453117																																						
MGA	273	0.3987136742607376	0.0673120841383934	0.18502202643171806																																						
OGA	112	0.1669744755665202	0.11301548033952713	0.7968533668974198																																						
MGME1	102	0.06657902393339755	0.1019936352968216	0.7219634990560101																																						
MGRN1	146	0.13090042240218178	0.10308297723531723	0.7312775330396476																																						
MGST1	217	0.028210391979309576	0.0724453330039978	0.28974197608558844																																						
MGST2	125	0.05957727389993269	0.09530895948410034	0.6586532410320957																																						
MGST3	120	0.05706837868007916	0.09204655140638351	0.622781623662681																																						
MIA3	180	0.34668069448945693	0.07692479342222214	0.3832599118942731																																						
ARL17A	212	0.4834641374284539	0.07204815000295639	0.2818124606670862																																						
MIB1	146	0.27875747952268265	0.08338344097137451	0.5028319697923223																																						
MICAL1	111	0.4508117511194771	0.0997338816523552	0.6994336060415356																																						
MICAL2	138	0.4084887657818685	0.09229771792888641	0.6259282567652612																																						
MICALL1	113	0.0	0.09968900680541992	0.6990560100692259																																						
MICALL2	471	0.18150672165962212	0.0462472029030323	0.004405286343612335																																						
MICA	153	0.1578048642399624	0.10535617917776108	0.7480176211453744																																						
MICB	197	0.3990277803745095	0.07345613092184067	0.31239773442416613																																						
ARL1	117	0.09744222956528237	0.12000680714845657	0.8328508495909377																																						
MICU1	63	0.03890681425168155	0.12768542766571045	0.8662051604782882																																						
MICU2	306	0.2713377264727258	0.05948928743600845	0.06368785399622404																																						
MID1IP1	275	0.15693034681153953	0.061315376311540604	0.08558842039018251																																						
MIEF1	119	0.1869139946848504	0.09808134287595749	0.6848332284455633																																						
MIEN1	201	0.14106792746161625	0.07956603169441223	0.4341095028319698																																						
MIER1	214	0.393916026512238	0.07370192557573318	0.3184392699811202																																						
ARL2BP	398	0.06664764520113077	0.05110815912485123	0.010824417872876023																																						
MIER2	305	0.11568660436540175	0.06048265099525452	0.07577092511013216																																						
MIER3	158	0.09921858407069037	0.08790694922208786	0.568785399622404																																						
MIF4GD	323	0.2826051078691542	0.06194586306810379	0.09402139710509755																																						
MIF	234	0.04045806175720626	0.06899983435869217	0.21674008810572687																																						
RIOX2	206	0.06284118955350168	0.07436320185661316	0.3300188797986155																																						
MINK1	101	0.0	0.11103913933038712	0.7860289490245438																																						
MICOS10	138	0.21294609411793827	0.12305007129907608	0.8463184392699811																																						
MINPP1	197	0.11383969107077928	0.08357386291027069	0.5059786028949025																																						
MIOS	228	0.10572431405640992	0.11969146877527237	0.831843926998112																																						
MIPEP	182	0.04884362202203765	0.09189234673976898	0.6207677784770296																																						
MIPOL1	180	0.19499032025361207	0.07785609364509583	0.40201384518565136																																						
MIS12	123	0.045807366199763784	0.13970442116260529	0.9025802391441158																																						
MIS18A	194	0.2643585191828793	0.09797494858503342	0.6842039018250472																																						
MIS18BP1	138	0.040258683923321895	0.10373567789793015	0.7359345500314664																																						
MITD1	109	0.12712100709629767	0.09275930374860764	0.631214600377596																																						
MITF	242	0.08903867405988883	0.07075696438550949	0.2539962240402769																																						
MIXL1	180	0.0	0.07689472287893295	0.3830081812460667																																						
NIFK	75	0.20286987729223666	0.25181034207344055	0.9870358716173694																																						
ARL3	221	0.06774380551702927	0.07165097445249557	0.2730018879798615																																						
MKI67	211	0.03862656857174317	0.0694328248500824	0.22693517935808685	Cell Cycle							0.2622174																														
MKKS	125	0.07081915947696353	0.09459077566862106	0.6500943989930774																																						
MKLN1	150	0.16341641193039608	0.09412309527397156	0.6446821900566394																																						
MKNK2	342	0.22037465009347607	0.056944042444229126	0.04040276903713027																																						
MKRN2	122	0.19713063551781373	0.09514396637678146	0.6575204531151668																																						
ARL4A	209	0.17690389770714113	0.07209993153810501	0.28269351793580866																																						
ABHD5	143	0.03253013958519865	0.08752318471670151	0.5632473253618628																																						
MKRN3	214	0.0	0.07457761466503143	0.3350534927627439																																						
MKS1	172	0.07395310252858593	0.08024309575557709	0.44556324732536184																																						
MLEC	335	0.2169930882783564	0.06169264763593674	0.08986784140969163																																						
MLF1	198	0.0513674825039032	0.07252153009176254	0.29125235997482696																																						
MLF2	65	0.4762031385041468	0.14775599539279938	0.917684078036501																																						
MLH1	223	0.0879658978647351	0.07175125181674957	0.2747640025173065																																						
MLH3	63	0.08595588648417724	0.13395358622074127	0.8863436123348017																																						
ARL4D	333	0.11795369038134007	0.05773235484957695	0.0460667086217747																																						
MLLT10	198	0.3218524956520735	0.07974570989608765	0.43788546255506605																																						
MLLT11	126	0.06614271907149526	0.09227597713470459	0.6256765261170547																																						
MLLT1	99	0.2329213479979966	0.14402297139167786	0.9112649465072372																																						
MLLT6	821	0.2660261842494228	0.08797033876180649	0.5700440528634361																																						
MLST8	169	0.21078629799973272	0.09211055189371109	0.624040276903713																																						
MLXIPL	289	0.19396865362764934	0.061570312827825546	0.08873505349276274																																						
MLXIP	153	0.08398281448260173	0.08709751069545746	0.5568281938325991																																						
MLX	145	0.12229340747002156	0.08414143323898315	0.5139081183134047																																						
MLYCD	218	0.08001117304698555	0.07036521285772324	0.24531151667715545																																						
ARL5A	88	0.07787002154989629	0.10939612984657288	0.7758338577721837																																						
MMAB	147	0.07490039669363108	0.08746879547834396	0.5618628067967275																																						
MMACHC	189	0.3382602436276845	0.07675443589687347	0.37948395217117686																																						
MMADHC	226	0.12011467597315448	0.06943570077419281	0.22706104468219004																																						
MMP15	316	0.3865211024225265	0.059030212461948395	0.05777218376337319																																						
MMP17	200	0.1064009141817435	0.12102147936820984	0.8376337319068596																																						
MMS19	247	0.10180120101550194	0.07182040065526962	0.2764002517306482																																						
MMS22L	82	0.11429355300413625	0.1757333129644394	0.9512901195720579																																						
MNAT1	126	0.3601691540506704	0.16613808274269104	0.9432347388294525																																						
MND1	140	0.04394251218625009	0.0895150825381279	0.5895531780994336																																						
ARL5B	189	0.09604270413762556	0.07447549700737	0.33215859030837																																						
MNX1	236	0.18617886291874675	0.07467446476221085	0.3376966645689113																																						
MOB1A	131	0.11093017271244326	0.08775576949119568	0.5663939584644431																																						
MOB1B	166	0.06723628226850167	0.08224567770957947	0.48219005663939585																																						
MOB3A	175	0.16047752723134534	0.08389703184366226	0.5102580239144116																																						
MOB3B	349	0.14477420084701415	0.05557143688201904	0.030459408432976714																																						
MOB4	218	0.14940458399301793	0.11553730070590973	0.8108244178728761																																						
MOCOS	97	0.31077712194924656	0.10810048878192902	0.7671491504090623																																						
MOCS1	140	0.0	0.08271632343530655	0.4896161107614852																																						
MOCS2	353	0.051950661506808896	0.05553782731294632	0.030207677784770296																																						
MOCS3	191	0.3958702358616927	0.07566434144973755	0.35846444304594083																																						
MOGS	273	0.09369458195288258	0.06168060004711151	0.08974197608558843																																						
MOG	294	0.0	0.06005677208304405	0.07061044682190057																																						
MOK	282	0.4980560767715044	0.06496676802635193	0.14109502831969792																																						
MON1A	260	0.08235876251406417	0.11031614243984222	0.7816236626809314																																						
MON1B	188	0.055310774596309696	0.08507242798805237	0.5264946507237256																																						
MON2	335	0.17399551438988692	0.05840504914522171	0.05210824417872876																																						
MORC2	92	0.1938822592487559	0.11224544793367386	0.7919446192573946																																						
MORC3	117	0.19596638754789947	0.09557608515024185	0.6617998741346759																																						
MORF4L1	152	0.15924112723850725	0.09303770214319229	0.6346129641283826																																						
MORF4L2	135	0.23699567124378074	0.09111541509628296	0.6112020138451857																																						
MORN1	467	0.061948663308326726	0.04897370934486389	0.007677784770295784																																						
MORN2	51	0.0	0.13912232220172882	0.9004405286343612																																						
MORN4	275	0.0	0.06627857685089111	0.16526117054751416																																						
MOSPD3	301	0.08606364325605513	0.05940930172801018	0.06242920075519195																																						
MOV10	142	0.19299463522537294	0.08690222352743149	0.5529263687853996																																						
MPC1	138	0.012349913027631266	0.09524363279342651	0.6581497797356828																																						
ARL6IP4	137	0.07473696642474811	0.08740954846143723	0.5611076148521082																																						
MPC2	118	0.25308955746850503	0.09760936349630356	0.6813089993706734																																						
MPDU1	80	0.08733908579467871	0.12068980932235718	0.8365009439899308																																						
MPG	204	0.10548951713363554	0.09564357250928879	0.6628067967275015																																						
MPHOSPH10	65	0.3066323293023676	0.2395544946193695	0.9842668344870988																																						
MPHOSPH6	141	0.2544396798227923	0.12635543942451477	0.8605412208936438																																						
MPHOSPH9	111	0.09287373978972638	0.103041872382164	0.7308999370673379																																						
MPI	204	0.13271037932600513	0.06896724551916122	0.21623662680931405																																						
MPLKIP	135	0.1498646655112717	0.08766883611679077	0.5652611705475141																																						
ARL6IP5	179	0.182099515705776	0.07446695864200592	0.33203272498426684																																						
MPND	59	0.15614189455214084	0.13939222693443298	0.9019509125235997																																						
MPP1	223	0.15483152632527894	0.06909793615341187	0.21900566393958465																																						
MPP3	235	0.2379245208308215	0.06869691610336304	0.2119572057898049																																						
MPP5	156	0.10219502437363877	0.0808410495519638	0.4566393958464443																																						
MPPE1	218	0.09092058030447923	0.07047836482524872	0.24782882315921964																																						
MPST	69	0.18931455707842287	0.12726427614688873	0.8641913152926369																																						
MPV17L2	191	0.14565992553971208	0.08225169032812119	0.4824417872876023																																						
MPV17	197	0.10202923680036503	0.07176194339990616	0.2751415984896161																																						
MPZL1	168	0.18090508835023086	0.0793881043791771	0.43083700440528633																																						
MR1	250	0.03541873368573621	0.06322785466909409	0.11176840780365009																																						
MRAP2	62	0.10372366362627948	0.12471220642328262	0.8537444933920705																																						
MRAS	177	0.06518817234348748	0.08642876148223877	0.5455003146633103																																						
MRE11	154	0.022543660554742675	0.09126254171133041	0.6127123977344242																																						
MRFAP1L1	90	0.10318083367690734	0.10927384346723557	0.7750786658275645																																						
MRFAP1	86	0.3617326501971476	0.11825702339410782	0.8254247954688483																																						
ARL8A	215	0.0	0.07516193389892578	0.3482693517935809																																						
MRGBP	129	0.2124961766375719	0.1311877965927124	0.8776589049716803																																						
MRI1	109	0.19278640845423692	0.09689252823591232	0.6747640025173065																																						
MRM1	102	0.08868284302065604	0.17618907988071442	0.9520453115166772																																						
MRPL10	162	0.15712038766877756	0.13387392461299896	0.885840151038389																																						
MRPL11	105	0.0748876646703559	0.13584959506988525	0.891881686595343																																						
MRPL13	130	0.07721731566833176	0.1383158266544342	0.897923222152297																																						
MRPL14	264	0.11152829119308252	0.09048017114400864	0.6018879798615482																																						
MRPL15	75	0.07946851646351613	0.14959244430065155	0.921334172435494																																						
MRPL16	130	0.0734276762701288	0.12124323099851608	0.8391441157960982																																						
ARL8B	227	0.204998707839956	0.07041588425636292	0.24657016991818753																																						
ABHD6	295	0.0911103840397052	0.06074826791882515	0.0789175582127124																																						
MRPL17	141	0.12815946704281442	0.1419694721698761	0.9072372561359345																																						
MRPL18	250	0.21932179256135034	0.12023918330669403	0.834235368156073																																						
MRPL19	229	0.06259712777958729	0.14558283984661102	0.9136563876651982																																						
MRPL1	322	0.08464133609451145	0.07199439406394958	0.2805538074260541																																						
MRPL20	337	0.15020558062163494	0.0855906754732132	0.5342983008181246																																						
MRPL22	154	0.08516358173486692	0.12553095817565918	0.8568911264946507																																						
MRPL23	171	0.21287941881414366	0.11142852902412415	0.7876651982378855																																						
MRPL24	268	0.16528430872127806	0.11742709577083588	0.8211453744493392																																						
MRPL27	149	0.08052594341766446	0.1427021324634552	0.908747640025173																																						
ARMC10	204	0.09929535818371832	0.0735027939081192	0.3136563876651982																																						
MRPL28	103	0.18612687099943104	0.11442983150482178	0.8049087476400252																																						
MRPL2	247	0.08604588594974265	0.10928741097450256	0.7752045311516678																																						
MRPL32	88	0.17331418447305932	0.1357191950082779	0.8913782252989302																																						
MRPL33	295	0.2464434899297881	0.10931253433227539	0.7754562617998741																																						
MRPL34	52	0.11537641430045027	0.18912659585475922	0.9609817495280051																																						
MRPL35	260	0.07924568478929447	0.1322004646062851	0.881686595342983																																						
MRPL36	347	0.1276758053664454	0.11657626181840897	0.8172435494021397																																						
MRPL37	223	0.12423490143524756	0.11311192810535431	0.7976085588420391																																						
ARMC1	211	0.053180131494987834	0.07290225476026535	0.29905601006922594																																						
MRPL38	245	0.14309146979365228	0.10704119503498077	0.7595972309628697																																						
MRPL39	229	0.13575715872476998	0.12960854172706604	0.8723725613593455																																						
MRPL3	306	0.1000707368516615	0.11585325002670288	0.8120830711139081																																						
MRPL40	228	0.15601573559239876	0.07295611500740051	0.3000629326620516																																						
MRPL41	106	0.08481810588795895	0.13165225088596344	0.879295154185022																																						
MRPL42	105	0.09585251255027913	0.14765463769435883	0.9175582127123977																																						
MRPL43	142	0.07434406388940787	0.1473250538110733	0.9168030207677785																																						
MRPL44	117	0.13355706206960033	0.13515634834766388	0.8904971680302077																																						
MRPL45	260	0.3501420538843376	0.06911729276180267	0.21950912523599747																																						
MRPL46	139	0.030916539892505413	0.14133289456367493	0.905726872246696																																						
MRPL47	51	0.11656493107266427	0.16509780287742615	0.9427312775330396																																						
MRPL48	74	0.2232211883055712	0.13288052380084991	0.8837004405286344																																						
MRPL4	202	0.13462920213102458	0.11365015804767609	0.8002517306482064																																						
MRPL50	222	0.1107338404299348	0.10378853231668472	0.7364380113278791																																						
MRPL51	102	0.19658849062209965	0.13506905734539032	0.8903713027061044																																						
MRPL52	90	0.1460214492771953	0.12871916592121124	0.8702328508495909																																						
MRPL53	201	0.0	0.10370847582817078	0.7354310887350535																																						
MRPL54	209	0.16575697561597086	0.0928778275847435	0.6325991189427312																																						
MRPL55	207	0.13492897489467587	0.1237061470746994	0.8492133417243549																																						
ARMC6	132	0.3085495300614219	0.08718077838420868	0.5582127123977344																																						
MRPL9	238	0.21512390510372606	0.09533903747797012	0.6590308370044052																																						
MRPS10	120	0.1646623408786971	0.1261521875858307	0.8594084329767149																																						
MRPS11	129	0.1639211053438511	0.13913778960704803	0.9006922592825677																																						
MRPS12	62	0.11304255277263013	0.15840373933315277	0.934550031466331																																						
MRPS14	124	0.21395519199787535	0.15383942425251007	0.928508495909377																																						
MRPS15	133	0.150896823481426	0.10989588499069214	0.7784770295783512																																						
MRPS16	70	0.09167281040456952	0.14376500248908997	0.9108873505349276																																						
MRPS17	123	0.13716561168682728	0.13609594106674194	0.8923851478917558																																						
MRPS18A	184	0.0504962824003738	0.13394759595394135	0.8862177470106986																																						
MRPS18B	99	0.15953090448038024	0.12089988589286804	0.8368785399622404																																						
ARMC7	169	0.0	0.12724009156227112	0.8639395846444304																																						
MRPS18C	179	0.13385298979791352	0.10306455194950104	0.7311516677155444																																						
MRPS21	223	0.11791613051844073	0.1183759793639183	0.8260541220893644																																						
MRPS22	225	0.11256993358755424	0.10226411372423172	0.7238514789175582																																						
MRPS23	194	0.08082464694973937	0.12091289460659027	0.8371302706104469																																						
MRPS24	264	0.1290634330359426	0.09921634942293167	0.6955317809943361																																						
MRPS25	125	0.1017603143916792	0.1234792023897171	0.8480805538074261																																						
MRPS26	197	0.17179955113057116	0.10886117815971375	0.77293895531781																																						
MRPS27	128	0.13650559816398555	0.19293531775474548	0.9645059786028949																																						
MRPS28	260	0.11223543677936977	0.11687599122524261	0.8183763373190686																																						
MRPS2	193	0.15176372409356925	0.10779688507318497	0.7647577092511013																																						
ARMC8	182	0.09264082532092074	0.08647451549768448	0.5462555066079295																																						
MRPS30	142	0.10720613841545604	0.12292274087667465	0.8459408432976715																																						
MRPS31	155	0.09624850886913458	0.11250528693199158	0.7938325991189428																																						
MRPS33	150	0.14536456720232035	0.13105782866477966	0.8771554436752674																																						
MRPS34	193	0.1933130432939084	0.13291390240192413	0.8838263058527376																																						
MRPS35	321	0.10000328279827356	0.1134675070643425	0.7997482693517936																																						
MRPS36	81	0.15409499725229206	0.12255994230508804	0.8445563247325362																																						
MRPS5	138	0.13857481682768227	0.12028185278177261	0.8347388294524858																																						
MRPS6	370	0.1391131001903718	0.07872657477855682	0.4185022026431718																																						
MRPS7	217	0.1479923244555296	0.09524969011545181	0.658275645059786																																						
MRPS9	104	0.13705707665242697	0.1358996033668518	0.8920075519194461																																						
ARMCX3	196	0.08919171872928766	0.07459886372089386	0.3354310887350535																																						
MRRF	101	0.11973099930747295	0.10550948977470398	0.748898678414097																																						
MRS2	101	0.22018041364529692	0.10160858929157257	0.7181875393329138																																						
MRTO4	182	0.3467719633448267	0.09156961739063263	0.616236626809314																																						
MS4A3	104	0.02485679298422264	0.10329216718673706	0.7330396475770925																																						
MSANTD1	115	0.0	0.09411059319972992	0.6445563247325362																																						
MSANTD3	229	0.4760183950799151	0.06727185845375061	0.18439269981120202																																						
MSANTD4	140	0.0797261550258811	0.10530219227075577	0.7473882945248584																																						
MSGN1	80	0.0	0.11606018245220184	0.8135934550031466																																						
ARMCX5	134	0.08430274808426093	0.09004102647304535	0.5957205789804909																																						
MSH2	170	0.07542051834422388	0.08062189817428589	0.4534927627438641																																						
MSH3	124	0.17251246713983082	0.10912620276212692	0.774197608558842																																						
MSH5	201	0.16681219476699052	0.07429482787847519	0.3287602265575834																																						
MSH6	203	0.099769849442323	0.0806385949254036	0.45361862806796727																																						
MSI2	136	0.12338693034145262	0.0959877073764801	0.6653241032095658																																						
MSL1	222	0.359182857948286	0.09146706014871597	0.6148521082441787																																						
MSL3	277	0.15029481498828506	0.07479329407215118	0.3395846444304594																																						
MSMO1	166	0.11600508501129518	0.07840682566165924	0.41246066708621776																																						
MSN	742	0.2193651771106357	0.03936745598912239	0.0012586532410320957																																						
ARMCX6	215	0.07220966978813928	0.07042379677295685	0.24694776589049716																																						
MSRB1	444	0.08731683263433758	0.049785174429416656	0.008558842039018251																																						
MSRB2	180	0.0	0.07718338072299957	0.38842039018250474																																						
MSX1	134	0.13611032920557106	0.0883689820766449	0.5744493392070484																																						
MT1F	226	0.09605318951833604	0.06864884495735168	0.21145374449339208																																						
MT1X	268	0.06918504069670932	0.061884425580501556	0.09326620516047829																																						
MT2A	290	0.24184830941886404	0.062072403728961945	0.09628697293895531																																						
MTA1	144	0.1186337837184806	0.08715600520372391	0.5577092511013216																																						
ARNT2	115	0.0	0.09250493347644806	0.6276903713027061	NPAS4																					0.55927074																
ABHD8	192	0.1581617401849001	0.07440134882926941	0.33089993706733795																																						
MTA2	70	0.1234022413297888	0.17635215818881989	0.9521711768407803																																						
MTA3	104	0.04812270232557739	0.10571570694446564	0.7510383889238514																																						
MTBP	178	0.1495159202630153	0.11818860471248627	0.8249213341724355																																						
MTCH1	201	0.2220064045847576	0.07308335602283478	0.30333543108873506																																						
MTCH2	317	0.08149247799876398	0.061235830187797546	0.08445563247325362																																						
MTCP1	150	0.0	0.10159661620855331	0.7178099433606041																																						
MTDH	379	0.10301643316783056	0.05297726020216942	0.01686595342983008																																						
MTF1	168	0.1009139164848328	0.1017862856388092	0.7194461925739459																																						
MTF2	130	0.06826144970153691	0.09164579212665558	0.617369414726243																																						
MTFMT	260	0.08184578436937588	0.0680122971534729	0.1987413467589679																																						
ARNTL2	310	0.4238090654847466	0.06014539673924446	0.0722466960352423																																						
MTFP1	176	0.02764907960237717	0.07818557322025299	0.4089364380113279																																						
MTFR1L	173	0.12790543500036658	0.07816548645496368	0.408432976714915																																						
MTFR1	198	0.08444787998566078	0.0749785527586937	0.34411579609817494																																						
MTFR2	206	0.10322063560189254	0.07225768268108368	0.28584015103838895																																						
MTG2	367	0.3100103489096774	0.05644696578383446	0.0354940213971051																																						
MTHFD1L	183	0.12913533148604794	0.08231527358293533	0.4830711139081183																																						
MTHFD1	60	0.19152043825688025	0.1868082582950592	0.9601006922592825																																						
MTHFD2L	239	0.05519893059095308	0.06677965819835663	0.17470106985525488																																						
MTHFD2	252	0.13133623032469185	0.07305564731359482	0.3024543738200126																																						
ARNTL	265	0.0	0.06480005383491516	0.13870358716173695	Circadian								7.369907																													
MTHFR	188	0.3719989010859117	0.07480079680681229	0.33971050975456263																																						
MTHFSD	188	0.1810169295907014	0.07565896213054657	0.35821271239773445																																						
MTHFS	120	0.08100482370252651	0.10739748924970627	0.762114537444934																																						
MTIF2	234	0.031657258604731266	0.09069740772247314	0.6050346129641284																																						
MTIF3	125	0.20886222580509972	0.11257011443376541	0.7940843297671492																																						
TESMIN	70	0.0	0.12537024915218353	0.8561359345500315																																						
MTM1	188	0.0	0.07416440546512604	0.326746381371932																																						
ARNT	95	0.17372161703096906	0.1030542403459549	0.7310258023914411	AhR;HIF			0.49293834									3.7071579																									
MTMR12	111	0.15270039288463272	0.09370645135641098	0.6404027690371302																																						
MTMR14	282	0.09448973768457816	0.061342753469944	0.08596601636249214																																						
MTMR1	174	0.09257353932651606	0.10206881165504456	0.7224669603524229																																						
MTMR2	264	0.14365820933590254	0.06594744324684143	0.1592196349905601																																						
MTMR9	206	0.03506941993944082	0.08166252076625824	0.4723725613593455																																						
MTO1	207	0.1162204537510951	0.07085655629634857	0.2566393958464443																																						
MTOR	128	0.2432178199691004	0.21324560046195984	0.9738200125865324	mTOR																																				2.6551192	
ARPC1A	229	0.2507942707091569	0.06829924881458282	0.2041535556954059																																						
MTPAP	154	0.2762808358440596	0.17587941884994507	0.9515418502202643																																						
MTPN	191	0.13923012684800212	0.07338292896747589	0.310509754562618																																						
MTRF1L	218	0.07616137957543652	0.08902387320995331	0.5826305852737571																																						
MTRF1	189	0.06749395255668814	0.07924726605415344	0.4292007551919446																																						
MTRR	228	0.19933826797248128	0.08819664269685745	0.5718061674008811																																						
MTR	57	0.06562944529061024	0.14711962640285492	0.9164254247954688																																						
MTX1	54	0.2967089423454816	0.13613571226596832	0.892511013215859																																						
MTX2	243	0.09176540401838301	0.06942226737737656	0.22668344870988044																																						
ARPC1B	77	0.1576568139705916	0.2235766351222992	0.9777218376337319																																						
MUL1	116	0.07519215736159446	0.09815441071987152	0.6863436123348018																																						
MUS81	184	0.1094906111861604	0.07525204867124557	0.3504090623033354																																						
MUTYH	142	0.12670464859281888	0.1137566938996315	0.8012586532410321																																						
MMUT	217	0.08763206056929455	0.071379154920578	0.26784140969162995																																						
MVB12A	78	0.1621334104237988	0.11784754693508148	0.823410950283197																																						
MVD	135	0.17768520902484453	0.1644584834575653	0.9421019509125236																																						
MVK	361	0.29870447723023696	0.07219917327165604	0.284078036500944																																						
MXD1	57	0.0	0.13479217886924744	0.8893643801132788																																						
MXD3	343	0.4429543091214849	0.05641806498169899	0.03486469477658905																																						
ARPC2	345	0.10510528250470964	0.060434818267822266	0.07514159848961612																																						
MXD4	230	0.18772644752035456	0.08926878869533539	0.5856513530522341																																						
MYBBP1A	117	0.11548599786122375	0.17025822401046753	0.9467589679043423																																						
MYBL1	269	0.11167254808017243	0.061227791011333466	0.08432976714915041																																						
MYBL2	63	0.4182603409225739	0.13795170187950134	0.8967904342353682																																						
MYB	184	0.2424577835916733	0.17767637968063354	0.9530522341095028																																						
MYCBP2	276	0.05667170594916554	0.06814807653427124	0.20100692259282568																																						
MYCBP	395	0.17010123023701912	0.05273142829537392	0.016110761485210824																																						
MYCL	67	0.0	0.16081103682518005	0.9382001258653241																																						
MYCN	131	0.0	0.08749732375144958	0.5623662680931404																																						
MYD88	190	0.06290313752102937	0.07183847576379776	0.27690371302706107																																						
COPS9	104	0.03748121400502715	0.10213929414749146	0.7230962869729389																																						
MYEOV	133	0.0	0.09035652130842209	0.6003775959723097																																						
MYH10	255	0.0931209573254498	0.0627550482749939	0.10534927627438641																																						
MYH9	216	0.21807794401400685	0.07247999310493469	0.29037130270610445																																						
MYL12A	260	0.15435929844229024	0.0664420947432518	0.16878539962240402																																						
MYL12B	125	0.11178996846313137	0.09811133146286011	0.6850849590937697																																						
MYL4	108	0.06301908864425819	0.09914267063140869	0.6946507237256135																																						
MYL6B	186	0.07394752148750405	0.07419399917125702	0.3273757079924481																																						
MYL6	289	0.06168104047864904	0.05899563804268837	0.05739458779106356																																						
MYLIP	136	0.20673050167795096	0.09683321416378021	0.6742605412208936	LXR																	0.4686609																				
MYNN	144	0.14325388962391275	0.08933258056640625	0.5869100062932662																																						
MYO16	184	0.0	0.07946547865867615	0.4324732536186281																																						
MYO18A	181	0.2448742820856341	0.07636655867099762	0.3728130899937067																																						
MYO19	134	0.2697160359607178	0.09309189021587372	0.6351164254247955																																						
MYO1D	320	0.14829385783227794	0.05732692778110504	0.04292007551919446																																						
ABI1	85	0.142720696002772	0.1108643114566803	0.7848961611076148																																						
MYO1H	246	0.0	0.06543328613042831	0.15053492762743864																																						
MYO6	277	0.08293299847027118	0.06156119704246521	0.08848332284455633																																						
MYO9A	216	0.14705113966581462	0.07277495414018631	0.2961611076148521																																						
MYO9B	208	0.2363956595844185	0.07321792840957642	0.3068596601636249																																						
MYPOP	144	0.07325118842518316	0.08470024168491364	0.5210824417872876																																						
MYRFL	266	0.0	0.06452185660600662	0.13341724354940215																																						
MYRF	250	0.32653057297007243	0.06352066993713379	0.1171806167400881																																						
MYSM1	245	0.0283365498341823	0.0953330248594284	0.6587791063561989																																						
MYT1L	160	0.0	0.07886508852243423	0.421019509125236																																						
MYT1	81	0.0	0.11656631529331207	0.8169918187539333																																						
MZF1	287	0.0770225523925613	0.06418431550264359	0.12712397734424166																																						
MZT1	394	0.1114534023369898	0.0668470710515976	0.17608558842039018																																						
MZT2A	155	0.05252796952691985	0.09324271976947784	0.6371302706104468																																						
MZT2B	163	0.12827605219084956	0.09904339909553528	0.6936438011327879																																						
N4BP1	152	0.07748973959600207	0.10426700860261917	0.7404657016991819																																						
N4BP2L2	115	0.1282360982234977	0.10191839188337326	0.7210824417872876																																						
N4BP2	316	0.1260507758711159	0.059245407581329346	0.060163624921334175																																						
ARPC4	381	0.14996725917455953	0.08754648268222809	0.563373190685966																																						
N6AMT1	312	0.10637806755725622	0.11668559163808823	0.8178728760226558																																						
EEF1AKMT1	194	0.05001084192424545	0.07560348510742188	0.35733165512901194																																						
NAA10	202	0.08594531215552832	0.10102105885744095	0.7103838892385148																																						
NAA11	228	0.062068812076911735	0.06926487386226654	0.22315921963499055																																						
NAA15	225	0.24119002955959	0.12036200612783432	0.8352422907488987																																						
NAA16	175	0.1590772745388829	0.07543531805276871	0.35342983008181245																																						
NAA20	290	0.198110913919818	0.15911293029785156	0.9361862806796728																																						
NAA25	204	0.3174839025098915	0.225840225815773	0.978980490874764																																						
NAA30	365	0.15194167523529487	0.0786123275756836	0.41623662680931406																																						
NAA35	461	0.20430525091240867	0.05795877054333687	0.048458149779735685																																						
NAA40	122	0.2688220348943228	0.09288779646158218	0.6327249842668344																																						
NAA50	105	0.2400259330610097	0.11842785030603409	0.8263058527375708																																						
NAAA	204	0.25042922958513364	0.07483956962823868	0.3404657016991819																																						
NAB2	238	0.1016361978312597	0.06560122221708298	0.15368156073001887																																						
NABP1	163	0.043025200423897625	0.08137261867523193	0.46670862177470107																																						
NABP2	417	0.036968748276448415	0.05571916699409485	0.030962869729389553																																						
NACA2	101	0.0	0.10326341539621353	0.7325361862806796																																						
NACA	160	0.4411414219354333	0.18584614992141724	0.9590937696664569																																						
NACC2	89	0.20966483871989064	0.10504273325204849	0.745374449339207																																						
NAE1	187	0.098574757246175	0.15993952751159668	0.9374449339207048																																						
NAF1	203	0.20263060965373267	0.1280697137117386	0.8675896790434235																																						
ARPC5	172	0.05123258530014373	0.07637707144021988	0.37293895531780996																																						
NAGA	256	0.09576841983733107	0.06430832296609879	0.12976714915040907																																						
NAGK	337	0.07616529297660247	0.05592101067304611	0.03171806167400881																																						
NAGLU	481	0.2370575184850103	0.046601004898548126	0.004908747640025173																																						
NAGPA	242	0.14550733374443395	0.06513617932796478	0.1449968533668974																																						
NAIF1	264	0.22107569255168125	0.07675416022539139	0.3793580868470736																																						
NAMPT	108	0.14830686833596007	0.12441585212945938	0.852234109502832																																						
NANOGNB	62	0.0	0.13698959350585938	0.8945248584015104																																						
NANOG	261	0.0	0.06238880380988121	0.09981120201384519																																						
NANP	346	0.21022304445930312	0.055564235895872116	0.030333543108873505																																						
NANS	179	0.11436008993978887	0.08307647705078125	0.49754562617998743																																						
ARPP19	239	0.08197593302169945	0.06541569530963898	0.14952800503461297																																						
NAPEPLD	194	0.2390197898089569	0.07489580661058426	0.3421019509125236																																						
NAPG	183	0.023558762533658403	0.0827922597527504	0.4907488986784141																																						
NARF	250	0.0981223409178784	0.06552205979824066	0.15217117684078035																																						
NARS2	267	0.2350219211356953	0.08924432843923569	0.5848961611076149																																						
NARS	105	0.2197879152529592	0.22080393135547638	0.9770925110132158																																						
NASP	404	0.3183083819356876	0.05350252240896225	0.019383259911894272																																						
ARRB1	55	0.07125938105612578	0.13282985985279083	0.8834487098804279																																						
NAT14	97	0.0	0.10405844449996948	0.7385777218376337																																						
NAA80	215	0.21465227255534985	0.06929159164428711	0.2239144115796098																																						
NAT8L	278	0.12862459438516213	0.06177185848355293	0.09125235997482693																																						
NAT9	204	0.17746504667461385	0.07085644453763962	0.2565135305223411																																						
NAV1	184	0.09911040800649716	0.07917814701795578	0.42693517935808684																																						
NBAS	142	0.21028204882298315	0.15898261964321136	0.9359345500314663																																						
NBEAL1	307	0.3830722186990284	0.05863695964217186	0.05424795468848332																																						
NBEAL2	145	0.3360216013618817	0.08413587510585785	0.5136563876651983																																						
ARRB2	81	0.0	0.17540717124938965	0.9511642542479547																																						
NBN	156	0.07276713481205642	0.08292941749095917	0.49427312775330395																																						
NBPF12	342	0.4671609708351345	0.0566403865814209	0.03763373190685966																																						
NBPF15	184	0.3021419106106785	0.07756344974040985	0.39685336689741973																																						
NCAPD3	212	0.1678356360021671	0.07214614003896713	0.2830711139081183																																						
NCAPG2	164	0.07317333663330898	0.08367093652486801	0.507488986784141																																						
ARRDC1	244	0.12547173219130905	0.06770984828472137	0.19320327249842667																																						
NCAPG	125	0.24307105370609916	0.10300934314727783	0.7306482064191315																																						
NCAPH2	306	0.07160500260381712	0.06483195722103119	0.13895531780994336																																						
NCAPH	99	0.20888473588286285	0.12129358947277069	0.8392699811202013																																						
NCDN	167	0.0914800954386752	0.10093218833208084	0.7092511013215859																																						
NCK1	241	0.025014837085628447	0.06671377271413803	0.17319068596601636																																						
NCK2	287	0.0	0.06156979873776436	0.08860918816865954																																						
NCKAP1L	116	0.3386113104327283	0.1025223508477211	0.7266205160478288																																						
NCKAP1	123	0.18619267894701955	0.15892846882343292	0.9355569540591567																																						
ARRDC2	253	0.23205031144763796	0.06747234612703323	0.1880427942101951																																						
NCKAP5L	148	0.25380964918125626	0.08675280958414078	0.5505349276274386																																						
NCLN	74	0.3646784366434409	0.12113221734762192	0.8383889238514789																																						
NCOA3	85	0.4907395217428784	0.11194269359111786	0.7905601006922592																																						
NCOA5	126	0.05980622729693455	0.09792888164520264	0.6837004405286343																																						
NCOA6	264	0.10868784296076084	0.07183773070573807	0.2767778477029578																																						
NCOA7	181	0.31593350389652336	0.07709083706140518	0.38678414096916297																																						
NCOR1	191	0.13809451619640878	0.08395732939243317	0.511139081183134																																						
NCS1	92	0.07748399739724203	0.10452387481927872	0.7432347388294525																																						
NCSTN	203	0.2079458403212002	0.07374750822782516	0.31919446192573947																																						
NDC1	106	0.1652985215977694	0.10721889138221741	0.7602265575833858																																						
NDC80	105	0.30556242031462905	0.11410336196422577	0.8026431718061674																																						
ARRDC3	129	0.0	0.09767396003007889	0.6819383259911894																																						
NDE1	128	0.0	0.09253888577222824	0.6284455632473254																																						
NDEL1	241	0.09333739051039852	0.0671096071600914	0.18137193203272498																																						
NDFIP1	270	0.2556276089802233	0.062181517481803894	0.09779735682819383																																						
NDFIP2	55	0.26623121997674937	0.13856565952301025	0.8985525487728131																																						
NDOR1	69	0.0	0.13141457736492157	0.878665827564506																																						
NDRG2	307	0.12538091867490506	0.06221568584442139	0.09804908747640025	MR																		0.41855317																			
NDRG3	229	0.06163906083768824	0.07254315167665482	0.2917558212712398																																						
NDST1	106	0.4553888368938882	0.0993020310997963	0.6960352422907489																																						
NDST2	131	0.0	0.09257981181144714	0.6289490245437382																																						
ARRDC4	266	0.20797349744730145	0.08257199823856354	0.48747640025173067																																						
NDUFA10	56	0.10905835703158638	0.13400888442993164	0.8869729389553178																																						
NDUFA11	234	0.17499478507031674	0.07011540234088898	0.24103209565764633																																						
NDUFA12	223	0.13216049168546073	0.07129467278718948	0.26620516047828824																																						
NDUFA13	213	0.2466896734507225	0.07914654910564423	0.4263058527375708																																						
NDUFA3	238	0.10383800751648653	0.0950089618563652	0.6555066079295154																																						
NDUFA4	148	0.13768242994141164	0.08665075153112411	0.5491504090623034																																						
NDUFA5	64	0.19061869049004168	0.1366438865661621	0.893643801132788																																						
NDUFA6	334	0.06189968408877083	0.07450367510318756	0.3332913782252989																																						
ARSK	158	0.041040465864379455	0.08373775333166122	0.5084959093769666																																						
NDUFA7	117	0.2773147679670252	0.10513462126255035	0.7462555066079295																																						
NDUFA8	162	0.12576204156402065	0.10137775540351868	0.7150409062303336																																						
NDUFA9	115	0.051280184509368436	0.11148432642221451	0.7880427942101951																																						
NDUFAB1	227	0.12618965739469526	0.1058490201830864	0.7516677155443675																																						
NDUFAF1	133	0.1715436547397311	0.0927513837814331	0.6310887350534927																																						
NDUFAF2	98	0.16487011716074687	0.10030052065849304	0.7049716803020768																																						
NDUFAF3	156	0.09061220440905754	0.08872509002685547	0.5794839521711769																																						
NDUFAF4	100	0.021955239776851092	0.1128334254026413	0.7955947136563877																																						
NDUFAF6	131	0.2391028028169243	0.09205399453639984	0.6230333543108874																																						
ARV1	179	0.11330283976947335	0.0785803496837616	0.4154814348646948																																						
NDUFB10	357	0.057701579519043325	0.076115183532238	0.3674008810572687																																						
NDUFB11	179	0.19106982935197805	0.09057547152042389	0.6028949024543738																																						
NDUFB1	287	0.09078234506400072	0.07745248079299927	0.394587791063562																																						
NDUFB2	126	0.057540277826367774	0.10357080399990082	0.7348017621145374																																						
NDUFB3	301	0.16700639371037276	0.06379802525043488	0.12158590308370044																																						
NDUFB4	313	0.07580515038780393	0.08862946182489395	0.5780994336060415																																						
NDUFB6	389	0.17151099562214694	0.058274250477552414	0.050975456261799876																																						
NDUFB7	166	0.17018143686134035	0.08739837259054184	0.5608558842039019																																						
NDUFB8	340	0.08207598793289518	0.07611167430877686	0.3671491504090623																																						
NDUFB9	105	0.06405121485388546	0.11511193215847015	0.8088105726872247																																						
NDUFC1	259	0.07469977067506016	0.08234083652496338	0.48370044052863437																																						
NDUFC2	79	0.0981071731108662	0.1138981282711029	0.8022655758338578																																						
NDUFS1	73	0.0909742403234004	0.15267612040042877	0.9268722466960353																																						
NDUFS2	217	0.15293831017728346	0.08414460718631744	0.5140339836375079																																						
NDUFS3	180	0.1960593675617792	0.0833759754896164	0.5024543738200126																																						
NDUFS4	129	0.16338954126928	0.09019771963357925	0.598741346758968																																						
NDUFS5	238	0.10239082406311874	0.08040569722652435	0.44933920704845814																																						
NDUFS6	103	0.13617388326541827	0.10192619264125824	0.7212083071113908																																						
NDUFS7	306	0.30595861279672915	0.0652574971318245	0.14764002517306482																																						
NDUFS8	65	0.047996966725909015	0.13484613597393036	0.8899937067337949																																						
NDUFV2	160	0.07942065370772733	0.10518909245729446	0.7465072372561359																																						
NDUFV3	170	0.09038640633114577	0.07895811647176743	0.4226557583385777																																						
NEBL	141	0.0	0.08341450244188309	0.5037130270610447																																						
ARX	314	0.0	0.057253796607255936	0.04229074889867841																																						
NECAP1	204	0.2898194058841745	0.07493345439434052	0.3431088735053493																																						
NECAP2	282	0.1008258575151975	0.08031608164310455	0.44707363121460036																																						
NEDD1	51	0.19766524904157556	0.16725970804691315	0.9442416614222782																																						
NEDD4L	279	0.11872589858040647	0.0637073963880539	0.12032724984266835																																						
NEDD4	65	0.15505919154187925	0.14445820450782776	0.9121460037759597																																						
NEDD8	122	0.07409785177603248	0.2632008194923401	0.9905601006922593																																						
NEFH	104	0.30388876965523354	0.09903097152709961	0.6935179358086847																																						
NEIL2	187	0.18353642036556336	0.0812048614025116	0.46393958464443047																																						
NEIL3	260	0.022613509268856708	0.06452999264001846	0.1340465701699182																																						
NEK1	97	0.030691232077518744	0.09996408224105835	0.7023285084959093																																						
NEK2	147	0.0690816937793185	0.08836211264133453	0.5743234738829452																																						
NEK4	153	0.039775712905185404	0.08262062072753906	0.4884833228445563																																						
NEK6	71	0.0	0.12287233024835587	0.8455632473253618																																						
NEK7	177	0.09123467283796646	0.07892236858606339	0.4220264317180617																																						
NEK9	279	0.1625117302578514	0.06192541867494583	0.09389553178099434																																						
NELFA	159	0.20089408662046374	0.17802020907402039	0.9533039647577093																																						
NELFB	227	0.22645986124935374	0.15893736481666565	0.9356828193832599																																						
AR	117	0.0	0.10226429253816605	0.7239773442416614	AR		0.08529493																																			
NELFCD	431	0.1319586802168796	0.13417038321495056	0.8876022655758339																																						
NELFE	143	0.1967024351609206	0.16303259134292603	0.9405915670232851																																						
NEMF	99	0.07818101480451578	0.1128787100315094	0.7958464443045941																																						
NENF	511	0.13315466235059134	0.05413520336151123	0.022404027690371302																																						
NES	170	0.07816737283614655	0.07993868738412857	0.44052863436123346																																						
NET1	124	0.2989552893623706	0.09209635108709335	0.6235368156073002																																						
NETO2	237	0.05275311691642577	0.06661447882652283	0.1710509754562618																																						
NEU1	276	0.056237532154717114	0.061731044203042984	0.0907488986784141																																						
NEU3	407	0.0829649569156896	0.05172347649931908	0.01195720578980491																																						
ASAH1	208	0.048545204303325255	0.07319198548793793	0.30623033354310886																																						
NEURL4	214	0.2853959234538122	0.07194426655769348	0.27929515418502204																																						
NEUROD1	372	0.0	0.05475663021206856	0.02605412208936438																																						
NEUROD2	79	0.0	0.1225622147321701	0.8446821900566394																																						
NEUROG2	130	0.0	0.09084737300872803	0.6067967275015733																																						
NEXN	160	0.0	0.0800466537475586	0.4419131529263688																																						
NF1	143	0.05161773513333226	0.12335138022899628	0.8477029578351164																																						
ASAH2B	217	0.19467247389303335	0.07912945002317429	0.42567652611705475																																						
NF2	322	0.08460531820964702	0.05904475972056389	0.0578980490874764	Hippo														0.49709636																							
NFATC2IP	363	0.13696837256651498	0.055512819439172745	0.029955947136563875																																						
NFATC4	87	0.3057726064058079	0.11524736136198044	0.8091881686595342	Wnt																																	1.1222003				
NFE2L1	93	0.2044370013663652	0.11102649569511414	0.7859030837004405																																						
NFE2L2	91	0.2962207339646109	0.10588133335113525	0.75254877281309	NRF2																						1.4488097															
NFE2L3	186	0.05380474003962206	0.07504747807979584	0.34550031466331027																																						
NFE2	145	0.4719729754386429	0.08706174045801163	0.555569540591567																																						
NFE4	153	0.0	0.084287129342556	0.5157960981749528																																						
NFIA	50	0.2501449254881629	0.14554892480373383	0.913530522341095																																						
NFIC	225	0.3308343186072046	0.08032219856977463	0.44745122718691																																						
NFIL3	158	0.07910924344169383	0.08212803304195404	0.48093140339836377	Circadian								0.9029832																													
ASAP3	221	0.0	0.06830666214227676	0.20440528634361232																																						
NFIX	269	0.44702370547163056	0.06213406100869179	0.09704216488357457																																						
NFKB1	321	0.13004222464274376	0.05716746672987938	0.04178728760226558	ERK/MAPK;NF-κB;cGAS-STING										1.0910863									0.5355024																0.76254493		
NFKB2	254	0.0	0.06285727769136429	0.1064820641913153	ERK/MAPK;NF-κB										0.61617696									0.75434285																		
NFKBIB	245	0.19895399340883188	0.067549929022789	0.18993077407174325	cGAS-STING																																			0.21068919		
NFKBIE	95	0.0	0.15774843096733093	0.9335431088735053	NF-κB																			1.1162832																		
ASB13	659	0.1995054665790922	0.043934501707553864	0.002265575833857772																																						
NFKBIL1	61	0.0	0.13994915783405304	0.9030837004405287																																						
NFRKB	468	0.15060452234701294	0.10919627547264099	0.7748269351793581																																						
NFS1	150	0.28199506563237003	0.10188363492488861	0.7204531151667716																																						
NFU1	56	0.02919715846867368	0.15156105160713196	0.9248584015103839																																						
NFX1	158	0.13126757156320087	0.08240960538387299	0.4845814977973568																																						
NFXL1	114	0.0	0.09638448059558868	0.6694776589049717																																						
NFYB	92	0.3356456226410578	0.12152937799692154	0.8398993077407174																																						
ASB1	283	0.3338907417039781	0.06595094501972198	0.1593455003146633																																						
NGLY1	212	0.040063545115774604	0.08952059596776962	0.5896790434235368																																						
NGRN	188	0.08982369204618601	0.0991189256310463	0.6943989930774072																																						
NHEJ1	109	0.1509982823435767	0.09657786786556244	0.6712397734424166																																						
NHLH1	218	0.223305955781524	0.06921092420816422	0.22215229704216488																																						
NHLH2	224	0.0	0.06603118777275085	0.16135934550031467																																						
NHLRC2	268	0.08533309264735348	0.07640106976032257	0.373568281938326																																						
NHLRC3	266	0.13123766688753696	0.06307056546211243	0.11000629326620516																																						
NHP2	124	0.3049916069013405	0.15895026922225952	0.9358086847073631																																						
NIF3L1	62	0.0650594815019487	0.138156920671463	0.8974197608558842																																						
NINJ1	159	0.0	0.10472317785024643	0.7442416614222782																																						
NIN	156	0.18137256428375706	0.08251553773880005	0.48609188168659534																																						
NIP7	202	0.22967468203683145	0.16253262758255005	0.9400881057268723																																						
NIPA1	228	0.405951473980284	0.06771083176136017	0.1933291378225299																																						
NIPA2	71	0.1961520691003758	0.11616258323192596	0.8146003775959723																																						
NIPAL3	133	0.116779926194842	0.09250769764184952	0.6278162366268093																																						
NIPSNAP1	77	0.07766408518875745	0.12086927145719528	0.8367526746381372																																						
NIPSNAP3A	123	0.11785617076692782	0.10449899733066559	0.7431088735053493																																						
ASB6	112	0.2398525918473185	0.13136422634124756	0.8781623662680932																																						
NISCH	412	0.11617751125571199	0.054054319858551025	0.022026431718061675																																						
NIT1	237	0.025345150015536583	0.06666994094848633	0.1721837633731907																																						
NIT2	104	0.17215105942092152	0.09997156262397766	0.7025802391441158																																						
NKAP	56	0.26765863842981025	0.1666673719882965	0.9438640654499685																																						
NKIRAS1	128	0.0	0.09638463705778122	0.6696035242290749																																						
NKRF	175	0.20325464172189892	0.08042682707309723	0.4500943989930774																																						
NKTR	140	0.14680884115430806	0.0998871847987175	0.7011957205789805																																						
NKX2-1	109	0.0	0.09778843820095062	0.6828193832599119																																						
NKX2-3	172	0.0	0.07792772352695465	0.4039018250471995																																						
NKX2-5	157	0.0	0.09104835242033005	0.6099433606041536																																						
NKX2-8	564	0.0	0.04550965130329132	0.0036500943989930773																																						
NKX3-1	114	0.2746951459380343	0.10146039724349976	0.7161736941472624	AR		0.6044459																																			
NKX6-1	152	0.0	0.22907283902168274	0.9799874134675897																																						
ABL2	307	0.2250232685387192	0.062367748469114304	0.09968533668974197																																						
NKX6-2	138	0.0	0.0904349759221077	0.6015103838892385																																						
NKX6-3	215	0.0	0.06969565898180008	0.23310258023914412																																						
NLE1	218	0.2585639824525179	0.16933795809745789	0.9458779106356199																																						
NLK	149	0.0	0.08882256597280502	0.5806167400881057																																						
NLN	66	0.2395960844170393	0.13163043558597565	0.8791692888609188																																						
NLRP1	232	0.4344789029632854	0.0712866336107254	0.26607929515418505																																						
NLRP2	60	0.300509251098475	0.12862341105937958	0.8698552548772813																																						
NMD3	103	0.2541658041598375	0.1794513761997223	0.9540591567023285																																						
NME1	132	0.1605970566577449	0.09182311594486237	0.6198867212083071																																						
ASCC1	103	0.043724009398975965	0.09947095066308975	0.697293895531781																																						
NME3	152	0.2077996117275384	0.08689224720001221	0.5526746381371932																																						
NME4	78	0.0460005047296415	0.1148424968123436	0.8075519194461925																																						
NME6	208	0.1298562723076949	0.0728968158364296	0.29855254877281306																																						
NME7	105	0.05406580701192749	0.10032928735017776	0.7052234109502832																																						
NMI	251	0.07836818116676288	0.06562111526727676	0.15431088735053491																																						
NMNAT1	148	0.1356191704236598	0.0904235690832138	0.6013845185651353																																						
NMNAT3	228	0.3977872936482707	0.06782060861587524	0.19546884833228445																																						
NMRAL1	204	0.1034506862446734	0.07340488582849503	0.3115166771554437																																						
ASCC2	182	0.04922700441713699	0.0860201045870781	0.5397105097545626																																						
NMT1	80	0.19253280864636976	0.12613089382648468	0.8592825676526117																																						
NMT2	115	0.0	0.10279272496700287	0.7285084959093769																																						
NMU	224	0.0	0.06953191012144089	0.23045940843297671																																						
NNMT	297	0.0	0.0608748234808445	0.08005034612964128																																						
NNT	62	0.16139920529609986	0.13254250586032867	0.8826935179358086																																						
NOA1	141	0.21262050697349352	0.10071056336164474	0.708118313404657																																						
NOB1	134	0.2859039344199573	0.14442718029022217	0.9118942731277533																																						
ASCC3	128	0.10816488833741664	0.20342347025871277	0.9692888609188168																																						
NOC3L	84	0.20734872698356552	0.20110033452510834	0.9685336689741976																																						
NOC4L	52	0.3045209353864037	0.2565884590148926	0.9886721208307111																																						
NOL11	169	0.344912786820586	0.21092022955417633	0.9726872246696036																																						
NOL12	114	0.09100916233133792	0.15449976921081543	0.9295154185022027																																						
NOL7	192	0.3701681015554477	0.09855233877897263	0.6906230333543109																																						
NOL8	106	0.21533021671066152	0.18424683809280396	0.9582127123977344																																						
NOLC1	234	0.1254520692950284	0.10461484640836716	0.7437382001258653																																						
ASCL1	227	0.0	0.0679405927658081	0.1973568281938326																																						
NOMO1	593	0.1344955147827703	0.06553823500871658	0.15254877281308998																																						
NOMO3	308	0.06901559358417769	0.07464243471622467	0.3370673379483952																																						
NONO	205	0.13108310954031838	0.08812902122735977	0.5710509754562618																																						
NOP10	161	0.1065696869692898	0.1950128674507141	0.9658904971680302																																						
NOP16	88	0.4163861045958092	0.2141498476266861	0.9741976085588421																																						
ASCL2	186	0.28370809984415085	0.07313531637191772	0.3042164883574575																																						
NOP58	77	0.4461842156675559	0.20190857350826263	0.9689112649465073																																						
NOP9	137	0.2302058267527555	0.09058056026697159	0.6031466331025802																																						
NOS1AP	164	0.0	0.07798290997743607	0.4052863436123348																																						
NOS3	68	0.2290986063558985	0.12119188159704208	0.8386406544996854																																						
NOSIP	141	0.07869416200117163	0.0895489752292633	0.5901825047199497																																						
NOSTRIN	333	0.039917114407291635	0.056708354502916336	0.038137193203272496																																						
NOTO	232	0.0	0.06646991521120071	0.1694147262429201																																						
NOTUM	212	0.09837453633972963	0.07114433497190475	0.26356198867212083	Wnt																																	1.3565152				
NPAS2	183	0.0	0.07601390033960342	0.36526117054751417	Circadian								0.09759913																													
NPAS3	140	0.0	0.0876297652721405	0.5645059786028949																																						
NPB	432	0.0	0.049821075052022934	0.00868470736312146																																						
NPC1	103	0.0	0.12219220399856567	0.8434235368156073																																						
NPC2	108	0.062195207700422375	0.11142493039369583	0.7875393329137823																																						
NPHP4	235	0.0	0.06789521872997284	0.19685336689741975																																						
NPM1	92	0.25870872704903924	0.11800722032785416	0.8239144115796098																																						
NPM3	154	0.1053338965378818	0.08210103213787079	0.48005034612964126																																						
NPRL2	122	0.08617235459990487	0.12021300941705704	0.8341095028319698																																						
NPRL3	200	0.08871842339590859	0.0767875537276268	0.38074260541220895																																						
NPTN	183	0.02454135083503196	0.07864072918891907	0.4169918187539333																																						
NQO1	208	0.052215501745052885	0.07202374935150146	0.2811831340465702	NRF2																						2.96647															
NQO2	134	0.3443003142838581	0.08956808596849442	0.5906859660163625																																						
ASCL5	89	0.0	0.12120268493890762	0.8388923851478918																																						
NR1D1	243	0.07683242417822418	0.06805559247732162	0.19974826935179357	Circadian								1.7456976																													
NR1D2	103	0.3663583254346541	0.09973577409982681	0.6995594713656388	Circadian								0.69726914																													
NR1H2	223	0.07789122340640245	0.07029937952756882	0.24430459408432978	LXR																	3.2492757																				
NR1H3	139	0.4836082292582531	0.09050923585891724	0.602391441157961	LXR																	0.5897958																				
NR1I3	95	0.0	0.10410413891077042	0.7389553178099434																																						
NR2C1	117	0.3448666096871391	0.10641060769557953	0.7560730018879799																																						
NR2C2AP	177	0.08530288691624653	0.0887812152504921	0.5801132787916929																																						
ASF1A	200	0.10621941268728104	0.07515857368707657	0.3481434864694777																																						
NR2C2	200	0.1664259188298769	0.08517417311668396	0.5276274386406545																																						
NR2E3	317	0.0	0.056150536984205246	0.03259911894273128																																						
NR2F1	119	0.0	0.09478722512722015	0.6518565135305223																																						
NR2F6	297	0.4969233920525348	0.06254931539297104	0.10232850849590938																																						
NR3C1	160	0.3905865855319138	0.08330805599689484	0.5010698552548772	GR											1.1582043																										
NR3C2	103	0.0	0.10232536494731903	0.7244808055380743	MR																		0.3344257																			
NR4A1	152	0.0	0.08473749458789825	0.52196349905601	ERK/MAPK										0.27194735																											
NR4A2	145	0.32973171728434786	0.08813587576150894	0.571176840780365																																						
ASF1B	680	0.07827434487216894	0.04255695268511772	0.0018879798615481435																																						
NR4A3	224	0.0	0.06718320399522781	0.18250471994965387																																						
NR6A1	70	0.4431245135510432	0.11761817336082458	0.8221522970421649																																						
NRARP	215	0.06314790149947655	0.06889010220766068	0.2154814348646948	Notch																							0.010845637														
NRAS	235	0.11796518540181275	0.06836166232824326	0.20616740088105726																																						
NRBP1	92	0.08292705386677687	0.1897038221359253	0.9614852108244178																																						
NRDE2	172	0.2109632535372057	0.15535031259059906	0.9314033983637507																																						
NRIP1	235	0.33682157461215817	0.0687323734164238	0.21246066708621775																																						
NRIP3	231	0.19219795821476898	0.0678945854306221	0.19672750157331656																																						
NRL	238	0.4860492384031994	0.07183925062417984	0.27702957835116426																																						
NRM	116	0.17562218178818031	0.1085163876414299	0.7696664568911264																																						
NRROS	110	0.0879859664932615	0.09417278319597244	0.6454373820012587																																						
NRSN2	208	0.10324714363221747	0.07624398171901703	0.37054751415984893																																						
ASH2L	66	0.1580456660061658	0.13631266355514526	0.8927627438640654																																						
NSA2	187	0.42760197646642106	0.10315696150064468	0.7316551290119572																																						
NSD1	182	0.11499065871128265	0.10319135338068008	0.73215859030837																																						
NSDHL	201	0.07507440246791974	0.07425325363874435	0.32813089993706734																																						
NSFL1C	204	0.20783099343281855	0.07696835696697235	0.384392699811202																																						
NSF	430	0.3654187514836706	0.05115072429180145	0.010950283196979231																																						
NSL1	118	0.27789762448957794	0.13010798394680023	0.8737570799244808																																						
NSMAF	292	0.39465386708531575	0.06153362616896629	0.0881057268722467																																						
NSMCE1	147	0.0738383882175565	0.08993425965309143	0.594587791063562																																						
NSMCE2	332	0.07487039978169219	0.056887220591306686	0.03939584644430459																																						
ASIC4	293	0.1108291592368544	0.06179841607809067	0.09188168659534299																																						
NSMCE4A	177	0.07085075456069546	0.09049104899168015	0.6021397105097546																																						
NSMF	763	0.09574448137460824	0.036994561553001404	0.0010069225928256765																																						
NSUN2	264	0.4668805859346642	0.06088615953922272	0.0803020767778477																																						
NSUN4	312	0.08285150051021252	0.07305727154016495	0.302706104468219																																						
NSUN5	116	0.33500328247458433	0.10585839301347733	0.7519194461925739																																						
NSUN6	116	0.0	0.10270696133375168	0.7272498426683449																																						
NT5C2	174	0.1327991580384692	0.08207405358552933	0.47954688483322844																																						
NT5C3A	94	0.3366697015966483	0.10271359980106354	0.7273757079924481																																						
ASL	110	0.12675441153464606	0.09915664792060852	0.69490245437382																																						
NT5C3B	307	0.04475352701097147	0.058516163378953934	0.05311516677155444																																						
NT5C	303	0.2237543320259609	0.06033692881464958	0.07426054122089365																																						
NT5DC1	207	0.04930090505821708	0.07511535286903381	0.34675896790434235																																						
NT5DC2	190	0.10764472697170584	0.07363967597484589	0.31667715544367525																																						
NT5DC3	97	0.0	0.103958860039711	0.7379483952171176																																						
NT5M	154	0.26442155884119833	0.08602232486009598	0.5398363750786658																																						
NTAN1	256	0.13303423857687566	0.06518443673849106	0.14625550660792952																																						
NTHL1	279	0.16706784477176653	0.06777173280715942	0.19421019509125237																																						
NTMT1	126	0.08986139314373598	0.08829636126756668	0.573568281938326																																						
NTPCR	118	0.0	0.10551512241363525	0.7490245437382002																																						
ASMTL	79	0.0	0.1143459603190422	0.8041535556954059																																						
NUB1	315	0.18437529298975947	0.09068507701158524	0.6049087476400252																																						
NUBP1	229	0.13287801041805292	0.10829006135463715	0.7680302076777847																																						
NUBP2	405	0.14264990755663026	0.056455761194229126	0.03574575204531152																																						
NUBPL	74	0.0	0.11615564674139023	0.8143486469477659																																						
NUCB1	90	0.04498861542049452	0.11275468021631241	0.7949653870358716																																						
NUCB2	190	0.11781885254971293	0.07875550538301468	0.4193832599118943																																						
NUCKS1	165	0.2177878645972824	0.08256453275680542	0.48722466960352423																																						
NUDCD1	132	0.17130293120147433	0.11135520040988922	0.787413467589679																																						
NUDCD2	216	0.12800955171625727	0.07111019641160965	0.26280679672750157																																						
GET3	152	0.15978701457785488	0.12418372184038162	0.8507237256135934																																						
NUDCD3	138	0.05844586192379553	0.16600345075130463	0.9431088735053492																																						
NUDC	70	0.1711017783174661	0.23024576902389526	0.9804908747640025																																						
NUDT12	100	0.11384301562994192	0.11030415445566177	0.7814977973568282																																						
NUDT14	272	0.17697686504377486	0.0686475932598114	0.21132787916928886																																						
NUDT15	180	0.223018946445386	0.12836946547031403	0.8687224669603524																																						
NUDT16L1	262	0.3390335492210301	0.06601792573928833	0.16110761485210826																																						
NUDT16	127	0.1287413197871201	0.08910711854696274	0.5838892385147891																																						
NUDT19	158	0.2482275115416324	0.08283625543117523	0.4920075519194462																																						
NUDT21	57	0.1558377167195288	0.3304818570613861	0.9966016362492134																																						
ASNSD1	240	0.19648128282149707	0.07397318631410599	0.32259282567652614																																						
NUDT22	254	0.02116714139145468	0.07326024025678635	0.3078665827564506																																						
NUDT2	216	0.24976272657837706	0.07488105446100235	0.34185022026431716																																						
NUDT3	52	0.3980091029034182	0.15118728578090668	0.9239773442416614																																						
NUDT5	138	0.08604168754109791	0.10189536958932877	0.7205789804908748																																						
NUDT6	330	0.13138166691694825	0.057311173528432846	0.042794210195091255																																						
NUDT8	153	0.10819617408778844	0.08300144970417023	0.4960352422907489																																						
NUDT9	184	0.09442263787610307	0.07645731419324875	0.37470106985525486																																						
NUF2	312	0.4769890060452705	0.07220868766307831	0.2845814977973568																																						
NUFIP1	100	0.08870864553096244	0.16199776530265808	0.9392070484581497																																						
ASNS	144	0.0	0.08931030333042145	0.5864065449968534	UPR-PERK																																0.5425764					
NUFIP2	245	0.1522855724013645	0.07142999768257141	0.26910006293266203																																						
NUMBL	121	0.0	0.09558960050344467	0.6619257394587791	Notch																							0.31189212														
NUMB	113	0.10413147726645748	0.1021757423877716	0.7233480176211454	Notch																							0.66319495														
NUP107	176	0.4987945665508028	0.10268207639455795	0.7269981120201384																																						
NUP133	99	0.29089659987616306	0.15169847011566162	0.9252359974826935																																						
NUP153	215	0.24652352602586455	0.08668593317270279	0.5496538703587162																																						
NUP160	157	0.4853533986744535	0.08944734930992126	0.5880427942101951																																						
ASPH	224	0.0	0.08942043036222458	0.5877910635619886																																						
NUP188	274	0.11336822676471575	0.07362628728151321	0.3162995594713656																																						
NUP210	271	0.12252168028735598	0.06677959859371185	0.17457520453115166																																						
NUP214	363	0.15488331326291452	0.0669344961643219	0.1775959723096287																																						
NUP35	166	0.036472453610622214	0.09501749277114868	0.655884203901825																																						
NUP37	135	0.02058989659396208	0.09246783703565598	0.6273127753303964																																						
NUP43	86	0.12427937569596052	0.13953427970409393	0.9022026431718062																																						
NUP50	184	0.4966117793953476	0.08082866668701172	0.45638766519823787																																						
NUP54	188	0.17749527260567224	0.17359347641468048	0.9496538703587162																																						
NUP62CL	166	0.08207602099830259	0.08083280175924301	0.4565135305223411																																						
ASPM	286	0.0799357650616391	0.059913698583841324	0.06859660163624921																																						
ABO	408	0.1913134426243192	0.05264471843838692	0.015481434864694776																																						
NUP85	52	0.36764202104202615	0.18216750025749207	0.9565764631843927																																						
NUP42	120	0.047812406307231416	0.09693937003612518	0.6755191944619258																																						
NUSAP1	206	0.17903784446369173	0.07189042866230011	0.27816236626809315																																						
NUTF2	54	0.4929427977905277	0.13690724968910217	0.8943989930774072																																						
NVL	149	0.1465108794837336	0.17159050703048706	0.9480176211453745																																						
NXT1	168	0.11499577902994462	0.09659747779369354	0.6717432347388295																																						
NXT2	178	0.31328087554460443	0.07749872654676437	0.39559471365638765																																						
OAF	284	0.0	0.06285751610994339	0.1066079295154185																																						
OARD1	167	0.16424726803444326	0.07759492844343185	0.3974826935179358																																						
OAT	177	0.03000283296742123	0.07744832336902618	0.39446192573945876																																						
OAZ2	193	0.09753491809190427	0.07750889658927917	0.3957205789804909																																						
ASRGL1	287	0.09681660107976398	0.06383808702230453	0.12196349905601007																																						
OBSL1	386	0.3353849130188458	0.056273482739925385	0.03335431088735054																																						
OCEL1	132	0.1402519671181543	0.08991754800081253	0.5944619257394588																																						
OCIAD1	254	0.07221681563597553	0.06656531244516373	0.17042164883574576																																						
ODC1	211	0.0947997095406908	0.0707937553524971	0.255254877281309																																						
ODF2L	174	0.026519644680600425	0.08020944148302078	0.4451856513530522																																						
ODF2	221	0.04162367660299029	0.07061495631933212	0.2512271869100063																																						
OFD1	162	0.04796739753879676	0.08014057576656342	0.4440528634361233																																						
OGFOD1	162	0.22467402644763185	0.19042427837848663	0.9622404027690371																																						
OGFOD2	152	0.03440196520876311	0.0872252956032753	0.5589679043423537																																						
OGFOD3	163	0.10051216268065967	0.07909726351499557	0.4250471994965387																																						
OGFR	200	0.0712029057232877	0.07107626646757126	0.2619257394587791																																						
OGG1	231	0.4441832512468928	0.06951155513525009	0.22970421648835745																																						
OIP5	264	0.2336635584088328	0.07002748548984528	0.24015103838892385																																						
OLA1	316	0.192649595939935	0.061903808265924454	0.09351793580868471																																						
OLFML3	468	0.0	0.051042091101408005	0.010698552548772814																																						
OMA1	137	0.06951754015989431	0.08418294042348862	0.5147891755821271																																						
ONECUT1	93	0.0	0.10513991862535477	0.7463813719320327																																						
ONECUT2	232	0.20127639716127488	0.06681901961565018	0.17570799244808055																																						
ONECUT3	79	0.0	0.1257287859916687	0.8575204531151668																																						
OPA1	164	0.1895473731591698	0.113849937915802	0.801762114537445																																						
OPA3	126	0.13579105722891158	0.10041052103042603	0.7059786028949024																																						
OPLAH	349	0.09154176903671092	0.05537896230816841	0.029326620516047827																																						
OPN3	208	0.054493712570766885	0.0748244971036911	0.34008810572687226																																						
INTS13	117	0.10862110874854576	0.14384648203849792	0.9110132158590308																																						
OR1E2	87	0.0	0.10586649924516678	0.7520453115166772																																						
OR51B5	152	0.0	0.08618362993001938	0.541724354940214																																						
ASXL1	307	0.25107866759426145	0.07037133723497391	0.24543738200125864																																						
OR7A17	202	0.0	0.07096249610185623	0.25903083700440527																																						
ORAI2	237	0.062493086242500384	0.06900264322757721	0.21699181875393328																																						
ORAI3	150	0.09628014412035843	0.08541139215230942	0.5316551290119572																																						
ORC1	362	0.2140113572913488	0.08163696527481079	0.47186910006293264																																						
ORC2	93	0.1412584429530925	0.11876296997070312	0.8274386406544997																																						
ORC3	315	0.21145371489389586	0.06456778943538666	0.13480176211453745																																						
ORC4	115	0.1470370679944198	0.11778150498867035	0.8226557583385777																																						
ORC5	116	0.0	0.15834979712963104	0.9344241661422278																																						
ASXL2	249	0.13612466621409627	0.06605438888072968	0.16161107614852108																																						
ORC6	144	0.35782561488716114	0.123768150806427	0.8493392070484581																																						
ORMDL1	236	0.17760993054953642	0.0675806775689125	0.19043423536815607																																						
ORMDL2	234	0.08128182858928684	0.06918375194072723	0.22164883574575203																																						
ORMDL3	250	0.0	0.0646422877907753	0.13618628067967276																																						
OS9	220	0.0531740806689054	0.06940627843141556	0.22605412208936437																																						
OSBPL11	90	0.07977890418626885	0.108674056828022	0.7707992448080554																																						
OSBPL2	261	0.11114635320826537	0.06452487409114838	0.13366897419760856																																						
OSBPL3	166	0.1872498255278098	0.0844344049692154	0.5179358086847073																																						
ATAD1	157	0.14096559603242978	0.08194626122713089	0.4775330396475771																																						
OSBPL6	119	0.21706161455305686	0.09280837327241898	0.6314663310258024																																						
OSBPL8	204	0.16735106368089314	0.07321615517139435	0.3066079295154185																																						
OSBP	191	0.14040103876195542	0.07690970599651337	0.3831340465701699																																						
OSER1	222	0.2576859920127436	0.07052351534366608	0.2488357457520453																																						
OSGEP	123	0.174157916734478	0.10216573625802994	0.7232221522970421																																						
OSGIN2	234	0.0432366253496484	0.07157737761735916	0.27174323473882944																																						
OSR1	70	0.0	0.12151691317558289	0.8397734424166142																																						
OSR2	109	0.20076718898726092	0.09713185578584671	0.677533039647577																																						
OST4	149	0.14659467378682084	0.08762016892433167	0.5643801132787917																																						
ATAD2B	164	0.3700752968137844	0.0890696793794632	0.5832599118942732																																						
OSTC	514	0.16095475047548388	0.0484103299677372	0.006670862177470107																																						
OSTF1	127	0.11301201765319385	0.09419988840818405	0.6459408432976715																																						
OSTM1	131	0.3053817493924525	0.09506557881832123	0.6567652611705476																																						
OTP	119	0.0	0.09528978168964386	0.6585273757079925																																						
OTUB1	240	0.1664920986408833	0.0699089840054512	0.23750786658275644																																						
OTUD4	192	0.2217386821082928	0.07725296914577484	0.39005663939584645																																						
OTUD5	150	0.4473611890658325	0.09221705794334412	0.6250471994965388																																						
OTUD6B	254	0.016440672173311043	0.0724010095000267	0.28873505349276274																																						
OTUD7B	225	0.08849256189644314	0.08150354772806168	0.46910006293266204																																						
ATAD2	67	0.12398512309228807	0.12333894520998001	0.8475770925110132																																						
AAGAB	99	0.060794592370332225	0.10272132605314255	0.7276274386406545																																						
OTX1	303	0.04968154735580102	0.06642962992191315	0.1685336689741976																																						
OTX2	105	0.0	0.10569820553064346	0.7507866582756451																																						
OVCA2	223	0.0	0.0685306042432785	0.2091881686595343																																						
OVOL1	212	0.0	0.07497286051511765	0.3436123348017621																																						
OVOL2	184	0.0	0.07760268449783325	0.39786028949024543																																						
OVOL3	162	0.0	0.08202986419200897	0.4787916928886092																																						
OXA1L	246	0.15669713471340854	0.1836037039756775	0.9575833857772184																																						
OXCT1	334	0.0686314252862221	0.0690794587135315	0.21875393329137824																																						
OXLD1	226	0.08663570043567999	0.0695992037653923	0.23184392699811202																																						
OXNAD1	184	0.2309800814161015	0.07977370917797089	0.4385147891755821																																						
ATAD3A	72	0.33103406411509	0.15195682644844055	0.9254877281309																																						
OXR1	244	0.3552100715903164	0.07192716002464294	0.2789175582127124																																						
OXSM	77	0.0	0.11571130156517029	0.8113278791692888																																						
OXSR1	95	0.15051584982341806	0.11959251016378403	0.8313404657016992																																						
P2RX1	139	0.0	0.08823111653327942	0.5723096286972938																																						
P2RX4	182	0.06809743276656645	0.07464536279439926	0.3371932032724984																																						
P2RX5	175	0.0533964298043064	0.07877213507890701	0.4195091252359975																																						
P4HA1	151	0.03818307177441516	0.08309788256883621	0.4977973568281938																																						
P4HA2	192	0.10686807231024756	0.074168361723423	0.32699811202013845																																						
ATAD3B	75	0.2507084366414081	0.11900469660758972	0.8286972938955318																																						
P4HB	215	0.3106632043598292	0.11606763303279877	0.813845185651353																																						
PA2G4	222	0.1258625171108178	0.08522669225931168	0.5283826305852738																																						
PAAF1	94	0.12567519516856135	0.10169124603271484	0.718942731277533																																						
PABPC1L	223	0.23193474633997116	0.06894002854824066	0.21611076148521083																																						
PABPC4	132	0.25412971650528376	0.13313528895378113	0.8845814977973568																																						
PABPN1	162	0.34302562097893274	0.18040668964385986	0.9550660792951542																																						
PACRGL	70	0.16127986916726686	0.12511791288852692	0.8550031466331026																																						
PACS1	334	0.11835681698717054	0.05849466472864151	0.052989301447451224																																						
PACS2	189	0.4678194832506412	0.09682705998420715	0.6741346758967904																																						
ATAD5	181	0.10252095424331513	0.09209755063056946	0.6236626809314034																																						
PACSIN2	197	0.4445432926490643	0.0709814578294754	0.25966016362492134																																						
PACSIN3	193	0.3132329492307724	0.0723995715379715	0.28860918816865955																																						
PAFAH1B2	294	0.1257921932080778	0.06001831963658333	0.06985525487728131																																						
PAFAH1B3	143	0.20028588784155815	0.09498952329158783	0.6551290119572057																																						
PAGE1	342	0.0	0.058175645768642426	0.050220264317180616																																						
PAGE2B	215	0.4523454794750777	0.06892532855272293	0.2159848961611076																																						
PAGE5	108	0.0	0.09755466878414154	0.6804279421019509																																						
PAGR1	233	0.1606818864676101	0.068194180727005	0.20188797986154813																																						
ATE1	226	0.4431072804517733	0.07552962005138397	0.35556954059156703																																						
PAICS	147	0.16184976555400582	0.12171405553817749	0.8409062303335431																																						
PAIP1	251	0.3480957039038482	0.06642565876245499	0.1684078036500944																																						
PAIP2	311	0.1889338549446924	0.059323109686374664	0.06129641283826306																																						
PAK1	137	0.4315528370172773	0.10899463295936584	0.7731906859660164																																						
PALB2	222	0.214538125634728	0.07271204888820648	0.2946507237256136																																						
PALM	165	0.1348617102828516	0.07947278022766113	0.4327249842668345																																						
ATF1	348	0.1411698563135524	0.05668995901942253	0.03788546255506608																																						
PAM16	90	0.19038817886320344	0.2924482524394989	0.9935808684707363																																						
PAN2	215	0.0	0.08641672134399414	0.5449968533668974																																						
PAN3	243	0.3083361447314772	0.07311287522315979	0.3039647577092511																																						
PANK2	311	0.25735691300863234	0.061005957424640656	0.081686595342983																																						
PANK3	152	0.22383192019787565	0.08048397302627563	0.4507237256135935																																						
PANK4	324	0.19627501610401946	0.05505659431219101	0.027816236626809314																																						
PANX1	169	0.0	0.08344456553459167	0.504468219005664																																						
ATF2	188	0.3721719127018705	0.08250875025987625	0.48596601636249215	ERK/MAPK										1.1485741																											
PAPOLG	358	0.2476961099840823	0.05909784510731697	0.05840151038388924																																						
PAPSS1	186	0.053016498370230085	0.08225031942129135	0.48231592196349904																																						
PAQR3	135	0.08745476754743556	0.08555381745100021	0.5332913782252989																																						
PAQR4	96	0.0799451805991726	0.10657818615436554	0.7565764631843926																																						
PAQR8	177	0.06925504485107785	0.08012577891349792	0.4436752674638137																																						
PARD3	202	0.4267543731126535	0.07046820968389511	0.24770295783511642																																						
PARD6B	210	0.227568053523222	0.07587181776762009	0.36161107614852106																																						
ATF3	310	0.057995024377022086	0.060432352125644684	0.0750157331655129																																						
PARL	157	0.12063314728615727	0.08825133740901947	0.5725613593455003																																						
PARN	308	0.11117134633329258	0.09016232937574387	0.5983637507866583																																						
PARP12	111	0.06836471909525049	0.11532862484455109	0.8098174952800503																																						
PARP14	199	0.059649812033819125	0.07309956848621368	0.3037130270610447																																						
PARP1	261	0.1241212504163314	0.07578203082084656	0.3601006922592826																																						
PARP2	506	0.043383103113644336	0.046918176114559174	0.005160478288231592																																						
PARP4	157	0.07301635796707989	0.08039087802171707	0.4488357457520453																																						
PARP6	181	0.25733864573908943	0.08042421191930771	0.44984266834487097																																						
ATF4	103	0.3443594914239411	0.11895091086626053	0.8284455632473253	ERK/MAPK;UPR-PERK										1.0874485																						3.3563845					
PARPBP	136	0.1804702130994512	0.08720065653324127	0.5584644430459409																																						
PARS2	111	0.0	0.11450173705816269	0.8054122089364381																																						
PARVB	171	0.0455297331381196	0.08056560158729553	0.4524858401510384																																						
PASD1	119	0.0	0.09816177934408188	0.686469477658905																																						
PASK	85	0.0	0.11435598880052567	0.8044052863436123																																						
PATL1	112	0.037808573730441115	0.11889591813087463	0.8280679672750157																																						
PATZ1	340	0.2259847140825494	0.05685824528336525	0.039144115796098174																																						
PAX2	172	0.0	0.10094811022281647	0.7096286972938955																																						
ATF5	50	0.4259386737021187	0.22620126605033875	0.9793580868470736																																						
PAX3	337	0.0	0.05678518861532211	0.038766519823788544																																						
PAX5	222	0.0	0.07282309979200363	0.2965387035871617																																						
PAX6	285	0.18425606657528235	0.06397061049938202	0.1235997482693518																																						
PAX7	104	0.0	0.10684549808502197	0.7577092511013216																																						
PAX8	119	0.3821245453784474	0.09560903161764145	0.6623033354310888																																						
PAXBP1	158	0.3478950935003249	0.14042283594608307	0.9038388923851479																																						
PAXIP1	128	0.25301339253492433	0.10179160535335541	0.7196979232221523																																						
ATF6B	194	0.208132902411158	0.07643686234951019	0.37419760855884204	UPR-ATF6																														7.6782002							
ABRACL	224	0.07364434818168046	0.07036196440458298	0.24518565135305223																																						
PBDC1	172	0.15159831237742274	0.07900895178318024	0.4239144115796098																																						
PBK	145	0.12450014369230185	0.08476155996322632	0.5224669603524229																																						
PBRM1	154	0.2455674220624621	0.1040486991405487	0.7384518565135305																																						
PBX1	285	0.0	0.06285149604082108	0.10635619886721208																																						
PBX3	174	0.0	0.0821056216955185	0.4804279421019509																																						
PBX4	145	0.0	0.08191224932670593	0.47728130899937066																																						
PBXIP1	105	0.0	0.09682600200176239	0.6740088105726872																																						
PCBD1	183	0.03897156389074194	0.07954095304012299	0.4337319068596602																																						
PCBD2	146	0.089292504966591	0.08452080935239792	0.5185651353052234																																						
ATF6	127	0.10688131619096446	0.09410814940929413	0.6443045940843297	UPR-ATF6																														5.123525							
PCBP1	152	0.2521094934555669	0.11647920310497284	0.8162366268093141																																						
PCBP2	295	0.3565510752279124	0.07967028021812439	0.4365009439899308																																						
PCBP4	209	0.0	0.07872878015041351	0.4187539332913782																																						
PCCA	286	0.12555183177184695	0.06422474980354309	0.12838263058527374																																						
PCCB	319	0.07837025456170962	0.05837753415107727	0.05185651353052234																																						
PCGF1	260	0.2972229289010304	0.08011127263307571	0.4430459408432977																																						
PCGF2	137	0.21828504458116044	0.08708427101373672	0.5563247325361863																																						
PCGF3	159	0.21204175094871225	0.09417923539876938	0.6458149779735682																																						
PCGF5	223	0.3124762148576445	0.06799784302711487	0.1984896161107615																																						
PCGF6	179	0.061492313119301374	0.07833556830883026	0.41132787916928887																																						
PCIF1	148	0.3791710017871425	0.08837130665779114	0.5745752045311516																																						
ATF7IP	245	0.490385212717757	0.07154086977243423	0.27149150409062306																																						
PCK2	237	0.08417852866274941	0.07666174322366714	0.3782252989301447																																						
PCM1	212	0.19342765915165727	0.09618943184614182	0.66784140969163																																						
PCMTD1	185	0.2678917501977831	0.07790563255548477	0.4035242290748899																																						
PCMTD2	184	0.027568342584999038	0.07522297650575638	0.3499056010069226																																						
PCNA	65	0.4838613030331979	0.16421553492546082	0.9415984896161108																																						
PCNP	276	0.3562464843642645	0.06666534394025803	0.17205789804908747																																						
PCNT	142	0.2324778981651364	0.0852675661444664	0.5295154185022026																																						
PCNX3	198	0.2030661682814494	0.12425021827220917	0.8512271869100063																																						
PCNX4	242	0.06574209780080784	0.06512220203876495	0.14461925739458778																																						
PCOLCE2	179	0.1597782639500982	0.07625607401132584	0.3707992448080554																																						
PCSK6	275	0.07906280213643957	0.06405946612358093	0.12536186280679673																																						
PCSK9	178	0.0	0.07841484993696213	0.41308999370673377	SREBP																											1.1786265										
PCTP	272	0.04594923590213135	0.06560990959405899	0.15418502202643172																																						
PCYOX1	81	0.06058161099547432	0.125985786318779	0.8585273757079924																																						
PCYT1A	103	0.18361224589740496	0.12212581932544708	0.8427942101950913																																						
PCYT2	167	0.1940439895971894	0.08804184943437576	0.570547514159849																																						
PC	480	0.18158860152847914	0.047952454537153244	0.006167400881057269																																						
PDAP1	86	0.2004674145579353	0.14521658420562744	0.9130270610446822																																						
PDCD10	325	0.1320613102693335	0.05926080420613289	0.06041535556954059																																						
PDCD2L	101	0.08339381278126873	0.1097555160522461	0.7780994336060415																																						
PDCD2	127	0.13806091813862015	0.14825178682804108	0.9185651353052234																																						
PDCD4	137	0.028726510466733014	0.08950335532426834	0.589175582127124																																						
PDCD5	527	0.08430736485824117	0.05220816656947136	0.013845185651353053																																						
PDCD6IP	597	0.09849026796167393	0.04181240126490593	0.0016362492133417243																																						
PDCD6	421	0.0932908256146839	0.05057651922106743	0.009817495280050346																																						
ATG10	144	0.09508323671090073	0.08646490424871445	0.546003775959723																																						
PDCD7	115	0.3666814451222506	0.10691575706005096	0.7584644430459409																																						
PDCL3	206	0.11564687774916743	0.07826952636241913	0.4106985525487728																																						
PDCL	85	0.06542357075017992	0.12014562636613846	0.833606041535557																																						
PDE12	140	0.1116274550502843	0.090750552713871	0.6055380742605412																																						
PDE3B	252	0.3944551962252369	0.07520677149295807	0.34927627438640657																																						
PDE6D	311	0.10391802739220396	0.05926765874028206	0.060541220893643805																																						
PDE7A	252	0.14711436014196794	0.06849739700555801	0.20868470736312145																																						
PDF	181	0.0	0.07814810425043106	0.4080553807426054																																						
PDGFA	83	0.0	0.11779515445232391	0.8229074889867841																																						
PDHA1	317	0.17861449278320068	0.07618720829486847	0.36903713027061047																																						
PDHB	158	0.056322103418711	0.0943860337138176	0.6475770925110133																																						
PDHX	368	0.08811329711575931	0.07034575194120407	0.2445563247325362																																						
PDIA3	120	0.11118807020518083	0.08971284329891205	0.5920704845814978	UPR-ATF6																														1.1913382							
PDIA4	127	0.1041753405849119	0.09309658408164978	0.6352422907488987	UPR-ATF6																														1.8321869							
ATG13	134	0.35674651760578524	0.08568660914897919	0.5358086847073631																																						
PDIA5	318	0.230266723582842	0.0607309453189373	0.07816236626809314																																						
PDIA6	57	0.1451149460338793	0.1835879236459732	0.9574575204531152																																						
PDIK1L	82	0.3906093023241474	0.12628301978111267	0.8599118942731278																																						
PDK1	69	0.23185650864932314	0.12255153805017471	0.844430459408433	PI3K/PTEN																								0.09500713													
PDK2	161	0.0	0.0828934982419014	0.49314033983637506																																						
PDLIM1	230	0.1681419929703621	0.0774453803896904	0.39433606041535557																																						
PDLIM2	242	0.02447277416465771	0.06434260308742523	0.1301447451227187																																						
PDLIM4	114	0.0	0.11172167956829071	0.78980490874764																																						
PDLIM5	111	0.10649359630456494	0.12731067836284637	0.8645689112649465																																						
ATG16L1	100	0.0	0.11417294293642044	0.8030207677784771																																						
PDP2	235	0.041714978755751995	0.06859155744314194	0.21019509125235997																																						
PDPK1	140	0.18354349186244714	0.10139575600624084	0.7154185022026431																																						
PDPR	160	0.34880311199378033	0.08350884169340134	0.50509754562618																																						
PDRG1	212	0.24523090273453044	0.11953502893447876	0.831214600377596																																						
PDS5A	146	0.4988638064190672	0.08727116882801056	0.5598489616110761																																						
PDS5B	187	0.13942951924471714	0.08477175235748291	0.5225928256765261																																						
PDSS1	130	0.2669505916748132	0.08551189303398132	0.5329137822529894																																						
PDSS2	201	0.09702863025201652	0.08156612515449524	0.47048458149779737																																						
ATG2A	120	0.08026128254413857	0.09144477546215057	0.6146003775959723																																						
PDXP	154	0.3094241179789873	0.07921187579631805	0.42794210195091253																																						
PDZD11	137	0.15259281203296626	0.09106197953224182	0.6101950912523599																																						
PDZD8	122	0.06499105452954063	0.09817089140415192	0.6865953429830082																																						
PEA15	185	0.12345499512343275	0.07971080392599106	0.4375078665827565																																						
PEAK1	258	0.3409913261397107	0.06914591789245605	0.22039018250471995																																						
PEBP1	145	0.15580177583189606	0.08204928785562515	0.479295154185022																																						
PECR	290	0.0	0.058553412556648254	0.05324103209565765																																						
ATG2B	79	0.14588824566470465	0.10879619419574738	0.7725613593455003																																						
PEF1	118	0.1366088512967112	0.09457074105739594	0.6495909376966645																																						
PEG3	82	0.0	0.11317668110132217	0.7984896161107615																																						
PELI1	260	0.09172022041915356	0.06610557436943054	0.1628697293895532																																						
PELP1	59	0.18899804709351967	0.24003282189369202	0.984392699811202																																						
PEMT	205	0.26873090621727097	0.07648792862892151	0.37558212712397737																																						
PEPD	224	0.048260666483267316	0.07491490989923477	0.34247954688483323																																						
PES1	50	0.21980289809565207	0.26263290643692017	0.9904342353681561																																						
ATG3	193	0.2301963476810085	0.08107491582632065	0.4617998741346759																																						
PET100	70	0.1820283271435593	0.13553877174854279	0.8911264946507237																																						
PET117	182	0.026862686839771048	0.13033665716648102	0.8748898678414097																																						
PEX10	160	0.0	0.08046934753656387	0.4502202643171806																																						
PEX11B	93	0.18344067155382615	0.10739967972040176	0.7622404027690372																																						
PEX13	98	0.08989640940659926	0.11345680058002472	0.7996224040276904																																						
PEX14	131	0.3688454460638971	0.10512067377567291	0.7460037759597231																																						
PEX16	148	0.14469508746724474	0.08735281229019165	0.5602265575833858																																						
PEX19	421	0.11207266982428092	0.06860391050577164	0.2105726872246696																																						
PEX1	99	0.1453973165211828	0.12379791587591171	0.8495909376966646																																						
ATG4A	118	0.0	0.09009645879268646	0.5963499056010069																																						
PEX26	84	0.1365352003220707	0.10510203242301941	0.7458779106356199																																						
PEX2	130	0.04488945191682238	0.09362620115280151	0.6400251730648207																																						
PEX3	146	0.1633719029083728	0.09079361706972122	0.6060415355569541																																						
PEX5	221	0.13293458338540404	0.07480547577142715	0.3398363750786658																																						
PEX6	224	0.15975852639767846	0.07436970621347427	0.3301447451227187																																						
PEX7	55	0.3023606459602029	0.1347929835319519	0.889490245437382																																						
PFDN1	126	0.07019739520159729	0.09889575839042664	0.6923851478917559																																						
PFDN2	95	0.23310114612492944	0.24893182516098022	0.9864065449968533																																						
PFDN4	125	0.05729657426930732	0.09757277369499207	0.6808055380742606																																						
ATG4B	187	0.16664502564691958	0.07596234977245331	0.3632473253618628																																						
PFDN5	241	0.11766970384031622	0.07172003388404846	0.2746381371932033																																						
PFDN6	211	0.2582785738572662	0.0829508975148201	0.49490245437382																																						
PFKFB2	62	0.2989133418753048	0.12911513447761536	0.8709880427942102																																						
PFKFB4	402	0.15864731540211993	0.052174683660268784	0.013341724354940214																																						
PFKM	187	0.07791566795357703	0.07380597293376923	0.31994965387035873																																						
PFKP	142	0.14671746209127187	0.0865243449807167	0.5478917558212713																																						
PFN1	234	0.1526118325100092	0.08643758296966553	0.5456261799874135																																						
ATG4C	173	0.1265970392928507	0.08061220496892929	0.45311516677155445																																						
PGAM1	296	0.10091076515514767	0.11246491968631744	0.7934550031466331																																						
PGAM5	174	0.3469239276205315	0.1080460175871849	0.7665198237885462																																						
PGAP2	190	0.3583603870183717	0.07790438085794449	0.40339836375078664																																						
PGBD1	179	0.3374803581543928	0.0766119435429573	0.3772183763373191																																						
PGBD2	112	0.2133682962824869	0.09143924713134766	0.6144745122718691																																						
PGD	211	0.1365894636315478	0.12762455642223358	0.8659534298300818																																						
PGGT1B	81	0.0	0.11440911889076233	0.804782882315922																																						
PGK1	103	0.053187601308082165	0.1376403570175171	0.8959093769666457																																						
PGLS	231	0.13747570911943488	0.06810247898101807	0.20050346129641283																																						
ATG4D	133	0.059748403784791626	0.09146374464035034	0.6147262429200755																																						
PGM2L1	173	0.0	0.07784048467874527	0.40151038388923854																																						
PGM3	151	0.2428239287910031	0.09010760486125946	0.5967275015733166																																						
PGPEP1	77	0.2510696203198091	0.13291925191879272	0.8839521711768408																																						
PGP	240	0.197898318283044	0.06971456110477448	0.23348017621145375																																						
PGRMC1	217	0.08242470255262499	0.07863092422485352	0.41686595342983007																																						
PGRMC2	189	0.03699918885516668	0.0777423307299614	0.4001258653241032																																						
PGS1	229	0.14986836697968114	0.11973141133785248	0.8320956576463184																																						
ATG5	180	0.06080152757004144	0.08610972762107849	0.540591567023285	Autophagy				0.7555915																																	
PHACTR2	165	0.19031742939640825	0.09260126948356628	0.629452485840151																																						
PHACTR4	170	0.16796045083520267	0.08283491432666779	0.491881686595343																																						
PHC2	200	0.1241324295533318	0.07515532523393631	0.34789175582127124																																						
PHC3	246	0.08180938976933583	0.06497669965028763	0.14185022026431718																																						
ATG7	281	0.04334667794322286	0.06953994184732437	0.23071113908118313																																						
PHF12	330	0.27899745232038664	0.07518533617258072	0.3487728130899937																																						
PHF13	219	0.4399765990899173	0.07093656063079834	0.25852737570799245																																						
PHF14	161	0.08731949835748964	0.08722075819969177	0.5588420390182505																																						
PHF1	232	0.2726690641891168	0.08485343307256699	0.5238514789175582																																						
PHF20L1	57	0.2910818047131172	0.1377188265323639	0.8962869729389553																																						
PHF20	197	0.04515484371842168	0.08632612228393555	0.5434864694776589																																						
PHF21A	61	0.25945273480430403	0.1373114436864853	0.8951541850220265																																						
PHF23	261	0.12345650381594195	0.08133798837661743	0.4659534298300818																																						
PHF2	274	0.03780987458375827	0.06545264273881912	0.1510383889238515																																						
ATG9A	147	0.322718348290138	0.08030123263597488	0.446821900566394																																						
PHF5A	122	0.36526504166485296	0.15495461225509644	0.9307740717432348																																						
PHF6	72	0.11762453401620795	0.1272687017917633	0.8643171806167401																																						
PHF7	279	0.1936865268458291	0.06378872692584991	0.12108244178728761																																						
PHF8	188	0.039290680529806526	0.08263645321130753	0.48860918816865956																																						
PHGDH	144	0.042119512343563724	0.08612086623907089	0.5410950283196979																																						
PHKA2	249	0.05566799344906082	0.06335262954235077	0.11428571428571428																																						
PHKB	309	0.03324579435940374	0.05787350609898567	0.047325361862806795																																						
ATIC	74	0.18733511632087707	0.1775309145450592	0.9529263687853996																																						
ABT1	202	0.2506248627298401	0.14375236630439758	0.9107614852108245																																						
PHKG2	251	0.2245653635340864	0.06339001655578613	0.11478917558212712																																						
PHLDA2	112	0.1027727325521932	0.09070171415805817	0.6051604782882316																																						
PHLDB1	134	0.4689028527595495	0.08495688438415527	0.5247325361862807																																						
PHOSPHO2	151	0.0	0.08755966275930405	0.5638766519823789																																						
PHOX2A	270	0.0	0.06685591489076614	0.1764631843926998																																						
PHPT1	199	0.15731885174396545	0.07339919358491898	0.31113908118313405																																						
ATL2	157	0.056292932041684916	0.09928061813116074	0.6957835116425425																																						
PHTF1	61	0.17101341802132733	0.16831816732883453	0.9451227186910006																																						
PHTF2	227	0.11575289653947153	0.06697455793619156	0.17822529893014474																																						
PHYHD1	213	0.032268481581610935	0.07284785062074661	0.297293895531781																																						
PHYH	52	0.11543807845263973	0.15122874081134796	0.9242290748898678																																						
PHYKPL	231	0.19632440106488505	0.06759770959615707	0.1910635619886721																																						
PI4K2B	137	0.15943962434718026	0.08791617304086685	0.5690371302706104																																						
PI4KA	283	0.2887725768671395	0.06756685674190521	0.19030837004405288																																						
PI4KB	63	0.13924294871216453	0.12814952433109283	0.8679672750157331																																						
PIAS1	319	0.2605860623895443	0.0798904299736023	0.44002517306482064																																						
ATL3	168	0.2114201706878228	0.07917872071266174	0.4271869100062933																																						
PIAS2	154	0.08702357656444651	0.08671284466981888	0.5500314663310258																																						
PIAS3	228	0.2126257877665084	0.07177182286977768	0.27551919446192574																																						
PIBF1	68	0.13608094352211333	0.20873627066612244	0.9718061674008811																																						
PICALM	95	0.29591832950519315	0.10876069217920303	0.7719320327249842																																						
PICK1	75	0.0	0.1182628944516182	0.8255506607929516																																						
PIEZO1	130	0.38162843513909933	0.10909339040517807	0.7739458779106356																																						
PIF1	331	0.08195918244420689	0.05671332776546478	0.03826305852737571																																						
ATMIN	144	0.25479186550527483	0.08629491925239563	0.5427312775330396																																						
PIGA	101	0.24892322288371585	0.10040302574634552	0.7058527375707992																																						
PIGB	127	0.0	0.09010370820760727	0.5964757709251102																																						
PIGF	152	0.04564966818931149	0.08320488780736923	0.49918187539332914																																						
PIGG	194	0.2147145876437776	0.07786890119314194	0.402391441157961																																						
PIGH	252	0.1285251956199046	0.06705550104379654	0.1803650094398993																																						
PIGK	163	0.023830960257423064	0.0806424617767334	0.45374449339207046																																						
PIGL	204	0.06108064796716989	0.07416412234306335	0.3266205160478288																																						
PIGM	228	0.0	0.06950842589139938	0.22957835116425424																																						
PIGN	247	0.11470469211062945	0.06550014019012451	0.15204531151667716																																						
ATM	157	0.19508080574629846	0.0806509330868721	0.4539962240402769	p53																																					0.82712615
PIGO	177	0.09896643344203578	0.07678866386413574	0.38086847073631214																																						
PIGP	259	0.1280456220428741	0.06861753016710281	0.21107614852108245																																						
PIGQ	130	0.3550205602362008	0.09035293012857437	0.6002517306482065																																						
PIGT	345	0.1349933404845628	0.05646942928433418	0.035997482693517935																																						
PIGU	136	0.12513987480414607	0.09544293582439423	0.6605412208936438																																						
PIGV	215	0.16128771444519305	0.06749971956014633	0.18867212083071114																																						
PIGW	141	0.05649598378605589	0.09001941233873367	0.5955947136563877																																						
PIGX	113	0.11912744090138835	0.09410969167947769	0.644430459408433																																						
ATN1	192	0.21332642634044535	0.07484211772680283	0.3405915670232851																																						
PIH1D1	203	0.1104769134217432	0.08158522844314575	0.4709880427942102																																						
PIK3C3	242	0.08127148458101048	0.17245501279830933	0.9486469477658905																																						
PIK3CA	134	0.12452946391235795	0.09152897447347641	0.615607300188798	PI3K/PTEN																								0.18418045													
PIK3CB	126	0.2479543882408716	0.09067478775978088	0.6046570169918187																																						
PIK3CG	172	0.047319013687979236	0.07920447736978531	0.4278162366268093																																						
PIK3R1	233	0.07474528508832654	0.0712975338101387	0.2664568911264947																																						
PIK3R4	142	0.1617205465233925	0.08744190633296967	0.5614852108244178																																						
PIKFYVE	232	0.2468898776800331	0.08365067839622498	0.5072372561359345																																						
PILRB	77	0.22294126181589446	0.122658371925354	0.845059786028949																																						
PIM1	171	0.4330020475821792	0.08629781752824783	0.5428571428571428																																						
PIM2	216	0.10311232980807973	0.07156213372945786	0.27161736941472625																																						
PIM3	92	0.3976350196317081	0.10387247800827026	0.7370673379483952																																						
PIN4	83	0.1817969679154544	0.11516573280096054	0.8089364380113279																																						
PINK1	1745	0.11208960705051292	0.02754247933626175	0.0																																						
PINX1	208	0.10038408266607964	0.07922717928886414	0.42831969792322216																																						
ATOH7	113	0.0	0.10345293581485748	0.7341724354940214																																						
PIP4K2A	194	0.3845206251205121	0.07639984041452408	0.3734424166142228																																						
PIP4K2B	245	0.35676055656315103	0.07076989114284515	0.25475141598489615																																						
PIP4K2C	164	0.26436156603690864	0.11914164572954178	0.8293266205160478																																						
PIP5K1A	55	0.15313925063030004	0.1340695321559906	0.8872246696035242																																						
PIP5K1C	324	0.2518057152259421	0.0571005679666996	0.041283826305852735																																						
PIR	306	0.2313966162924204	0.06071001663804054	0.07778477029578351																																						
PITPNA	186	0.259451851929154	0.07341866195201874	0.3118942731277533																																						
ATOH8	241	0.0	0.06724513322114944	0.18363750786658276																																						
PITPNB	140	0.13816087608174776	0.08784916996955872	0.5680302076777848																																						
PITPNM1	235	0.0	0.06644751131534576	0.16891126494650724																																						
PITRM1	130	0.05176381735327927	0.12090576440095901	0.8370044052863436																																						
PITX3	209	0.0	0.07328520715236664	0.30862177470106983																																						
PIWIL4	132	0.0	0.0948697105050087	0.6532410320956576																																						
PJA2	130	0.2227624874266764	0.09594575315713882	0.6645689112649465																																						
ATOX1	128	0.31879804083890384	0.22016887366771698	0.976589049716803																																						
PKIG	335	0.3273636170874053	0.056655775755643845	0.03775959723096287																																						
PKLR	209	0.0	0.07428663223981857	0.32863436123348017																																						
PKMYT1	148	0.10018048669473337	0.09243272989988327	0.6269351793580868																																						
PKN1	393	0.2285815059702648	0.0544053353369236	0.024543738200125866																																						
PKN2	93	0.054900303084548886	0.10735370218753815	0.7614852108244179																																						
ATP11A	271	0.15552731056127153	0.06445629894733429	0.1316551290119572																																						
ACAA1	249	0.10928889662574033	0.06597983837127686	0.15997482693517937																																						
PKN3	197	0.17493292515027742	0.08471865206956863	0.5215859030837005																																						
PKNOX1	257	0.39933211807404173	0.0688546895980835	0.21497797356828194																																						
PKNOX2	118	0.0	0.09279804676771164	0.6313404657016992																																						
PKP3	197	0.3614704216796183	0.07272320240736008	0.29490245437382																																						
PKP4	192	0.15442933159210642	0.07789582014083862	0.40314663310258025																																						
PLA2G10	358	0.0	0.05663805454969406	0.03750786658275645																																						
PLA2G15	170	0.1435081743513808	0.08293566107749939	0.4943989930774072																																						
PLA2G6	155	0.4274503976136673	0.08466581255197525	0.5204531151667715																																						
PLAA	260	0.06627663776960559	0.06936571002006531	0.22517306482064192																																						
PLAG1	206	0.3870303950886884	0.07541544735431671	0.35317809943360606																																						
PLAGL2	278	0.1361011187865647	0.06716005504131317	0.18200125865324104																																						
PLBD2	228	0.1001346835932173	0.07404905557632446	0.3235997482693518																																						
PLCB3	98	0.0	0.10880906134843826	0.7728130899937067																																						
PLCB4	202	0.4210346070926023	0.07452797889709473	0.3341724354940214																																						
PLCD3	316	0.0	0.059710413217544556	0.06595342983008182																																						
PLCG1	213	0.05772274935449075	0.07087870687246323	0.25726872246696036	Calcium						2.2906172																															
PLCXD1	108	0.46914494563216097	0.09449797868728638	0.6484581497797357																																						
PLD1	255	0.05184195109297979	0.06538929045200348	0.14927627438640653																																						
PLD3	334	0.28282531123941196	0.06794054806232452	0.19723096286972938																																						
ATP13A1	74	0.050038929286550564	0.11598590016365051	0.8128382630585274																																						
PLD6	150	0.0	0.08557489514350891	0.5336689741976086																																						
PLEKHA1	92	0.0	0.10587131977081299	0.7521711768407804																																						
PLEKHA2	229	0.4027771044741799	0.07100747525691986	0.2609188168659534																																						
PLEKHA3	219	0.31383648641388034	0.06904636323451996	0.21762114537444935																																						
PLEKHA4	203	0.0	0.0707431361079216	0.25349276274386406																																						
PLEKHA5	166	0.28163487705255785	0.09935007989406586	0.6962869729389554																																						
PLEKHA8	257	0.12583738024019753	0.07606761157512665	0.36639395846444306																																						
PLEKHB2	131	0.13715397128246262	0.09319018572568893	0.6365009439899307																																						
ATP13A2	382	0.014710252440299575	0.05657277628779411	0.0368785399622404																																						
PLEKHF1	142	0.19472857000942745	0.08571197092533112	0.5360604153555696																																						
PLEKHG2	149	0.0	0.08334989100694656	0.5018250471994965																																						
PLEKHG4	192	0.11759994000169333	0.0772729367017746	0.3909376966645689																																						
PLEKHH3	384	0.11342397146680383	0.05691700801253319	0.039899307740717434																																						
PLEKHM2	241	0.36298697180687417	0.06663995236158371	0.17142857142857143																																						
PLEKHN1	248	0.0	0.07081010937690735	0.25563247325361865																																						
PLEKHO1	277	0.11186154357331736	0.062462951987981796	0.10106985525487729																																						
ATP13A3	122	0.16343203571149806	0.09298313409090042	0.6337319068596602																																						
PLIN2	157	0.13740718445662778	0.08280134946107864	0.49100062932662053																																						
PLIN3	171	0.1344556770760131	0.0818978026509285	0.476903713027061																																						
PLK3	120	0.11404894755680665	0.09546492993831635	0.6609188168659534																																						
PLOD1	179	0.07874580201309704	0.08523397892713547	0.5288860918816866																																						
PLOD2	188	0.0951512583405265	0.0759802907705307	0.3641283826305853																																						
PLOD3	354	0.04944650112765008	0.06363403797149658	0.11932032724984266																																						
PLP2	178	0.056530572689696273	0.07999332249164581	0.44140969162995597																																						
ATP1A1	118	0.1909704490919564	0.20507696270942688	0.9699181875393329																																						
PLS1	143	0.055907225781234415	0.08707292377948761	0.5561988672120831																																						
PLSCR1	185	0.029724915568711	0.0738590806722641	0.3209565764631844																																						
PLTP	110	0.232874943463042	0.10112841427326202	0.7111390811831341																																						
PLXNB1	79	0.0	0.1155315488576889	0.8106985525487728																																						
ATP1B3	133	0.3501901173127017	0.10858656466007233	0.7700440528634361																																						
PLXNB2	231	0.058465461371103374	0.0651826411485672	0.1461296412838263																																						
PLXND1	392	0.1440729162521713	0.052097637206315994	0.013089993706733794																																						
PMAIP1	373	0.1352599238623758	0.05943939462304115	0.06293266205160478																																						
PMF1	85	0.15164341433118786	0.20364226400852203	0.9695405915670233																																						
PML	162	0.06875129817304902	0.08642197400331497	0.5451227186910006																																						
PMM1	218	0.09910529794685344	0.07249583303928375	0.2906230333543109																																						
PMM2	224	0.24186021327433366	0.0698048546910286	0.23524229074889869																																						
PMP22	248	0.06854652124819367	0.06592565774917603	0.15884203901825047																																						
PMPCA	179	0.2226227547565701	0.16245783865451813	0.939962240402769																																						
ATP2A2	297	0.3357619178795072	0.06299324333667755	0.10862177470106986																																						
PMPCB	320	0.3268586939561518	0.19192665815353394	0.9637507866582756																																						
PMS1	98	0.11184411427973913	0.10721046477556229	0.7601006922592826																																						
PMS2	139	0.4621641359556524	0.08822013437747955	0.5721837633731907																																						
PMVK	203	0.0	0.08149373531341553	0.46884833228445566																																						
PNKP	373	0.17301228045523975	0.06006130203604698	0.07086217747010698																																						
PNMA1	212	0.11903142652623387	0.07355140894651413	0.31504090623033354																																						
ATP2A3	166	0.24110046498559606	0.0772010013461113	0.38904971680302075																																						
PNMA8A	141	0.1956122652111756	0.08767056465148926	0.5653870358716173																																						
PNMT	210	0.11629331612553895	0.07472606748342514	0.33857772183763374																																						
PNPLA2	222	0.18539843964914665	0.06689527630805969	0.17684078036500944																																						
PNPLA4	281	0.0701271921589055	0.06189117953181267	0.0933920704845815																																						
PNPLA8	163	0.19368088953665186	0.08026513457298279	0.4461925739458779																																						
PNPO	106	0.07006267510888713	0.10037604719400406	0.7054751415984896																																						
PNPT1	153	0.211419558987923	0.19498418271541595	0.965764631843927																																						
ATP2B1	148	0.4657380756851803	0.08586261421442032	0.5379483952171177																																						
ACAA2	204	0.0940146037951171	0.07209797203540802	0.2824417872876023																																						
PNP	270	0.09941549494788623	0.06652349978685379	0.17004405286343613																																						
PNRC1	337	0.06887001959509219	0.056222036480903625	0.03297671491504091																																						
PNRC2	101	0.24528972144026934	0.10737992823123932	0.7619886721208307																																						
POC1A	233	0.13827473304132973	0.06870503723621368	0.21220893643801134																																						
POC1B	166	0.058979026734096586	0.08467908203601837	0.520704845814978																																						
POC5	152	0.0	0.08584046363830566	0.5374449339207048																																						
PODXL2	155	0.119625947953775	0.08259511739015579	0.4881057268722467																																						
POFUT1	111	0.21788637171696865	0.09847524762153625	0.6898678414096916																																						
POGK	184	0.029973472325828518	0.08447995036840439	0.518313404657017																																						
ATP2B4	71	0.0	0.12796631455421448	0.8673379483952172																																						
POGLUT1	212	0.12049941382958332	0.06923289597034454	0.2224040276903713																																						
POGZ	71	0.12611297376368047	0.13125112652778625	0.8777847702957835																																						
POLA2	138	0.2540717630420112	0.12721896171569824	0.8638137193203272																																						
POLB	74	0.1575471505655414	0.12218813598155975	0.8432976714915041																																						
POLD1	112	0.17414212756192265	0.17934216558933258	0.9539332913782252																																						
POLD2	83	0.20389291480005792	0.1588377058506012	0.935179358086847																																						
POLD3	85	0.13266818504069733	0.2157260626554489	0.974826935179358																																						
POLD4	352	0.039105386186356256	0.05866271257400513	0.05437382001258653																																						
POLDIP2	80	0.11977974489188348	0.1216440424323082	0.8407803650094399																																						
ATP2C1	91	0.0851148482450411	0.11478488147258759	0.807174323473883																																						
POLE2	153	0.23884706338786224	0.09705819934606552	0.6766519823788546																																						
POLE3	131	0.10100669016510387	0.09690377861261368	0.6748898678414097																																						
POLE4	130	0.06990169769364027	0.10476861149072647	0.7446192573945878																																						
POLE	120	0.2096335263998408	0.12802754342556	0.8674638137193204																																						
POLG2	327	0.1155411023898081	0.09182005375623703	0.6196349905601007																																						
POLG	240	0.15521930226722222	0.08683440834283829	0.5517935808684707																																						
POLH	242	0.0	0.06831810623407364	0.2052863436123348																																						
POLK	260	0.10923742304425987	0.06417655199766159	0.12687224669603525																																						
POLL	94	0.10952701621684326	0.1650560349225998	0.9426054122089365																																						
ATP5F1A	105	0.22729513072387345	0.18002121150493622	0.9546884833228445																																						
POLM	231	0.2390694273989593	0.06761117279529572	0.19156702328508496																																						
POLQ	240	0.05200081859057643	0.06690675765275955	0.17709251101321585																																						
POLR1A	142	0.4814953608414099	0.19037963449954987	0.9621145374449339																																						
POLR1B	108	0.20060239443929306	0.33062195777893066	0.9967275015733166																																						
POLR1C	191	0.18290122697230074	0.19800491631031036	0.967023285084959																																						
POLR1D	167	0.2934539136791074	0.08938471227884293	0.587413467589679																																						
POLR1E	247	0.13029641598983355	0.15135332942008972	0.9244808055380742																																						
POLR2B	180	0.4239085478004608	0.17496074736118317	0.950786658275645																																						
POLR2C	86	0.35685929673428146	0.1992345154285431	0.9672750157331655																																						
ATP5F1B	98	0.13148380652918742	0.17615677416324615	0.9517935808684708																																						
POLR2I	110	0.3969240714452156	0.16686370968818665	0.9439899307740718																																						
POLR2L	77	0.2384943699384093	0.13339747488498688	0.8849590937696664																																						
POLR2M	111	0.1634773582364007	0.14052730798721313	0.9039647577092511																																						
POLR3B	130	0.18405992306363766	0.13055717945098877	0.8753933291378225																																						
POLR3C	214	0.1794747557035162	0.09283024072647095	0.6319697923222153																																						
POLR3D	200	0.25266758886616864	0.09075336903333664	0.6056639395846445																																						
POLR3E	367	0.2492836895364203	0.07450634986162186	0.33354310887350536																																						
ATP5F1C	73	0.10674462028769878	0.169809490442276	0.9462555066079296																																						
POLR3F	220	0.27438710229866137	0.10373471677303314	0.7358086847073632																																						
POLR3GL	167	0.038623265233098635	0.08129949122667313	0.4657016991818754																																						
POLR3G	161	0.09920999707873032	0.080689437687397	0.45462555066079297																																						
POLR3H	259	0.24550589456187505	0.0669381245970726	0.1777218376337319																																						
POLR3K	172	0.0932211415726557	0.0938391387462616	0.6417872876022656																																						
POLRMT	308	0.14593534603281494	0.1869962215423584	0.960352422907489																																						
POMGNT1	202	0.14029375269466346	0.07235924154520035	0.28810572687224667																																						
POMGNT2	178	0.091318639994805	0.07733556628227234	0.392196349905601																																						
ATP5F1D	159	0.2982240507149285	0.10178850591182709	0.7195720578980491																																						
POMT1	214	0.10225484147831924	0.07202006876468658	0.28093140339836375																																						
POMT2	270	0.2724354266232938	0.06306491047143936	0.10988042794210195																																						
PON2	65	0.17734576101674684	0.14878275990486145	0.9196979232221523																																						
POP1	104	0.22331040551314302	0.23495902121067047	0.9822529893014474																																						
POP4	149	0.14050041102336108	0.19139614701271057	0.9629955947136564																																						
POP5	65	0.19238769229352287	0.24911177158355713	0.9865324103209566																																						
POP7	364	0.13258073350336871	0.08910523355007172	0.5837633731906859																																						
POPDC3	153	0.04304013427002408	0.08396722376346588	0.5115166771554437																																						
POR	260	0.14511871941660956	0.06544267386198044	0.15066079295154186																																						
POU2AF1	66	0.0	0.1298229992389679	0.8731277533039647																																						
POU2F3	212	0.0	0.0722048431634903	0.2843297671491504																																						
POU3F1	316	0.0	0.09189607948064804	0.621019509125236																																						
POU3F2	102	0.2143302074567021	0.10146905481815338	0.7162995594713656																																						
POU3F3	163	0.0	0.08091694861650467	0.4592825676526117																																						
POU3F4	157	0.0	0.08273082971572876	0.48986784140969164																																						
POU4F1	252	0.15557711148165426	0.06919778138399124	0.22202643171806166																																						
POU4F3	332	0.0	0.057424236088991165	0.04430459408432977																																						
POU5F1B	158	0.0	0.08295266330242157	0.4950283196979232																																						
POU5F1	240	0.0	0.06368786096572876	0.11994965387035872																																						
ATP5MC1	294	0.05219767068635675	0.06271606683731079	0.10446821900566394																																						
ACACA	166	0.07275397290412453	0.087742879986763	0.5662680931403399																																						
POU6F1	65	0.0	0.12541463971138	0.8563876651982378																																						
PPA1	199	0.152429046146225	0.1800948530435562	0.9548143486469478																																						
PPA2	147	0.08926231964827537	0.08287494629621506	0.4928886091881687																																						
PPAN	75	0.16472486489460392	0.2248207926750183	0.978351164254248																																						
PPARA	289	0.3172426580067861	0.07492221146821976	0.3426054122089364	PPARα																									0.5028991												
PPARD	90	0.0	0.10615973174571991	0.7539332913782253																																						
PPARGC1B	340	0.1485256923045023	0.06991802901029587	0.23775959723096288																																						
ATP5MC2	112	0.1750185411910447	0.09628286957740784	0.6682190056639395																																						
PPCS	165	0.05180301960369239	0.09849077463150024	0.6901195720578981																																						
PPFIA1	252	0.07600352914574951	0.06694328784942627	0.1778477029578351																																						
PPFIBP1	219	0.04317986748895949	0.07058890163898468	0.25072372561359346																																						
ATP5MC3	133	0.05276704709808056	0.09119199961423874	0.6118313404657016																																						
PPHLN1	172	0.2362318263180546	0.09101571142673492	0.609565764631844																																						
PPIA	297	0.1302782819389273	0.06149519234895706	0.08760226557583385																																						
PPIB	189	0.10287615352562647	0.07634203135967255	0.3723096286972939																																						
PPIC	416	0.04529294455046036	0.04948003590106964	0.008307111390811832																																						
PPID	282	0.11870856435451164	0.06181181222200394	0.0921334172435494																																						
PPIE	64	0.10957226629147772	0.19175603985786438	0.9636249213341724																																						
PPIF	256	0.13195791459104747	0.07062053680419922	0.2513530522341095																																						
PPIG	112	0.1087861243393216	0.09634767472743988	0.669100062932662																																						
PPIH	187	0.06849071934150787	0.12214213609695435	0.8429200755191945																																						
PPIL1	55	0.06835807859707188	0.14162534475326538	0.9063561988672121																																						
ATP5PD	110	0.09907583808383474	0.1689641773700714	0.945374449339207																																						
PPIL2	310	0.2111407873984228	0.06726989895105362	0.1842668344870988																																						
PPIL3	273	0.18374508434393305	0.06150379031896591	0.08797986154814348																																						
PPIL4	79	0.18678988786529946	0.1662789136171341	0.9434864694776589																																						
PPIP5K1	270	0.0	0.06703808158636093	0.17986154814348648																																						
PPIP5K2	121	0.02518235367042168	0.0970275029540062	0.6764002517306482																																						
PPM1B	201	0.24450951899378326	0.07366210222244263	0.31768407803650095	ERK/MAPK										0.13401523																											
PPM1D	78	0.3714510102916962	0.12468753010034561	0.8533668974197609	p53																																					0.7897541
ATP5ME	183	0.16456504461820262	0.1192261204123497	0.830081812460667																																						
PPM1F	181	0.19084394988649864	0.07545862346887589	0.3539332913782253																																						
PPM1K	218	0.09040566761850408	0.06925260275602341	0.22278162366268092																																						
PPM1N	183	0.05945380494657719	0.07602187991142273	0.36538703587161736																																						
PPME1	497	0.0584853287072282	0.048351988196372986	0.006544996853366897																																						
PPOX	68	0.13078893578292952	0.1306157410144806	0.8756450597860289																																						
ATP5MF	375	0.14963163416076752	0.08484578877687454	0.523725613593455																																						
PPP1CB	279	0.2315135103138527	0.07492673397064209	0.34298300818124605																																						
PPP1CC	269	0.14337845905501434	0.07817921787500381	0.40881057268722465																																						
PPP1R11	132	0.040246080894724	0.1373043656349182	0.8950283196979232																																						
PPP1R12A	490	0.307936110693683	0.04629887267947197	0.004531151667715544																																						
PPP1R12C	164	0.26280554982633764	0.07845325022935867	0.4133417243549402																																						
PPP1R14A	278	0.03254183326214388	0.061352044343948364	0.08634361233480176																																						
PPP1R14B	85	0.2951992469940531	0.11460056900978088	0.8061674008810573																																						
PPP1R14C	193	0.0	0.15935805439949036	0.9368156073001888																																						
ATP5PF	115	0.42855197521680394	0.10637926310300827	0.755569540591567																																						
PPP1R15A	91	0.486242996935428	0.10916760563850403	0.7745752045311517	UPR-PERK																																1.9058975					
PPP1R15B	316	0.255180501876248	0.06953863799571991	0.23058527375707993																																						
PPP1R16A	101	0.27413166295635466	0.10239925980567932	0.7254877281308999																																						
PPP1R16B	171	0.08830637337424294	0.07734312862157822	0.39232221522970423																																						
PPP1R18	335	0.15575163593653332	0.05953186750411987	0.06431718061674009																																						
PPP1R26	163	0.0	0.08415652811527252	0.5144115796098175																																						
PPP1R2	119	0.04074645931017445	0.10029508918523788	0.7048458149779736																																						
PPP1R35	133	0.10221380962733308	0.09597155451774597	0.6651982378854625																																						
ATP5MG	92	0.21492143852063114	0.13811975717544556	0.897293895531781																																						
PPP1R37	150	0.4461455904093876	0.13935722410678864	0.9016991818753933																																						
PPP1R3D	166	0.19040465770546425	0.08622325956821442	0.54235368156073																																						
PPP1R3E	325	0.13144421317328306	0.06169901043176651	0.08999370673379484																																						
PPP1R7	192	0.456346907294932	0.0765610784292221	0.376589049716803																																						
PPP1R8	114	0.15681523260491434	0.13895316421985626	0.9000629326620516																																						
PPP1R9B	167	0.10496567424714036	0.08290938287973404	0.4935179358086847																																						
PPP2CA	471	0.18904579405480704	0.059954773634672165	0.06935179358086847																																						
PPP2CB	259	0.36514020577318573	0.08905106037855148	0.5828823159219635																																						
ATP5PO	215	0.07824467244436684	0.11510953307151794	0.8086847073631215																																						
PPP2R2A	80	0.10974103477158792	0.13089284300804138	0.876274386406545																																						
PPP2R3B	233	0.02706728302022586	0.0703466609120369	0.2448080553807426																																						
PPP2R3C	137	0.1664482784605393	0.09534191340208054	0.6592825676526117																																						
PPP2R5A	188	0.40181303803590795	0.0753982737660408	0.3530522341095028																																						
PPP2R5C	51	0.2399564984527205	0.14066627621650696	0.9042164883574575																																						
DMAC2	221	0.034015597267151636	0.07930993288755417	0.4299559471365639																																						
PPP2R5D	112	0.2354786463419504	0.09639369696378708	0.6697293895531781																																						
PPP2R5E	129	0.17436228126205428	0.08891266584396362	0.5817495280050347																																						
PPP3CA	124	0.25650460763579985	0.09210600703954697	0.6237885462555066	NFAT																				0.9970097																	
PPP3CB	85	0.35004777170299983	0.13390806317329407	0.8859660163624922																																						
PPP3R1	143	0.14263917251630248	0.09484400600194931	0.6529893014474513																																						
PPP4C	271	0.17852832918970954	0.08558616042137146	0.5340465701699182																																						
PPP4R2	406	0.1505876794405256	0.07994657754898071	0.4406544996853367																																						
PPP5C	271	0.12642034215624826	0.06935746222734451	0.2250471994965387																																						
DMAC2L	164	0.04625400654101886	0.09270306676626205	0.6304594084329768																																						
ACAD10	141	0.1366634647828376	0.10609760135412216	0.7535556954059157																																						
PPP6C	240	0.11557467808334078	0.07212336361408234	0.2828193832599119																																						
PPP6R1	306	0.15976562527265573	0.058565761893987656	0.053366897419760854																																						
PPP6R2	299	0.17483106326543893	0.05775238201022148	0.04619257394587791																																						
PPP6R3	222	0.12447284988185175	0.07204966992139816	0.28193832599118945																																						
PPRC1	262	0.3573933131144762	0.18713872134685516	0.9604782882315922																																						
PPT1	86	0.03939413013175316	0.10964661836624146	0.7773442416614222																																						
PPT2	65	0.052329910416769904	0.11755484342575073	0.8217747010698553																																						
PPTC7	304	0.4167121829327299	0.05818586423993111	0.05034612964128383																																						
ATP6AP1	170	0.10534644087510443	0.1252315640449524	0.8556324732536186																																						
PQBP1	135	0.07728015791870238	0.11704173684120178	0.8191315292636878																																						
SLC66A2	232	0.30191318870949924	0.06861090660095215	0.21082441787287604																																						
SLC66A1	164	0.0	0.08316768705844879	0.4985525487728131																																						
SLC66A3	193	0.0	0.07481005787849426	0.339962240402769																																						
PRADC1	270	0.16138701426772428	0.06511110067367554	0.1444933920704846																																						
PRAME	62	0.14521829011365128	0.154983788728714	0.930899937067338																																						
PRC1	382	0.3575942470698937	0.052533600479364395	0.015103838892385148																																						
PRCC	261	0.13864508704596687	0.07920092344284058	0.4276903713027061																																						
PRCP	216	0.034800242846081755	0.07241787761449814	0.28886091881686593																																						
ATP6AP2	384	0.14793389515120728	0.06662329286336899	0.17117684078036502																																						
PRDM12	149	0.0	0.0828513577580452	0.4922592825676526																																						
PRDM14	205	0.0	0.08436958491802216	0.5168030207677785																																						
PRDM1	216	0.30614995195322064	0.07215751707553864	0.2833228445563247																																						
PRDM4	176	0.3152825558283853	0.11968473345041275	0.8317180616740089																																						
PRDM5	312	0.0	0.06608953326940536	0.16249213341724356																																						
ATP6V0A1	133	0.09355866866606766	0.09954534471035004	0.6977973568281939																																						
PRDM9	355	0.0	0.05363589897751808	0.02001258653241032																																						
PRDX1	176	0.10042333601190012	0.07848542928695679	0.41384518565135303																																						
PRDX2	130	0.2930108153107475	0.09047313779592514	0.6017621145374449																																						
PRDX3	217	0.07361921053878928	0.07096096873283386	0.2589049716803021																																						
PRDX4	84	0.0760943467719716	0.1336120218038559	0.8855884203901825																																						
PRDX5	182	0.14946623200348674	0.07449836283922195	0.33303964757709253																																						
PRDX6	228	0.13136244413476253	0.06762804836034775	0.1920704845814978																																						
ATP6V0A2	108	0.04024573568002837	0.10245952755212784	0.7259911894273128																																						
PREB	110	0.1261683064677057	0.09993769228458405	0.7016991818753934																																						
PRELID1	263	0.3497118259612935	0.09264398366212845	0.6298300818124607																																						
PRELID2	111	0.28315360558633096	0.09672676771879196	0.6735053492762744																																						
PREPL	112	0.13497205715106178	0.09614620357751846	0.6672120830711139																																						
PREP	103	0.15186716173994153	0.10794536024332047	0.7658904971680303																																						
PRG2	174	0.0	0.07614798098802567	0.3679043423536816																																						
PRICKLE3	280	0.07443578927765113	0.06449628621339798	0.13253618628067967																																						
PRIM1	102	0.2735749294033618	0.1494845747947693	0.920704845814978																																						
PRIM2	65	0.044595874903098284	0.2637605369091034	0.9909376966645689																																						
PRIMPOL	171	0.11181031593413457	0.0794476792216301	0.43222152297042166																																						
ATP6V0B	294	0.16602706428750433	0.0686301589012146	0.21120201384518564																																						
PRKAA1	55	0.09140240052320706	0.13092921674251556	0.8764002517306482	AMPK;Circadian	0.9053255							0.0969509																													
PRKAB1	409	0.09128911943766176	0.05427899211645126	0.024040276903713027	AMPK;Circadian	1.7689836							0.25502828																													
PRKAB2	272	0.3775843770308436	0.06759165227413177	0.19093769666456892	Circadian								1.6794574																													
PRKACA	64	0.1404855390097963	0.13184329867362976	0.8803020767778477	cAMP/CREB																																		1.0372177			
PRKAG1	92	0.15617343237873832	0.10576622188091278	0.7512901195720579	Circadian								1.231307																													
PRKAR1A	148	0.1822532998326424	0.08562923222780228	0.5350534927627438																																						
PRKAR2A	183	0.10528174708843248	0.07497692108154297	0.34386406544996856																																						
PRKAR2B	296	0.4158684363116533	0.06215032935142517	0.09716803020767778																																						
PRKCA	153	0.40158529221263417	0.15131627023220062	0.924354940213971																																						
PRKCB	210	0.1292545360349101	0.07195565104484558	0.2796727501573317																																						
PRKCI	284	0.13252503684086628	0.0788782387971878	0.42127123977344244																																						
PRKCQ	187	0.031131222633952217	0.07749425619840622	0.39546884833228446																																						
PRKCSH	206	0.06384874175611119	0.07305626571178436	0.3025802391441158																																						
PRKD3	252	0.11222741485172613	0.06732652336359024	0.18514789175582128																																						
PRKRA	269	0.3029935778114869	0.08141898363828659	0.4670862177470107																																						
ATP6V0D1	198	0.2813724901445976	0.07716268301010132	0.3881686595342983																																						
THAP12	134	0.2580858287328365	0.10806828737258911	0.7668974197608559																																						
PRKX	193	0.04441760866856025	0.07714632898569107	0.3876651982378855																																						
PRMT1	107	0.3385080053930386	0.14814642071723938	0.9181875393329137																																						
PRMT2	217	0.13666183941373594	0.06963670253753662	0.23234738829452486																																						
PRMT3	211	0.053901236071522335	0.08270373195409775	0.489490245437382																																						
PRMT5	109	0.13118782609731652	0.1539779156446457	0.9288860918816866																																						
PRMT6	113	0.0	0.11640898138284683	0.8159848961611076																																						
ATP6V0E1	197	0.11452087757438775	0.07600847631692886	0.36500943989930773																																						
PRMT7	157	0.04511527076092451	0.08494903147220612	0.524354940213971																																						
PRNP	193	0.3680904602164933	0.07767854630947113	0.39886721208307113																																						
PRODH	583	0.0	0.045419842004776	0.0033983637507866583																																						
PROP1	243	0.0	0.06557077169418335	0.15330396475770924																																						
PROS1	223	0.06472217601772014	0.07659730315208435	0.37709251101321584																																						
PLPBP	194	0.033539528182943104	0.07293682545423508	0.29955947136563876																																						
PROSER1	175	0.1442339717781376	0.08331574499607086	0.5013215859030837																																						
PROSER2	190	0.10901553976899957	0.08061861246824265	0.4533668974197609																																						
PROX1	340	0.0	0.05684434622526169	0.03901825047199497																																						
ATP6V0E2	86	0.21146337666263856	0.11229197680950165	0.7925739458779106																																						
PROX2	149	0.0	0.08160451799631119	0.4713656387665198																																						
PRPF19	70	0.3721953639265618	0.1798597276210785	0.9543108873505349																																						
PRPF39	88	0.12059530826951248	0.1574326455593109	0.933291378225299																																						
PRPF40A	134	0.3245491888229461	0.17477595806121826	0.9505349276274386																																						
PRPF40B	86	0.21871453619157116	0.11352119594812393	0.8																																						
ACAD8	208	0.13932181064484198	0.071377232670784	0.26771554436752676																																						
PRPF4B	281	0.30143461862916426	0.12370442599058151	0.8490874764002517																																						
PRPS1	76	0.07166871129763586	0.11713973432779312	0.8195091252359975																																						
PRPS2	196	0.03915637082139958	0.07438734918832779	0.3305223410950283																																						
PRPSAP1	186	0.3491884512212702	0.07364869862794876	0.31718061674008813																																						
PRR11	144	0.15579493067892114	0.08354412019252777	0.505726872246696																																						
ATP6V1B2	169	0.4223224945631566	0.17039720714092255	0.947136563876652																																						
PRR12	158	0.13929483866849685	0.08639862388372421	0.544745122718691																																						
PRR13	157	0.0714646596240428	0.0829758420586586	0.49553178099433604																																						
PRR14L	89	0.017044086145270122	0.11474333703517914	0.8070484581497798																																						
PRR14	131	0.08296882558234013	0.0999472513794899	0.7018250471994966																																						
PRR3	282	0.21050110237755015	0.0603681355714798	0.07438640654499686																																						
PRR4	83	0.3682897680316936	0.11301881074905396	0.796979232221523																																						
PRR5	114	0.4699005791244104	0.09394928067922592	0.6432976714915041																																						
PRRC1	268	0.038263754885790896	0.06451301276683807	0.13316551290119572																																						
PRRC2A	185	0.10194788858758004	0.10817406326532364	0.767526746381372																																						
ATP6V1C1	93	0.12392137283857335	0.1319063901901245	0.8805538074260542																																						
PRRC2C	81	0.0836768397175998	0.12664464116096497	0.8612964128382631																																						
PRRX2	279	0.0	0.06041998788714409	0.07476400251730649																																						
PRSS21	114	0.16213545903391394	0.09364452213048935	0.6401510383889238																																						
ATP6V1D	337	0.22325055166339214	0.05957857891917229	0.06507237256135935																																						
PRSS57	192	0.17201120419783547	0.07996764034032822	0.4409062303335431																																						
PRTFDC1	170	0.04249459989096696	0.07735643535852432	0.3925739458779106																																						
PRUNE1	195	0.04331557133233195	0.07884181290864944	0.42039018250471993																																						
PSAP	74	0.3616830509512282	0.11770875751972198	0.8225298930144745																																						
PSAT1	122	0.12209439855964326	0.10014709830284119	0.7037130270610447																																						
PSD4	116	0.2472224522914049	0.10271850228309631	0.7275015733165513																																						
PSEN1	128	0.11582462377612178	0.09033898264169693	0.5998741346758968																																						
PSEN2	151	0.4332650540220251	0.08521757274866104	0.5281308999370673																																						
PSENEN	120	0.0721121425427724	0.09168691188097	0.6181246066708622																																						
PSIP1	254	0.11915401593105875	0.07598146796226501	0.36425424795468847																																						
ATP6V1E1	283	0.16858378154805784	0.07249137759208679	0.2904971680302077																																						
PSKH1	110	0.1421467295096591	0.10290148854255676	0.7300188797986155																																						
PSMA2	106	0.3791709218831412	0.1348150074481964	0.8897419760855885																																						
PSMA6	71	0.4388908283354502	0.15471191704273224	0.9301447451227187																																						
PSMB1	129	0.3824099701135581	0.1108776330947876	0.785022026431718																																						
ATP6V1E2	278	0.1935080920194025	0.06374216824769974	0.12095657646318439																																						
PSMB2	59	0.2227265238320469	0.16397219896316528	0.9413467589679043																																						
PSMB7	266	0.3995222241218336	0.1052042618393898	0.7466331025802392																																						
PSMC3IP	144	0.04621015708531721	0.08692841231822968	0.5534298300818125																																						
ATP6V1F	100	0.17905845585992414	0.12027106434106827	0.8344870988042794																																						
PSMC3	94	0.4902486149935794	0.13440440595149994	0.8883574575204531																																						
PSMD10	168	0.09241860954022342	0.08122307807207108	0.4645689112649465																																						
PSMD13	156	0.1894622916551345	0.21899911761283875	0.9760855884203902																																						
ATP6V1G1	190	0.1849663087526592	0.0975971519947052	0.6811831340465702																																						
PSMD4	218	0.2177946291794668	0.21586425602436066	0.9749528005034613																																						
PSMD5	190	0.0472554792939057	0.08183937519788742	0.47577092511013214																																						
PSMD6	200	0.440727121916668	0.16351951658725739	0.9408432976714916																																						
PSMD9	198	0.0720068049100643	0.0724763497710228	0.29011957205789807																																						
PSME1	288	0.17965033269257616	0.08875259011983871	0.5796098174952801																																						
PSME2	372	0.05725742608536238	0.05267855152487755	0.015733165512901194																																						
ATP6V1H	147	0.16123826764842042	0.11430010199546814	0.8035242290748899																																						
PSME3	67	0.3117803562408262	0.18432240188121796	0.9584644430459408																																						
PSME4	196	0.4798287694777642	0.07254316657781601	0.29188168659534297																																						
PSMF1	120	0.41171266474799373	0.0950600877404213	0.6563876651982379																																						
PSMG1	321	0.2165026731784551	0.07599020004272461	0.36475770925110135																																						
PSMG2	364	0.17937787743125586	0.053354449570178986	0.018879798615481436																																						
PSMG3	465	0.07365950798245559	0.14531293511390686	0.9131529263687854																																						
PSMG4	80	0.31798692127849604	0.23572306334972382	0.9826305852737571																																						
PSPC1	179	0.2634154190827331	0.076275534927845	0.3713027061044682																																						
ATP7A	213	0.10518288442060453	0.06853894889354706	0.20931403398363752																																						
PSRC1	174	0.07313349355143049	0.0763101726770401	0.3716803020767778																																						
PSTK	412	0.23343152616121454	0.05642075091600418	0.03511642542479547																																						
PSTPIP2	290	0.06652468451947939	0.06408350169658661	0.12548772813089995																																						
PTAR1	182	0.05669595942321225	0.08588363975286484	0.5384518565135306																																						
PTBP1	71	0.4630671983963897	0.14069613814353943	0.9043423536815607																																						
PTBP2	118	0.2715496750068065	0.09608480334281921	0.6663310258023915																																						
PTBP3	338	0.17821112352663493	0.05872141942381859	0.05462555066079295																																						
ACAD9	131	0.0	0.09484289586544037	0.652863436123348																																						
PTCD1	194	0.20441688605974	0.12364637106657028	0.8487098804279422																																						
PTCD2	174	0.05262477006063837	0.10867027193307877	0.7706733794839522																																						
PTCD3	99	0.3171198247434436	0.14283306896686554	0.9093769666456891																																						
PTDSS2	277	0.11606053145820168	0.06709779798984528	0.18112020138451856																																						
PTEN	222	0.14820837369784046	0.11386290192604065	0.8018879798615481	PI3K/PTEN																								0.47872835													
PTER	54	0.0	0.13646821677684784	0.8928886091881687																																						
PTGER3	308	0.10444840225813208	0.06422773748636246	0.12850849590937696																																						
PTGES2	270	0.09131573689520113	0.06474972516298294	0.13744493392070484																																						
ATP8B2	136	0.2784760982755181	0.09663061052560806	0.672120830711139																																						
PTGFRN	228	0.17146018953449846	0.0679769441485405	0.19823788546255505																																						
PTGR2	188	0.044748803679709084	0.14277376234531403	0.9091252359974827																																						
PTK2B	221	0.1604588997868948	0.06986147165298462	0.23624921334172436																																						
PTK2	302	0.1941660039031814	0.06884054839611053	0.2146003775959723																																						
PTK7	212	0.22259879263735066	0.07378049194812775	0.3196979232221523																																						
PTMA	346	0.1402643540860278	0.07002843171358109	0.24027690371302707																																						
PTMS	186	0.1823287305727695	0.07671432942152023	0.37910635619886723																																						
PTOV1	79	0.3521749201394275	0.11630934476852417	0.8153555695405915																																						
PTP4A1	349	0.0	0.06314872205257416	0.11101321585903083																																						
PTP4A2	59	0.456909569307909	0.17991656064987183	0.9544367526746381																																						
PTPMT1	271	0.12138975871917958	0.08886677026748657	0.5811202013845186																																						
PTPN11	250	0.18771832157332116	0.14111816883087158	0.9056010069225928																																						
PTPN12	252	0.13070495415568315	0.06568951904773712	0.15569540591567024																																						
PTPN18	223	0.3636837644040397	0.07376439869403839	0.31944619257394585																																						
PTPN1	371	0.1695420698976451	0.2869202494621277	0.9932032724984267																																						
PTPN23	371	0.2381014413556428	0.057021524757146835	0.04090623033354311																																						
PTPN2	261	0.1967833820541785	0.07407300174236298	0.32422907488986785																																						
ATP9B	177	0.16109113791283616	0.07573665678501129	0.3595972309628697																																						
PTPN4	177	0.0249558069552927	0.0787489265203476	0.41900566393958466																																						
PTPN7	154	0.06617669684166907	0.08456321805715561	0.5191944619257395	ERK/MAPK										0.29754642																											
PTPRA	260	0.12324675789440348	0.06362284719944	0.11881686595342983																																						
PTPRC	109	0.0	0.1171049252152443	0.8193832599118943																																						
PTPRF	185	0.04444656707392949	0.07639920711517334	0.3733165512901196																																						
PTPRG	110	0.11326498696800215	0.09584909677505493	0.6641913152926369																																						
PTPRH	271	0.0	0.06623715907335281	0.1645059786028949																																						
PTPRR	227	0.0	0.06807835400104523	0.2001258653241032	ERK/MAPK										0.28002352																											
ATPAF1	148	0.06672081920805502	0.08271868526935577	0.4897419760855884																																						
CAVIN1	259	0.033515748616309834	0.06589622795581818	0.15808684707363121																																						
PTRH1	191	0.15078116446515524	0.07255244255065918	0.2921334172435494																																						
PTRH2	142	0.08837039753986728	0.08780039846897125	0.5672750157331655																																						
PTRHD1	203	0.16531316943615668	0.07228527218103409	0.28646947765890496																																						
PTS	143	0.13112895514677025	0.09012777358293533	0.5974826935179358																																						
PTTG1IP	125	0.057250124784856214	0.08754899352788925	0.5636249213341724																																						
PUM1	206	0.14693092175686512	0.09976547211408615	0.6999370673379484																																						
ATPAF2	264	0.03275317482048231	0.0677189752459526	0.1935808684707363																																						
PURA	162	0.35038004461776706	0.08107434213161469	0.4616740088105727																																						
PURG	143	0.0	0.10241331160068512	0.7257394587791064																																						
PUS10	104	0.19193979798440533	0.10406457632780075	0.7387035871617369																																						
PUS1	226	0.09586006577755653	0.07168856263160706	0.2736312146003776																																						
PUS3	128	0.04387533301963407	0.09561172127723694	0.662429200755192																																						
PUS7L	118	0.1383617264021764	0.09315147995948792	0.6361233480176212																																						
PUSL1	185	0.3900682989878267	0.0765218734741211	0.3762114537444934																																						
ATP5IF1	108	0.13066776652470624	0.1041741818189621	0.7395846444304595																																						
NECTIN2	129	0.24741322084472775	0.0987781509757042	0.6916299559471366																																						
PVR	191	0.0	0.07633396983146667	0.37193203272498426																																						
PWP1	72	0.05715803190878975	0.15201428532600403	0.9256135934550032																																						
PWWP2A	243	0.13645865876849736	0.07727160304784775	0.3908118313404657																																						
PWWP2B	223	0.19277268424403707	0.06961749494075775	0.23196979232221523																																						
PXK	283	0.06726247487280147	0.06430802494287491	0.12964128382630585																																						
PXMP2	408	0.2159854695390533	0.055359553545713425	0.02920075519194462																																						
PXMP4	263	0.02407330751562994	0.06372900307178497	0.12083071113908118																																						
ATRAID	144	0.11854519613833715	0.08281359076499939	0.49150409062303335																																						
PXN	431	0.21546224133676808	0.061059486120939255	0.08256765261170547																																						
PYCARD	170	0.053168674601978015	0.08326464146375656	0.5004405286343613																																						
PYCR1	355	0.09414341197143383	0.054144877940416336	0.02252989301447451																																						
PYCR2	153	0.1171990595426849	0.08741379529237747	0.5612334801762114																																						
PYCR3	263	0.1695547968640837	0.06452944874763489	0.13392070484581498																																						
PYDC2	56	0.0	0.1383262574672699	0.8980490874764002																																						
PYGL	59	0.14902112998414574	0.13033901154994965	0.875015733165513																																						
PYGO2	91	0.3036241567983317	0.10552731156349182	0.7494021397105097																																						
PYROXD1	211	0.10645165172464527	0.08143514394760132	0.46746381371932033																																						
ATRIP	164	0.09297991038069424	0.1904548853635788	0.9623662680931403																																						
PYURF	114	0.08314346427219745	0.1365078240633011	0.8931403398363751																																						
QARS	205	0.2508517854849542	0.24759244918823242	0.9861548143486469																																						
QDPR	337	0.1269582530992258	0.0567016564309597	0.03801132787916929																																						
QKI	188	0.4753175553827215	0.0806671679019928	0.45424795468848334																																						
QPRT	299	0.1941477527979972	0.06116481497883797	0.08332284455632473																																						
QRSL1	286	0.1490389136157073	0.07738464325666428	0.39295154185022024																																						
QSER1	287	0.11236155950616512	0.06453623622655869	0.13417243549402139																																						
ATRX	413	0.09234266114687384	0.06991409510374069	0.23763373190685966																																						
QSOX1	200	0.17605193737287822	0.07365275174379349	0.3174323473882945																																						
QSOX2	242	0.03186988890568418	0.06670824438333511	0.17306482064191314																																						
QTRT2	184	0.15173746866549034	0.0800393670797348	0.4417872876022656																																						
R3HCC1L	134	0.06270082084550606	0.0960700586438179	0.6660792951541851																																						
R3HCC1	153	0.15939197099121347	0.08803640305995941	0.5704216488357458																																						
R3HDM1	298	0.1039736013284856	0.06933297961950302	0.2247954688483323																																						
R3HDM2	189	0.3052205210644539	0.07798128575086594	0.4051604782882316																																						
ATR	78	0.3648763912489098	0.22984452545642853	0.980239144115796	p53																																					1.5263109
ACADM	127	0.0186817652651182	0.0954529419541359	0.6606670862177471																																						
AAK1	240	0.12459391202262833	0.07013432681560516	0.24191315292636878																																						
RAB10	155	0.16591437972098014	0.08397901803255081	0.5118942731277533																																						
RAB11A	320	0.12772631661904427	0.06085093691945076	0.07992448080553807																																						
RAB11B	134	0.25608174821638097	0.08646180480718613	0.5458779106356199																																						
RAB11FIP1	68	0.3627531465306484	0.12355910241603851	0.8484581497797357																																						
RAB12	285	0.15594028870822518	0.06324334442615509	0.11202013845185652																																						
RAB13	253	0.0	0.0654187947511673	0.14977973568281938																																						
RAB14	155	0.18071392655552046	0.08298002183437347	0.4956576463184393																																						
ATXN10	75	0.07583627142195475	0.17365890741348267	0.9497797356828194																																						
RAB18	66	0.05427352192327263	0.14763207733631134	0.9174323473882945																																						
RAB1A	350	0.19279158698842866	0.05884140357375145	0.05575833857772184																																						
RAB21	137	0.1273000538617308	0.08881474286317825	0.5803650094398993																																						
RAB22A	98	0.09177475342394846	0.10539117455482483	0.7483952171176841																																						
RAB23	183	0.0	0.07554050534963608	0.35594713656387666																																						
RAB24	260	0.2876280621876261	0.06719069182872772	0.18275645059786028																																						
RAB27A	279	0.1844468953811902	0.0628061592578888	0.10597860289490245																																						
RAB28	145	0.17576891113395388	0.08926555514335632	0.5855254877281308																																						
RAB2A	180	0.2510233666304784	0.07597677409648895	0.36375078665827565																																						
RAB2B	252	0.16264206145670926	0.07471971958875656	0.33845185651353055																																						
RAB31	171	0.01720453452419026	0.0767061859369278	0.3788546255506608																																						
RAB32	54	0.0	0.15284106135368347	0.9271239773442417																																						
RAB35	82	0.29819403844442177	0.1194033995270729	0.8309628697293896																																						
RAB3GAP1	115	0.13312972198586387	0.09172428399324417	0.6188797986154815																																						
RAB3GAP2	186	0.09002723507962564	0.07940703630447388	0.4314663310258024																																						
RAB3IL1	80	0.3773970577337649	0.11963103711605072	0.8315921963499056																																						
RAB3IP	180	0.0	0.0777614563703537	0.4002517306482064																																						
RAB40C	252	0.14191641218474305	0.06697510927915573	0.17835116425424796																																						
RAB4A	656	0.116185851119296	0.04877358675003052	0.006922592825676526																																						
RAB4B	701	0.18471358197515644	0.060462743043899536	0.07539332913782253																																						
RAB5B	78	0.21457021764479545	0.11806739866733551	0.8242920075519194																																						
RAB5C	279	0.06372375172299524	0.06354039907455444	0.11768407803650094																																						
RAB6A	148	0.26961942161715713	0.08573270589113235	0.5361862806796728																																						
RAB7A	67	0.09352030095978373	0.12670300900936127	0.8616740088105727																																						
RAB8A	159	0.03224869529332485	0.0818789005279541	0.47614852108244177																																						
RAB8B	151	0.047896902523299895	0.08777011185884476	0.5667715544367526																																						
RAB9A	296	0.10001735413954016	0.06182889640331268	0.09251101321585903																																						
RABEP1	189	0.13201265033199985	0.07647794485092163	0.37533039647577093																																						
RABEPK	210	0.17466779488507386	0.07449302077293396	0.3329137822529893																																						
RABGAP1	321	0.12291852559090374	0.05796517804265022	0.0487098804279421																																						
RABGEF1	233	0.2481944963013966	0.0687955841422081	0.21384518565135305																																						
ATXN3	342	0.15388199491057802	0.05481809005141258	0.0263058527375708																																						
RABGGTA	129	0.33394223127463896	0.13807615637779236	0.8971680302076778																																						
RABGGTB	141	0.18754017432958134	0.13435758650302887	0.88823159219635																																						
RABIF	259	0.10073376205474384	0.06560817360877991	0.1540591567023285																																						
RABL3	124	0.1072024346479298	0.10422850400209427	0.7403398363750787																																						
RABL6	121	0.3075995492854431	0.09099310636520386	0.6093140339836375																																						
RAC1	406	0.2927028367205567	0.054755572229623795	0.02592825676526117																																						
RAC2	277	0.07132303942091513	0.061702754348516464	0.09011957205789804																																						
RAC3	385	0.12306675495443158	0.07549148052930832	0.3548143486469478																																						
RACGAP1	95	0.2973154308893827	0.11105137318372726	0.786154814348647																																						
RAD17	295	0.17833726538893174	0.0671917125582695	0.1828823159219635																																						
ATXN7L1	165	0.16079962064431494	0.08294256776571274	0.4945248584015104																																						
RAD18	264	0.06387653208704168	0.06584997475147247	0.15758338577721837																																						
RAD1	165	0.11347725846845814	0.08159282803535461	0.4711139081183134																																						
RAD21	291	0.4042518932773869	0.19163157045841217	0.963373190685966																																						
RAD23A	200	0.15552208284991284	0.08188840001821518	0.47665198237885464																																						
RAD23B	97	0.3499405714059369	0.10992544144392014	0.7786028949024544																																						
RAD50	169	0.04052878383356348	0.07621201127767563	0.3696664568911265																																						
RAD51AP1	247	0.16333702492668428	0.06740456074476242	0.186784140969163																																						
RAD51C	95	0.08826150693200925	0.13206706941127777	0.8810572687224669																																						
RAD51D	362	0.07197905350162344	0.0537601038813591	0.02051604782882316																																						
ATXN7L3B	132	0.10261995562994727	0.08583909273147583	0.5373190685966016																																						
RAD51	244	0.33478018235397483	0.1078081950545311	0.7648835745752045																																						
RAD54B	263	0.08229806098430906	0.06409873813390732	0.12561359345500314																																						
RAD54L	219	0.03672686193066155	0.07094012200832367	0.25865324103209564																																						
RAD9A	113	0.1881987259180775	0.10190748423337936	0.7208307111390811																																						
RAE1	78	0.22025231750177665	0.1862776279449463	0.9598489616110761																																						
RAF1	135	0.4884017510058602	0.09119939804077148	0.611957205789805																																						
RAI14	153	0.24380727657300505	0.10783827304840088	0.7650094398993077																																						
RAI1	94	0.4425602086318734	0.11313772201538086	0.7978602894902455																																						
RALA	111	0.11157835704897877	0.10372474044561386	0.73568281938326																																						
RALBP1	224	0.17165589274615425	0.07349308580160141	0.31327879169288864																																						
RALGAPA1	307	0.2219833133605732	0.05880096182227135	0.055254877281309																																						
RALGAPB	227	0.10716436040666706	0.06843914836645126	0.20742605412208936																																						
RALGDS	246	0.45882650258982105	0.07884742319583893	0.4205160478288232																																						
RALGPS2	193	0.09388239259072248	0.07427026331424713	0.3283826305852738																																						
RALY	197	0.29895748338579625	0.0731448382139206	0.30471994965387034																																						
RANBP1	176	0.19492385316214927	0.09389282017946243	0.6424166142227816																																						
RANBP2	198	0.2546950759284789	0.07557274401187897	0.3569540591567023																																						
RANBP3	151	0.09851463651812048	0.11822560429573059	0.8251730648206419																																						
RANBP6	134	0.0	0.09170381724834442	0.6185022026431718																																						
RANBP9	261	0.363262914429586	0.06746629625558853	0.18779106356198869																																						
RANGAP1	123	0.15998233953149826	0.12807810306549072	0.8677155443675267																																						
RANGRF	161	0.2527023083590732	0.08190760761499405	0.4770295783511643																																						
ACADSB	216	0.05551161282807065	0.07230377197265625	0.28697293895531784																																						
RAP1A	406	0.051575955120441976	0.06071731820702553	0.07803650094398994																																						
RAP1B	171	0.2824142989317098	0.07705418765544891	0.3859030837004405																																						
RAP1GDS1	178	0.06262331768700571	0.07928457111120224	0.4298300818124607																																						
RAP2A	109	0.06276309379371729	0.09836545586585999	0.6882315921963499																																						
RAP2B	157	0.028435016030735394	0.08748169243335724	0.5622404027690371																																						
AUH	144	0.17965604289652806	0.08403919637203217	0.5123977344241661																																						
RAPGEF6	52	0.2792823703909793	0.17112766206264496	0.9478917558212713																																						
RARB	119	0.0	0.09766482561826706	0.6818124606670862	RAR																																					
RARS2	187	0.18243378562278076	0.15372225642204285	0.9281308999370673																																						
RARS	273	0.3918800054870243	0.18303479254245758	0.9568281938325991																																						
RASA1	261	0.27875186837370924	0.06272687017917633	0.10471994965387035																																						
AUNIP	262	0.1073918243113384	0.06463677436113358	0.13593455003146634																																						
RASA2	280	0.1519547784990445	0.06199999526143074	0.09515418502202644																																						
RASA3	287	0.20763463917199532	0.06496751308441162	0.14122089364380114																																						
RASGEF1A	277	0.0	0.06165402755141258	0.089490245437382																																						
RASGRP2	280	0.2900532069490939	0.06395018100738525	0.12322215229704217																																						
RASSF1	247	0.4509730483916119	0.08036786317825317	0.4487098804279421																																						
AUP1	238	0.28216399126296937	0.06873886287212372	0.21271239773442416																																						
RAX2	172	0.0	0.07618371397256851	0.36878539962240403																																						
RAX	266	0.0	0.06531237065792084	0.14826935179358086																																						
RB1CC1	207	0.1975515952522644	0.07256387174129486	0.2922592825676526																																						
RB1	433	0.11647153805507805	0.053868453949689865	0.02089364380113279	Cell Cycle							2.335283																														
RBAK	431	0.21498194307949373	0.05205278471112251	0.012964128382630585																																						
AURKAIP1	129	0.27350151129258904	0.10083621740341187	0.7087476400251731																																						
RBBP4	144	0.23590130035734602	0.12103317677974701	0.8381371932032725																																						
RBBP5	56	0.2640423064478981	0.21967078745365143	0.9763373190685966																																						
RBBP6	92	0.47350337965477707	0.19113585352897644	0.96274386406545																																						
RBBP7	136	0.3178162822904683	0.08542955666780472	0.5320327249842668																																						
RBBP8	161	0.1379738885271161	0.10457412153482437	0.743486469477659																																						
RBCK1	159	0.14732456531290625	0.08826744556427002	0.5729389553178099																																						
RBFA	196	0.10071906279052872	0.08902660012245178	0.5827564505978603																																						
RBL1	256	0.10295456003486793	0.07301140576601028	0.302076777847703																																						
RBL2	360	0.0894406270481647	0.05523208901286125	0.02869729389553178																																						
RBM10	255	0.043524618344245855	0.08589831739664078	0.5388294524858401																																						
RBM12B	133	0.17321062623875666	0.09319722652435303	0.636626809314034																																						
RBM12	149	0.2118979724267883	0.12642621994018555	0.8607929515418502																																						
RBM15B	183	0.3144657819237472	0.08228598535060883	0.48269351793580867																																						
RBM15	259	0.3516404165379808	0.10085603594779968	0.7089993706733795																																						
RBM17	124	0.12679254833518366	0.1535896509885788	0.9278791692888609																																						
RBM18	168	0.04111752338809031	0.09886349737644196	0.6920075519194462																																						
RBM19	77	0.16582489305174228	0.18169496953487396	0.9563247325361863																																						
RBM23	160	0.26759818556802106	0.08396803587675095	0.5116425424795469																																						
RBM26	168	0.1928861618557441	0.09071112424135208	0.605412208936438																																						
RBM27	146	0.0834513599494224	0.10060805827379227	0.7068596601636249																																						
AVEN	152	0.09386782161322484	0.08754723519086838	0.5634990560100692																																						
RBM33	188	0.1803644281442283	0.1293114423751831	0.871491504090623																																						
RBM34	206	0.2501661835368277	0.07568955421447754	0.35884203901825046																																						
RBM3	190	0.18718242409989225	0.07528206706047058	0.3510383889238515																																						
RBM41	118	0.33672015778494896	0.09686856716871262	0.6745122718691																																						
RBM42	86	0.3212452564555985	0.16185049712657928	0.9389553178099433																																						
RBM45	261	0.3191667622547953	0.06399057805538177	0.12385147891755821																																						
RBM48	82	0.24176123178859096	0.15457718074321747	0.9296412838263058																																						
RBM4B	199	0.30344307516813485	0.08127930760383606	0.46507237256135936																																						
AVL9	310	0.07962400141648887	0.06183940917253494	0.09276274386406545																																						
RBM4	237	0.26073999630902805	0.11007954180240631	0.7794839521711768																																						
RBM5	99	0.0762358094538382	0.10818354785442352	0.7676526117054752																																						
RBM6	187	0.1241085598777099	0.08525217324495316	0.5292636878539962																																						
RBM7	113	0.054037362043416866	0.11607769876718521	0.8139710509754563																																						
RBMX2	126	0.2052347065192337	0.17033596336841583	0.9470106985525488																																						
RBMXL1	132	0.11485017561729252	0.08994892239570618	0.5949653870358717																																						
RBMX	92	0.4630688143632968	0.13464076817035675	0.8891126494650724																																						
RBP5	169	0.0	0.08336310088634491	0.502076777847703																																						
AVPI1	201	0.0	0.07142003625631332	0.26884833228445565																																						
RBPJ	123	0.3336877075268769	0.09243807196617126	0.62706104468219	Notch																							11.112805														
RBPMS2	329	0.0957560857912525	0.05759021267294884	0.04543738200125865																																						
RC3H1	72	0.2963672510962218	0.1279134601354599	0.8670862177470107																																						
RC3H2	166	0.06401345047199389	0.08495480567216873	0.5246066708621775																																						
RCBTB2	372	0.3293176109492294	0.05284246802330017	0.016488357457520454																																						
AXIN1	124	0.46900489488364505	0.09787628799676895	0.6834487098804279																																						
ACADS	103	0.0676858152002043	0.09666283428668976	0.6727501573316551																																						
RCC2	191	0.2745965216680641	0.0753483772277832	0.3519194461925739																																						
RCE1	271	0.28438116077905645	0.06208372488617897	0.09653870358716174																																						
RCHY1	251	0.054899499027672834	0.06679186969995499	0.1748269351793581	p53																																					1.2543284
RCL1	107	0.18902566839439486	0.244553804397583	0.9853996224040277																																						
RCN1	610	0.06613966967941844	0.047862034291028976	0.006041535556954059																																						
RCN2	144	0.05757312678505176	0.08254922926425934	0.4869729389553178																																						
RCN3	235	0.4962185877811234	0.0648810938000679	0.14021397105097547																																						
AXL	236	0.06783403574394012	0.07001364976167679	0.23977344241661422																																						
RCOR3	98	0.1972058046086334	0.10874183475971222	0.7715544367526747																																						
RCSD1	282	0.04293234844067256	0.06235890090465546	0.09943360604153556																																						
RDH11	202	0.03798358071112394	0.07814913243055344	0.40818124606670864																																						
RDH13	312	0.24863749677108016	0.05581468716263771	0.03134046570169918																																						
RDX	303	0.12327014668989543	0.058829497545957565	0.055506607929515416																																						
RECQL4	365	0.1871263543189804	0.06671857088804245	0.173568281938326																																						
AZI2	159	0.2881744640669405	0.08247478306293488	0.4855884203901825																																						
RECQL5	94	0.207210355617526	0.113169826567173	0.7983637507866582																																						
RECQL	134	0.12604843262965415	0.09240197390317917	0.6266834487098805																																						
REEP3	184	0.15326114222610518	0.08765159547328949	0.5648835745752046																																						
REEP4	187	0.13008941545956035	0.07526293396949768	0.35078665827564504																																						
REEP5	284	0.18915341603228347	0.07684243470430374	0.38187539332913784																																						
REEP6	144	0.050030320184722726	0.08860459178686142	0.5777218376337319																																						
RELA	185	0.2952715540638139	0.07305371016263962	0.30232850849590936	ERK/MAPK;NF-κB;cGAS-STING										2.8000286									3.0334053																2.3068886		
RELB	451	0.0	0.04890351742506027	0.007300188797986155	ERK/MAPK;NF-κB										0.8108215									0.9434225																		
RELL2	55	0.20247173868920496	0.1735120415687561	0.949528005034613																																						
RELN	194	0.04203223666020154	0.07221373170614243	0.28470736312146006																																						
RELT	192	0.3794815489207013	0.07493430376052856	0.3432347388294525																																						
REL	169	0.2274491312053126	0.07834240049123764	0.41145374449339206																																						
RENBP	272	0.14212679325487454	0.062065161764621735	0.09616110761485211																																						
REPIN1	317	0.06287011773910017	0.06014276295900345	0.07199496538703587																																						
REPS1	177	0.0873340190307883	0.0817745253443718	0.4747640025173065																																						
RER1	116	0.27687271893616994	0.10877743363380432	0.7724354940213971																																						
REST	311	0.23925044693486586	0.08030282706022263	0.4469477658904972																																						
RETSAT	129	0.052784212186778236	0.0931549072265625	0.6362492133417244																																						
REV1	147	0.1546386308135887	0.09011112153530121	0.5968533668974197																																						
REV3L	217	0.3622523668738202	0.06736317276954651	0.18577721837633732																																						
REXO2	98	0.05969053617091472	0.18120095133781433	0.9558212712397735																																						
REXO4	99	0.16417001225394956	0.10735564678907394	0.7616110761485211																																						
RFC1	160	0.4685674897044784	0.11170011758804321	0.7895531780994336																																						
RFC2	133	0.08795705041185073	0.1494966596364975	0.9208307111390812																																						
RFC3	113	0.08022564051335279	0.1962965428829193	0.9662680931403398																																						
RFC4	113	0.1813218542161876	0.12954092025756836	0.8722466960352423																																						
RFC5	145	0.14950580521592574	0.12692540884017944	0.8623033354310887																																						
RFESD	298	0.09474938184562214	0.06107869744300842	0.08269351793580869																																						
RFNG	172	0.3530045284119914	0.08567493408918381	0.5355569540591567																																						
RFT1	244	0.09827617484278768	0.07937314361333847	0.43058527375707994																																						
COP1	72	0.2398150893530575	0.14175431430339813	0.9066079295154185	p53																																					1.1203234
RFWD3	64	0.035548547298431384	0.12953409552574158	0.8719949653870359																																						
RFX1	181	0.15092275913390368	0.08273843675851822	0.490119572057898																																						
RFX2	151	0.3218296047083034	0.08070714771747589	0.4550031466331026																																						
B3GALNT2	185	0.16174024891853925	0.07882050424814224	0.4200125865324103																																						
RFX3	157	0.0	0.08417718857526779	0.5146633102580239																																						
RFX4	155	0.0	0.08963687717914581	0.5913152926368785																																						
RFX5	163	0.0	0.08209522813558578	0.47992448080553807																																						
RFX7	112	0.0	0.09706004709005356	0.6767778477029578																																						
RFXANK	133	0.06035368226436445	0.08707019686698914	0.5559471365638766																																						
RFXAP	174	0.11018662518182593	0.08036687970161438	0.4485840151038389																																						
RGCC	207	0.14285533000334133	0.07419785112142563	0.3275015733165513																																						
RGL2	204	0.16820385867655854	0.07272998243570328	0.2950283196979232																																						
B3GALT6	261	0.08581165297101677	0.06520269811153412	0.14650723725613593																																						
RGPD6	466	0.0	0.05316357687115669	0.01787287602265576																																						
RGS10	342	0.26507874204279713	0.05971796438097954	0.06620516047828823																																						
RGS16	230	0.02904018090004507	0.06523491442203522	0.1472624292007552																																						
RGS19	169	0.15941224084520714	0.07962463796138763	0.43499056010069226																																						
RGS20	297	0.021059526818164826	0.07096945494413376	0.2592825676526117																																						
B3GAT3	213	0.13131251482632705	0.07203525304794312	0.281686595342983																																						
RHAG	98	0.017461371577239967	0.09957253932952881	0.6981749528005035																																						
RHBDD1	326	0.09484918358601284	0.05954180285334587	0.0645689112649465																																						
RHBDD2	387	0.06430923899917063	0.05377016216516495	0.020641913152926367																																						
RHBDD3	244	0.06278239149373581	0.0719655379652977	0.2801762114537445																																						
RHCE	270	0.4989127471559906	0.0667937770485878	0.1749528005034613																																						
RHD	233	0.0	0.07018928974866867	0.24279421019509126																																						
RHEBL1	68	0.0865315618422143	0.12930770218372345	0.8713656387665198																																						
RHEB	67	0.12685628577081434	0.15086832642555237	0.9232221522970422	mTOR																																				1.4510392	
RHNO1	147	0.1640041575115945	0.08373702317476273	0.5083700440528635																																						
RHOA	119	0.1450759808831806	0.09210735559463501	0.6239144115796098																																						
B3GNT2	163	0.14553307431934293	0.08397780358791351	0.5117684078036501																																						
RHOBTB1	167	0.4163256006873423	0.0835895761847496	0.5064820641913153																																						
RHOBTB3	152	0.10450731354195228	0.08530143648386002	0.5300188797986155																																						
RHOC	235	0.1253471288327509	0.06777572631835938	0.19433606041535556																																						
RHOH	96	0.4336681313671463	0.10331153869628906	0.7334172435494022																																						
RHOQ	563	0.39905205139951055	0.04926389455795288	0.008181246066708621																																						
RHOT1	322	0.2324139967357278	0.059812016785144806	0.06758967904342354																																						
RHOT2	382	0.17444488202344255	0.05618029087781906	0.032724984266834484																																						
RHOXF1	245	0.0	0.06496787816286087	0.14134675896790433																																						
RHOXF2B	143	0.037679970517010684	0.09902644902467728	0.6933920704845815																																						
ACADVL	268	0.04692106866081918	0.06127652898430824	0.08495909376966645																																						
RHOXF2	87	0.2399661574791852	0.12328783422708511	0.8470736312146003																																						
RHPN1	572	0.14782301400531134	0.043228767812252045	0.002013845185651353																																						
RIC8A	312	0.047195566664328566	0.061557039618492126	0.0882315921963499																																						
RICTOR	172	0.14058700959508966	0.09407171607017517	0.6441787287602265																																						
RIF1	192	0.028200165664566606	0.09360729902982712	0.6397734424166143																																						
RILPL2	219	0.09519201862649287	0.08390574902296066	0.510509754562618																																						
RILP	171	0.13942805356344165	0.07817572355270386	0.40868470736312146																																						
RIMKLB	124	0.11493224315035168	0.09128841012716293	0.6130899937067338																																						
RING1	256	0.1597103836590983	0.06753625720739365	0.189175582127124																																						
RINT1	223	0.09316949963553199	0.12381289154291153	0.8497168030207678																																						
RIOK1	246	0.4343985877913725	0.19230297207832336	0.9642542479546885																																						
RIOK2	98	0.1135687681399061	0.291059672832489	0.9934550031466332																																						
RIOK3	116	0.1257370925269234	0.09753547608852386	0.6801762114537445																																						
RIT1	105	0.07613333496811353	0.1034439355134964	0.7340465701699181																																						
RLF	156	0.13985846816663813	0.09720654785633087	0.6780365009439899																																						
RLIM	178	0.3180053227915193	0.0769532173871994	0.38401510383889237																																						
RMDN1	180	0.05088476290732282	0.07780254632234573	0.40062932662051604																																						
RMDN3	128	0.0	0.11277350038290024	0.7950912523599748																																						
RMI1	354	0.1076586626112506	0.0682019293308258	0.20213971050975457																																						
RMI2	218	0.1969280496541455	0.08497355878353119	0.5252359974826936																																						
RMND1	112	0.0	0.10626356303691864	0.7546884833228445																																						
RMND5B	271	0.15969302451230705	0.0650835633277893	0.14373820012586533																																						
RNASE1	79	0.0	0.12060161679983139	0.8357457520453115																																						
RNASEH1	78	0.2697328071969958	0.14724057912826538	0.9166771554436752																																						
RNASEH2A	166	0.19989360123619096	0.08463805913925171	0.5199496538703587																																						
RNASEH2B	94	0.14129747906950618	0.11529311537742615	0.8095657646318439																																						
RNASEH2C	213	0.1071399356630072	0.08770036697387695	0.5656387665198238																																						
RNASET2	113	0.11075090358946084	0.09874328225851059	0.6915040906230333																																						
RND2	75	0.0	0.11598905920982361	0.8129641283826305																																						
RNF103	249	0.0	0.06651828438043594	0.1697923222152297																																						
RNF10	281	0.14144772558348587	0.06484945863485336	0.13971050975456262																																						
RNF111	298	0.16780360877209655	0.0605388805270195	0.07602265575833858																																						
RNF113A	87	0.2334962814056773	0.14282789826393127	0.9092511013215859																																						
RNF114	265	0.16092871557224867	0.06587914377450943	0.1578351164254248																																						
RNF115	228	0.08687908358918714	0.06840639561414719	0.20692259282567652																																						
RNF11	290	0.22287950044367694	0.07348703593015671	0.3130270610446822																																						
RNF121	165	0.2278046284078072	0.07922179251909256	0.4281938325991189																																						
RNF123	355	0.2059825452263891	0.055990032851696014	0.032095657646318436																																						
RNF125	233	0.1181112986544349	0.06905337423086166	0.21787287602265576																																						
RNF126	230	0.14993455259617755	0.07462291419506073	0.33631214600377596																																						
RNF130	177	0.11619370312754318	0.07681775838136673	0.38137193203272496																																						
RNF139	352	0.4217645494558844	0.05690862983465195	0.03977344241661422																																						
RNF13	211	0.03854212798533335	0.06887297332286835	0.21522970421648835																																						
B4GALT1	140	0.12992065931838442	0.09920664131641388	0.6952800503461296																																						
RNF141	314	0.16327373943732976	0.05950617790222168	0.06419131529263687																																						
RNF145	175	0.10785316579139123	0.08047696202993393	0.45034612964128384																																						
RNF146	247	0.0665378503668329	0.08135446161031723	0.46633102580239144																																						
RNF149	75	0.05483653628427984	0.11861617863178253	0.8268093140339836																																						
RNF14	513	0.10469956113241898	0.04952909052371979	0.00843297671491504																																						
RNF157	237	0.20818097536165786	0.08068045228719711	0.4543738200125865																																						
RNF166	241	0.4563557599530143	0.0735306367278099	0.3146633102580239																																						
B4GALT2	219	0.29344648029947124	0.06789986044168472	0.19697923222152297																																						
RNF167	112	0.24966109000402	0.10863656550645828	0.7704216488357457																																						
RNF168	168	0.3361182163983425	0.08204517513513565	0.4790434235368156																																						
RNF169	161	0.14128538373847155	0.0842653140425682	0.5155443675267464																																						
RNF170	435	0.22435637854151724	0.04906678572297096	0.007929515418502203																																						
RNF181	267	0.06874207734879244	0.0640203207731247	0.12435494021397105																																						
RNF187	184	0.06369483106270869	0.0792551264166832	0.4293266205160478																																						
B4GALT3	173	0.12669918592782514	0.08961237967014313	0.5911894273127754																																						
RNF19A	242	0.05152051452674866	0.06959217041730881	0.23171806167400882																																						
RNF19B	340	0.13448908567436066	0.06117618456482887	0.08344870988042795																																						
RNF207	366	0.3509815599739767	0.05488022416830063	0.026809314033983636																																						
RNF20	99	0.17917755196592014	0.22362031042575836	0.9778477029578351																																						
RNF213	164	0.031858540322469465	0.08025229722261429	0.4458149779735683																																						
RNF214	189	0.08165324291589805	0.08059420436620712	0.45298930144745125																																						
RNF216	349	0.16498332668680005	0.05627743899822235	0.033480176211453744																																						
B4GALT4	287	0.05423760451114826	0.061399731785058975	0.0868470736312146																																						
RNF217	254	0.27200868795454985	0.06326610594987869	0.11277533039647578																																						
OBI1	138	0.07467477028190726	0.08894669264554977	0.5821271239773442																																						
RNF24	79	0.014973437695619572	0.11304157227277756	0.7972309628697294																																						
RNF26	72	0.048674465093837715	0.12397397309541702	0.8502202643171806																																						
RNF2	114	0.13081235206059774	0.09355179965496063	0.6388923851478917																																						
RNF31	178	0.3187155275567015	0.15565025806427002	0.9317809943360604																																						
B4GALT5	179	0.181662634678728	0.08696405589580536	0.5544367526746381																																						
RNF40	273	0.2740363944156464	0.12597762048244476	0.8584015103838892																																						
RNF41	257	0.07784524979593674	0.07158878445625305	0.2721208307111391																																						
RNF5	119	0.10134216317937483	0.0931239128112793	0.6356198867212083																																						
RNF6	138	0.2283756480987737	0.08776804804801941	0.5666456891126495																																						
RNF7	188	0.11373287886830295	0.07945164293050766	0.43234738829452485																																						
RNF8	352	0.16121125890397586	0.05483604967594147	0.02655758338577722																																						
RNFT1	164	0.14471856439779873	0.09070848673582077	0.6052863436123348																																						
B4GALT7	146	0.046842611197456606	0.08482623845338821	0.5233480176211454																																						
ACAP2	160	0.15616541799702915	0.07679697126150131	0.38099433606041533																																						
RNGTT	208	0.21149080021846867	0.11596783995628357	0.8127123977344242																																						
RNH1	189	0.2042182326273045	0.07440244406461716	0.33102580239144114																																						
MRM3	225	0.2737240387907747	0.06886368244886398	0.21510383889238516																																						
RNMT	208	0.14408638438434873	0.18614791333675385	0.9595972309628698																																						
RNPC3	90	0.37446718256832173	0.15024660527706146	0.9218376337319069																																						
RNPEPL1	104	0.21254560123014213	0.10390220582485199	0.7373190685966017																																						
RNPEP	252	0.09055714890776408	0.06667137145996094	0.17230962869729388																																						
ROCK1	170	0.18479306400234288	0.08289415389299393	0.4932662051604783																																						
ROCK2	153	0.2675791488681177	0.08475011587142944	0.5223410950283197																																						
ROGDI	238	0.05656075393881889	0.07130592316389084	0.2668344870988043																																						
ROMO1	149	0.21182235513937495	0.17721618711948395	0.95254877281309																																						
ROR2	195	0.3011251852910162	0.07473558932542801	0.33870358716173693	Wnt																																	0.043032866				
RORA	128	0.0	0.10021156072616577	0.7040906230333543	Circadian								0.082134694																													
RORB	117	0.0	0.09498558938503265	0.6548772813089994	Circadian								0.26158485																													
RORC	157	0.0	0.0816546157002449	0.4722466960352423	Circadian								0.10458156																													
RPA2	117	0.3843538792016852	0.13060960173606873	0.8755191944619257																																						
B9D2	94	0.1552785743979712	0.10366278141736984	0.7351793580868471																																						
RPA3	101	0.38973897169357	0.12898431718349457	0.8707363121460038																																						
RPAIN	146	0.19916858596813772	0.09840508550405502	0.6889867841409691																																						
RPAP1	75	0.3233068969318376	0.2307954877614975	0.9807426054122089																																						
RPAP2	152	0.35819330021938744	0.22357240319252014	0.9775959723096287																																						
RPE	206	0.08676793130094004	0.07356276363134384	0.31529263687854																																						
RPF1	57	0.2378490038984009	0.21831342577934265	0.9758338577721838																																						
RPGRIP1L	150	0.0	0.08240963518619537	0.48470736312146																																						
RPGR	178	0.32003532917876165	0.07636424899101257	0.3726872246696035																																						
BABAM1	171	0.12588756010355803	0.07888064533472061	0.42139710509754563																																						
RPIA	303	0.11554903033436108	0.07449284195899963	0.3327879169288861																																						
RPL10A	116	0.36927539936347403	0.2499045729637146	0.9869100062932662																																						
RPL10	143	0.4520171812189696	0.1957828849554062	0.9661422278162366																																						
RPL14	64	0.4008500881762956	0.30609408020973206	0.994587791063562																																						
BACH1	192	0.1632488637956283	0.07850164920091629	0.41422278162366266																																						
RPL18A	56	0.4411160387008122	0.19482816755771637	0.9656387665198238																																						
RPL19	117	0.3742176185088679	0.22044876217842102	0.9768407803650094																																						
RPL22L1	226	0.11044779978780203	0.08619196712970734	0.5418502202643172																																						
BACH2	318	0.3120310277208101	0.0593392550945282	0.06142227816236627																																						
RPL23	132	0.4472075895173089	0.26467812061309814	0.9910635619886721																																						
RPL24	189	0.27281248440830325	0.2731063961982727	0.9919446192573946																																						
RPL26L1	315	0.05661610115110492	0.062076207250356674	0.09641283826305853																																						
RPL26	87	0.2809627740412171	0.26096394658088684	0.9900566393958464																																						
RPL28	106	0.19438218436175786	0.13096997141838074	0.8765261170547514																																						
RPL29	142	0.08557659930599898	0.126952663064003	0.8624292007551919																																						
RPL30	161	0.3858551624438685	0.18606165051460266	0.9593455003146633																																						
RPL31	118	0.3971383546985845	0.21067820489406586	0.9725613593455004																																						
BAD	361	0.028441197410133106	0.05815619230270386	0.05009439899307741																																						
RPL36AL	313	0.1092116600419235	0.061362721025943756	0.08659534298300818																																						
RPL36A	104	0.19102697558089013	0.13480740785598755	0.8896161107614852																																						
RPL36	86	0.3134862058196793	0.3018283247947693	0.9942101950912524																																						
RPL37	277	0.4484432916656031	0.13103900849819183	0.8770295783511642																																						
RPL38	82	0.3476975443244327	0.24980859458446503	0.9866582756450598																																						
BAG1	196	0.13688211674938405	0.07964465022087097	0.4353681560730019																																						
RPL39L	231	0.08171684507486103	0.06758873909711838	0.1908118313404657																																						
RPL41	93	0.0608570819448435	0.11921777576208115	0.8299559471365638																																						
RPL6	90	0.4684184000039779	0.2543744146823883	0.9879169288860918																																						
BAG2	93	0.17561916046693146	0.11452430486679077	0.8055380742605412																																						
RPLP1	97	0.3278858140076396	0.1490359604358673	0.9199496538703588																																						
RPLP2	179	0.339891449359204	0.14918501675128937	0.9202013845185651																																						
RPN1	103	0.16096723032967458	0.12680684030056	0.8617998741346758																																						
RPN2	191	0.21254282375192807	0.07952581346035004	0.43335431088735055																																						
RPP14	87	0.16654804926616534	0.22386591136455536	0.9779735682819384																																						
RPP21	111	0.1441724116364011	0.146677628159523	0.915921963499056																																						
RPP25L	63	0.04565597272729685	0.13340483605861664	0.8850849590937697																																						
BAG3	333	0.12151725389403906	0.05953964963555336	0.0644430459408433																																						
RPP25	219	0.021115105181391758	0.0712277740240097	0.2648206419131529																																						
RPP30	101	0.128174626989525	0.25495973229408264	0.9881686595342983																																						
RPP38	58	0.33957654128589404	0.19163914024829865	0.9634990560100692																																						
RPRD1A	87	0.1963520255242966	0.1464908868074417	0.9151667715544367																																						
RPRD1B	64	0.12010956975299845	0.1791965216398239	0.953807426054122																																						
RPRD2	105	0.4359281313414709	0.12575368583202362	0.85764631843927																																						
RPS10	70	0.27488910176360243	0.2339155673980713	0.9820012586532411																																						
RPS11	115	0.3334339120925255	0.25364813208580017	0.9876651982378855																																						
BAG4	161	0.20264199153297055	0.08536490797996521	0.5312775330396475																																						
ACAP3	179	0.34151759629668793	0.07688019424676895	0.3828823159219635																																						
RPS12	261	0.4577059063712144	0.17976073920726776	0.9541850220264317																																						
RPS14	93	0.4627420639919332	0.17576055228710175	0.9514159848961611																																						
RPS19BP1	60	0.17859353137031478	0.2608311176300049	0.9899307740717432																																						
RPS19	160	0.22870508650405955	0.2596590518951416	0.9896790434235369																																						
BAG5	78	0.3186276366884551	0.12219492346048355	0.8435494021397105																																						
RPS21	94	0.3437405643742464	0.17675912380218506	0.9522970421648835																																						
RPS24	89	0.3879357507766956	0.3149673044681549	0.9953429830081812																																						
RPS25	75	0.31496743297809376	0.1282692849636078	0.8682190056639396																																						
RPS27L	139	0.09945068613342872	0.0874193012714386	0.5613593455003146																																						
RPS27	87	0.41527761518677503	0.20696572959423065	0.971176840780365																																						
RPS28	202	0.4947085124321591	0.15076716244220734	0.9229704216488357																																						
BAG6	199	0.22211419728402068	0.11021938174962997	0.7804908747640025																																						
RPS2	78	0.34865442960638715	0.23952998220920563	0.9841409691629956																																						
RPS3	111	0.30509093082609146	0.25495028495788574	0.9880427942101951																																						
RPS4X	63	0.21025897004160266	0.3182424306869507	0.9958464443045941																																						
RPS6KA3	434	0.3004599829436881	0.05391291156411171	0.021271239773442415																																						
RPS6KA4	204	0.1901968537582019	0.0712287649512291	0.26494650723725616																																						
RPS6KB1	146	0.04350351708716838	0.10118351131677628	0.7121460037759597	mTOR																																				1.6848048	
RPS6KC1	118	0.11998921177079018	0.09314623475074768	0.635997482693518																																						
RPS6KL1	264	0.2367836271868683	0.06421848386526108	0.12800503461296414																																						
RPS6	58	0.16311841257656015	0.38938385248184204	0.9981120201384519																																						
RPS7	125	0.4703052837396919	0.18502622842788696	0.9587161736941473																																						
BAHD1	316	0.13392222885423594	0.06291329860687256	0.10748898678414097																																						
RPSA	109	0.43568792446868776	0.1868581920862198	0.9602265575833858																																						
RPTOR	105	0.170522813998918	0.19316302239894867	0.9648835745752046	mTOR																																				3.049936	
RPUSD1	259	0.12257003358504183	0.07278933376073837	0.29641283826305853																																						
RPUSD2	160	0.10555391908125174	0.08210185170173645	0.4801762114537445																																						
RPUSD3	254	0.11390124808375555	0.08017300814390182	0.4448080553807426																																						
RPUSD4	181	0.06024565577698415	0.11286963522434235	0.7957205789804909																																						
CNOT9	231	0.19309498211965287	0.11329373717308044	0.7986154814348647																																						
RRAGA	66	0.3087110915207121	0.1410702019929886	0.9054751415984896																																						
RRAGB	89	0.15245963663333367	0.11297552287578583	0.7966016362492133																																						
BAIAP2L1	193	0.12214185511910836	0.07764141261577606	0.3986154814348647																																						
RRAGC	362	0.22453179675963966	0.058951251208782196	0.057016991818753936																																						
RRAGD	246	0.1316648378478307	0.06732869893312454	0.18527375707992447																																						
RRAS2	197	0.07791705320623217	0.07891081273555756	0.42177470106985526																																						
RRAS	188	0.32246268003177475	0.07588929682970047	0.36211453744493394																																						
RRBP1	188	0.07280254341078764	0.07552608102560043	0.3554436752674638																																						
RRM2B	265	0.14369655160610434	0.06337273120880127	0.11466331025802391																																						
BAIAP2	363	0.21234789115655234	0.05358860269188881	0.019760855884203902																																						
RRNAD1	151	0.3611571447297775	0.09518586099147797	0.65764631843927																																						
RRP12	87	0.14749939061844722	0.3149966597557068	0.9954688483322844																																						
RRP1B	125	0.10607881976665223	0.09064003825187683	0.6040276903713027																																						
RRP1	112	0.17308374402940194	0.15279829502105713	0.9269981120201385																																						
RRP36	61	0.22045173614344046	0.1912449151277542	0.9628697293895532																																						
RRP7A	70	0.21296554418926364	0.24517697095870972	0.9856513530522341																																						
RRP8	215	0.06746567218265491	0.07314792275428772	0.3049716803020768																																						
RRP9	185	0.24109085142526404	0.16921775043010712	0.9456261799874135																																						
RRS1	67	0.21719182941239207	0.26361387968063354	0.9908118313404657																																						
BAK1	92	0.1610222844974646	0.12211659550666809	0.8426683448709881																																						
RSAD1	205	0.11728733359722145	0.08334852010011673	0.5016991818753933																																						
RSBN1L	154	0.36439422220993933	0.09429403394460678	0.6465701699181875																																						
RSBN1	166	0.09361760428179017	0.08164583146572113	0.4719949653870359																																						
RSF1	68	0.3884086841860357	0.12287658452987671	0.8456891126494651																																						
RSL24D1	78	0.4075171104527037	0.19713258743286133	0.9666456891126495																																						
RSPRY1	139	0.08425088112183039	0.08950496464967728	0.5893014474512271																																						
RSRC1	69	0.16029948799123844	0.1335131973028183	0.8854625550660793																																						
RSRC2	167	0.21153467626087374	0.10127334296703339	0.7126494650723726																																						
RTCA	144	0.08658905164013775	0.08582004904747009	0.5371932032724984																																						
RTCB	298	0.053596798912376016	0.14226238429546356	0.9077407174323474																																						
RTEL1	424	0.2509366998521299	0.06009421497583389	0.07161736941472624																																						
RTF2	175	0.1998746038416554	0.08363454788923264	0.5069855254877281																																						
RTKN2	86	0.0	0.11417032033205032	0.8028949024543738																																						
RTN2	125	0.05662196652489966	0.09759007394313812	0.6809314033983638																																						
BANF1	287	0.4109227933374882	0.06297877430915833	0.10824417872876023																																						
RTN3	112	0.02541421824208848	0.09617558866739273	0.6673379483952171																																						
RTN4IP1	144	0.18662852321074047	0.08376794308423996	0.5088735053492762																																						
RUFY1	164	0.3717817967004665	0.08660173416137695	0.5487728130899937																																						
RUFY2	190	0.26286333801763273	0.07437611371278763	0.3302706104468219																																						
RUFY3	277	0.2004150681424512	0.06542810797691345	0.150157331655129																																						
RUNDC1	164	0.17357430107741378	0.08921703696250916	0.5847702957835117																																						
ACAT1	213	0.17266438141297236	0.06929121166467667	0.22378854625550662																																						
RUNX3	153	0.0	0.08647633343935013	0.5463813719320327																																						
RUSC1	158	0.1126696360774709	0.08336766809225082	0.5022026431718062																																						
RUVBL1	67	0.3620930337692234	0.25385215878486633	0.9877910635619886																																						
RWDD1	181	0.06656308380657308	0.0782153457403183	0.4094398993077407																																						
BAP1	371	0.12331983205577232	0.13889043033123016	0.8995594713656387																																						
RWDD2B	136	0.054254235453651226	0.08593380451202393	0.5389553178099433																																						
RWDD3	60	0.09607011884993444	0.13566623628139496	0.8912523599748269																																						
RWDD4	204	0.2325803872926848	0.07877670228481293	0.4196349905601007																																						
RXRB	116	0.17673853236214782	0.0951056033372879	0.657016991818754																																						
RYK	298	0.13702160894913898	0.06006672978401184	0.07123977344241661	Wnt																																	0.5477618				
S100A10	163	0.0114581690489072	0.0803605169057846	0.4484581497797357																																						
BARD1	328	0.0937806446159902	0.05821969732642174	0.05047199496538703																																						
S100A11	199	0.0591431795102415	0.07787682861089706	0.4026431718061674																																						
S100A13	230	0.11622559227056957	0.0710885152220726	0.26230333543108875																																						
S100A1	251	0.17717345500269613	0.19007757306098938	0.9617369414726243																																						
S100A4	261	0.021547718872961304	0.06950163841247559	0.22920075519194463																																						
S100A6	111	0.0	0.0989089384675026	0.6925110132158591																																						
S100PBP	118	0.09347661313127786	0.1055251732468605	0.7492762743864065																																						
SAAL1	186	0.08242765970213205	0.07793525606393814	0.40427942101950914																																						
SAC3D1	132	0.4704323000584806	0.08715848624706268	0.5578351164254248																																						
SACM1L	240	0.16024945705300467	0.09822872281074524	0.6868470736312146																																						
SAE1	99	0.15361520832366074	0.193130761384964	0.9647577092511013																																						
SAFB2	178	0.30377456032431943	0.0975535437464714	0.6803020767778477																																						
SAFB	112	0.12143386060722297	0.11067163944244385	0.7841409691629956																																						
SAGE1	160	0.0	0.08523997664451599	0.529137822529893																																						
SALL2	254	0.021377427433146388	0.06535051017999649	0.14915040906230334																																						
BARHL2	193	0.0	0.07589451223611832	0.36224040276903713																																						
SALL4	67	0.0	0.12631802260875702	0.8602894902454373																																						
SAMD4B	176	0.27494934941114435	0.13200893998146057	0.8808055380742605																																						
SAMHD1	205	0.09406931128871172	0.07606621831655502	0.3662680931403398	cGAS-STING																																			0.027416216		
SAMM50	103	0.12331318381413045	0.23793894052505493	0.9833857772183764																																						
SAMSN1	128	0.06490230480624767	0.0885261669754982	0.576589049716803																																						
SAP18	88	0.3967470402644541	0.19285732507705688	0.9643801132787917																																						
SAP30BP	97	0.3648574555394607	0.12172914296388626	0.8411579609817496																																						
BARX1	119	0.0	0.09479951113462448	0.6521082441787288																																						
SAP30L	149	0.3296284671699073	0.08683329820632935	0.5516677155443676																																						
SAPCD2	375	0.09980253480507252	0.05316966027021408	0.018124606670862176																																						
SAR1A	185	0.35078453133600346	0.07580788433551788	0.3606041535556954																																						
SAR1B	251	0.1297153432108113	0.06322220712900162	0.11164254247954689																																						
SARNP	185	0.1154533901979536	0.08335882425308228	0.5019509125235998																																						
SARS2	317	0.21628186636604055	0.08245835453271866	0.48508495909376964																																						
SART3	137	0.2587293367797261	0.1584903746843338	0.9346758967904343																																						
BARX2	135	0.0	0.08729731291532516	0.5601006922592826																																						
SASS6	129	0.10505522033506116	0.1029762402176857	0.7303964757709251																																						
SAT1	303	0.09423313558442596	0.058830950409173965	0.05563247325361863																																						
SAT2	89	0.11548090483643897	0.11014146357774734	0.7798615481434865																																						
SATB2	355	0.3436954303992493	0.05732735991477966	0.04304594084329767																																						
SAV1	117	0.4820558460667525	0.091790571808815	0.6195091252359974																																						
SAYSD1	134	0.0	0.08945251256227493	0.5881686595342983																																						
SBDS	261	0.17373985130220526	0.06492004543542862	0.1405915670232851																																						
BATF2	196	0.0	0.07297059148550034	0.30069225928256765																																						
SBNO1	414	0.3317699910243401	0.08381714671850204	0.5093769666456891																																						
SC5D	181	0.11867915870669242	0.07751490920782089	0.3958464443045941																																						
SCAF11	167	0.3345760102389307	0.08807123452425003	0.5707992448080553																																						
SCAF1	146	0.3851133027543061	0.10028011351823807	0.7047199496538703																																						
SCAF4	254	0.2316981938216264	0.07970525324344635	0.43738200125865323																																						
SCAF8	181	0.07224100293555959	0.09606139361858368	0.6659534298300818																																						
SCAI	258	0.413190739645498	0.06453831493854523	0.1342983008181246																																						
BATF3	194	0.3176166753990157	0.07376202940940857	0.31932032724984266																																						
SCAMP3	203	0.07004396894591113	0.07267492264509201	0.29402139710509756																																						
SCAMP4	153	0.045538232046528966	0.08321507275104523	0.4994336060415356																																						
SCAND1	318	0.1824537037552305	0.057793423533439636	0.04657016991818754																																						
SCAPER	74	0.0	0.12027774006128311	0.8346129641283826																																						
SCAP	334	0.184404333465256	0.07139528542757034	0.26834487098804277	SREBP																											22.54021										
SCARB1	218	0.11354252290940267	0.07364299148321152	0.3169288860918817																																						
SCARB2	308	0.06561128180670052	0.06144364923238754	0.08697293895531781																																						
SCCPDH	209	0.030019349513604587	0.07596928626298904	0.36362492133417246																																						
BATF	235	0.0	0.07471734285354614	0.3383259911894273																																						
SCFD2	141	0.0	0.08917266875505447	0.5841409691629956																																						
SCG3	74	0.0	0.11910316348075867	0.8292007551919446																																						
SCIN	133	0.0	0.08773955702781677	0.5661422278162366																																						
SCLT1	210	0.10228628898024407	0.07080978155136108	0.2553807426054122																																						
SCLY	184	0.19341444751333667	0.08473954349756241	0.5222152297042165																																						
BAX	382	0.11104918529248377	0.05185548588633537	0.012838263058527376	p53																																					0.9400787
ACAT2	152	0.16790476635003115	0.09130753576755524	0.613215859030837																																						
SCML4	132	0.0	0.09048423171043396	0.6020138451856514																																						
SCNM1	337	0.1801254599637029	0.055516473948955536	0.030081812460667087																																						
SCO1	202	0.10740440225150427	0.08349797874689102	0.5048458149779735																																						
SCOC	275	0.037686374274699286	0.06884413212537766	0.21472624292007553																																						
SCRIB	175	0.10870405168018916	0.08496305346488953	0.5249842668344871	Hippo														0.7645612																							
SCRN2	293	0.2077528376714453	0.059346526861190796	0.06167400881057269																																						
SCRN3	109	0.2815539510652073	0.09628306329250336	0.6683448709880428																																						
SCRT1	234	0.0	0.06785383075475693	0.1960981749528005																																						
BAZ1A	202	0.22579757760550026	0.07834985107183456	0.4118313404657017																																						
SCRT2	240	0.28138740666326656	0.06941527128219604	0.226431718061674																																						
SCYL1	127	0.10693751199017436	0.12003735452890396	0.8332284455632474																																						
SCYL2	275	0.11721912352311795	0.08016280829906464	0.4446821900566394																																						
SDAD1	140	0.3257006156702601	0.1813388615846634	0.9560730018879798																																						
SDC1	283	0.0	0.08624006062746048	0.5424795468848332																																						
SDC3	112	0.0	0.09453568607568741	0.6488357457520453																																						
SDCBP	324	0.11638747748523015	0.06179787218570709	0.09175582127123977																																						
ENTR1	54	0.17792739289528614	0.15327098965644836	0.9276274386406544																																						
SDCCAG8	153	0.016243816332067434	0.08509151637554169	0.5267463813719321																																						
SDE2	215	0.13670899622468158	0.09500858187675476	0.6553807426054122																																						
SDF2L1	82	0.07733972207418373	0.11679635941982269	0.8181246066708622																																						
SDF2	103	0.24592344295244636	0.10762324184179306	0.763373190685966																																						
SDF4	163	0.09228215510961177	0.08587269484996796	0.5380742605412209																																						
SDHAF2	267	0.22049412199075105	0.06449942290782928	0.13278791692888608																																						
SDHA	128	0.1880648763039705	0.11517661809921265	0.809062303335431																																						
SDHC	198	0.06896983038384535	0.11916617304086685	0.8295783511642543																																						
SDHD	103	0.2489040128006081	0.09887924790382385	0.6921334172435494																																						
SDR39U1	148	0.15075729569226595	0.152468740940094	0.9262429200755192																																						
SDSL	89	0.1287258395326492	0.12119286507368088	0.8387665198237886																																						
SEBOX	60	0.0	0.1262483298778534	0.8597860289490246																																						
SEC11A	329	0.09022819250801853	0.06496108323335648	0.14096916299559473																																						
SEC11C	73	0.06520030846693052	0.1250874549150467	0.8547514159848961																																						
SEC14L1	284	0.16488350123099746	0.06451087445020676	0.13303964757709252																																						
SEC22A	96	0.31766554516988904	0.10134550929069519	0.7142857142857143																																						
SEC22B	116	0.3262339177927264	0.11858867853879929	0.8266834487098804																																						
SEC22C	82	0.04955550772228947	0.11171851307153702	0.7896790434235368																																						
SEC23A	183	0.03933199434858765	0.07940004765987396	0.43121460037759596																																						
SEC23B	280	0.11238206514124592	0.06286976486444473	0.10685966016362493																																						
SEC23IP	108	0.02995178115347615	0.09708430618047714	0.6770295783511643																																						
SEC24A	110	0.1589058541788493	0.10166382044553757	0.7185651353052234																																						
SEC24B	93	0.12437050836838565	0.10800670087337494	0.7662680931403398																																						
SEC24C	70	0.15483802807614802	0.14023450016975403	0.903335431088735																																						
SEC24D	102	0.0	0.10039597004652023	0.7057268722466961																																						
SEC31A	196	0.15745267231375196	0.08725705742835999	0.5595972309628697																																						
BAZ2B	389	0.3134073595161961	0.05632859468460083	0.03373190685966016																																						
SEC61B	244	0.14981368990317898	0.0928557738661766	0.6322215229704217																																						
SEC61G	55	0.2628314093079657	0.2677227258682251	0.9911894273127754																																						
SEC63	115	0.2666817504586784	0.10396020114421844	0.7380742605412209																																						
SECISBP2L	235	0.03482508812010734	0.0705605298280716	0.2500943989930774																																						
SECISBP2	230	0.1697229249831023	0.0712084174156189	0.2641913152926369																																						
SEH1L	95	0.2477166233084628	0.15671975910663605	0.9325361862806797																																						
SEL1L3	172	0.0	0.07956967502832413	0.434235368156073																																						
BBC3	145	0.3410977571524077	0.08921221643686295	0.5846444304594084	p53																																					0.79982615
SEL1L	348	0.06085422223043385	0.0752117857336998	0.34952800503461295																																						
SELENBP1	185	0.0	0.07853613793849945	0.4146003775959723																																						
SELENOK	123	0.09443043807839127	0.10196049511432648	0.7214600377595972																																						
SELENOM	103	0.1661147092615828	0.1039167121052742	0.7375707992448081																																						
SELENOO	185	0.13731615495597335	0.07661686092615128	0.3773442416614223																																						
SELPLG	186	0.06755674338848189	0.07494453340768814	0.34348646947765893																																						
SEMA4B	116	0.0	0.09588046371936798	0.66431718061674																																						
BBIP1	231	0.3979136669147696	0.06716014444828033	0.18212712397734424																																						
SENP1	116	0.09956576855280128	0.10070768743753433	0.7079924480805538																																						
SENP2	155	0.14245780016762208	0.08690065890550613	0.5528005034612964																																						
SENP5	70	0.2689542231284063	0.1749107390642166	0.9506607929515418																																						
SENP6	169	0.2177345016510337	0.08445698022842407	0.5181875393329137																																						
SENP7	353	0.0823450459469378	0.05775860324501991	0.04631843926998112																																						
SEPHS1	96	0.1049246876156289	0.12720783054828644	0.863687853996224																																						
SEPHS2	254	0.06700921917257488	0.06878025829792023	0.21346758967904342																																						
BBS1	142	0.1351122091923104	0.08418763428926468	0.5149150409062303																																						
SELENOP	242	0.08460312055752682	0.06672714650630951	0.1736941472624292																																						
SEPSECS	228	0.0	0.07061219215393066	0.2509754562617999																																						
SEPTIN11	177	0.06723271116409207	0.0782335102558136	0.40994336060415354																																						
SEPTIN1	369	0.08337222619065765	0.05264592543244362	0.015607300188797987																																						
SEPTIN6	126	0.10793105069416804	0.09086529165506363	0.6074260541220894																																						
SEPTIN7	175	0.09876074138591184	0.07826650142669678	0.4105726872246696																																						
BBS2	318	0.0	0.057026226073503494	0.04103209565764632																																						
SEPTIN8	299	0.18468168290198048	0.06301362067461014	0.1091252359974827																																						
SELENOW	80	0.15729755574888538	0.1175733283162117	0.8220264317180617																																						
SERBP1	278	0.16005527273317935	0.0928264856338501	0.631843926998112																																						
SERF1B	218	0.0	0.0716899111866951	0.2737570799244808																																						
SERGEF	156	0.05094153347170378	0.08589381724596024	0.5385777218376337																																						
SERHL2	147	0.2301004618322337	0.09108955413103104	0.610824417872876																																						
SERINC1	135	0.15703019498553908	0.08956439048051834	0.5905601006922593																																						
BBS4	233	0.1005290987947966	0.06568028777837753	0.1554436752674638																																						
ACBD3	237	0.10000780938457918	0.06905001401901245	0.21774701069855254																																						
SERINC3	416	0.09374264614534414	0.06073220074176788	0.07828823159219635																																						
SERP1	121	0.4675472216386523	0.09112546592950821	0.6114537444933921																																						
SERPINB1	111	0.018618197798953583	0.13016900420188904	0.8743864065449969																																						
SERPINB6	87	0.11073079499750893	0.1081281304359436	0.7674008810572687																																						
SERPINB9	66	0.07667571560226814	0.12541301548480988	0.8562617998741346																																						
SERPINF1	218	0.0369219416674194	0.07070598751306534	0.25298930144745124																																						
SERPING1	245	0.051618323974562993	0.07546187937259674	0.3541850220264317																																						
SERPINH1	169	0.12112213048352193	0.08926018327474594	0.5853996224040277																																						
SERTAD1	107	0.17246703582300713	0.10183252394199371	0.7199496538703587																																						
BBS7	276	0.07315377127080708	0.06339362263679504	0.11504090623033354																																						
SESN2	332	0.11198174995154082	0.06462027877569199	0.13530522341095028	mTOR																																				2.1654377	
SETBP1	86	0.0	0.1073659360408783	0.7617369414726243																																						
SETD1A	89	0.27722476246517985	0.17708586156368256	0.9524229074889868																																						
SETD2	311	0.2800360308288518	0.07127853482961655	0.2658275645059786																																						
SETD3	277	0.4303878686820842	0.061817944049835205	0.09238514789175582																																						
SETD5	347	0.0860294555798241	0.08331430703401566	0.5011957205789805																																						
BBX	196	0.411638101228804	0.07470948994159698	0.3380742605412209																																						
SETD6	210	0.38541106877212	0.06994707137346268	0.23838892385147892																																						
SETD7	194	0.3758588993451408	0.08170218020677567	0.4735053492762744																																						
SETD9	208	0.1839931506173742	0.07800669223070145	0.4055380742605412																																						
SETDB1	319	0.10563851467206067	0.11893682926893234	0.8283196979232221																																						
SETDB2	96	0.16640026280553302	0.11028818041086197	0.7812460667086217																																						
SETMAR	182	0.10726034588630436	0.07581701874732971	0.36098174952800505																																						
SETX	409	0.09831336569484624	0.07316775619983673	0.3058527375707992																																						
SF1	107	0.330687655931552	0.13315674662590027	0.88470736312146																																						
BCAP29	54	0.18692228141453765	0.14652320742607117	0.9155443675267464																																						
SF3B5	51	0.3641311693140113	0.15949080884456635	0.9369414726242921																																						
BCAP31	211	0.16745466335459047	0.08236491680145264	0.48382630585273756																																						
SFI1	167	0.039763809401803185	0.07726272195577621	0.3904342353681561																																						
SFMBT1	279	0.21080919928910352	0.0616084523499012	0.08923851478917558																																						
SFSWAP	221	0.3133140098817088	0.14648877084255219	0.9150409062303335																																						
SFT2D1	133	0.0625976682819039	0.0871194452047348	0.5570799244808056																																						
SFT2D2	236	0.08711286578830975	0.06652019917964935	0.1699181875393329																																						
SFT2D3	288	0.19456688569506225	0.06111691892147064	0.08307111390811832																																						
SFXN1	129	0.04759746148796682	0.09588606655597687	0.6644430459408432																																						
SFXN2	197	0.0	0.07409723848104477	0.3251101321585903																																						
SFXN4	149	0.12805550407400074	0.09465203434228897	0.6509754562617999																																						
SFXN5	165	0.15456577527708518	0.07801659405231476	0.40604153555695405																																						
SGK1	84	0.10316972797050863	0.11700589209794998	0.8187539332913782	GR;MR											0.50441253							0.76355004																			
SGMS1	129	0.4948102775266293	0.09015398472547531	0.5982378854625551																																						
SGO1	84	0.2462965549918021	0.11736564338207245	0.8208936438011328																																						
SGO2	262	0.16849677862552995	0.07464127242565155	0.336941472624292																																						
SGPL1	108	0.0	0.09844410419464111	0.6892385147891755																																						
SGPP1	348	0.18104599696893045	0.056572623550891876	0.036752674638137195																																						
SGSH	143	0.3408042082834121	0.08309656381607056	0.4976714915040906																																						
SGSM2	237	0.08483198955600553	0.06849144399166107	0.20830711139081184																																						
SGSM3	149	0.21264187766895964	0.08533693104982376	0.530899937067338																																						
SGTA	122	0.1903465939400822	0.09017512947320938	0.5984896161107615																																						
SGTB	206	0.09158782021338653	0.07485201954841614	0.34122089364380115																																						
SH2B3	308	0.11098235416228837	0.05860147252678871	0.053744493392070485																																						
SH2D2A	250	0.3177761906282685	0.06447198987007141	0.13203272498426682																																						
BCAS2	119	0.33183982584164	0.18719670176506042	0.9606041535556954																																						
SH2D3A	175	0.2519234032007569	0.07569577544927597	0.3589679043423537																																						
SH3BGRL2	132	0.0	0.08716776221990585	0.557960981749528																																						
SH3BGRL3	60	0.0578677552968581	0.1342557668685913	0.8878539962240403																																						
SH3BGRL	103	0.02393477523327911	0.10186544060707092	0.7202013845185652																																						
SH3BGR	247	0.10176845786041057	0.06997048109769821	0.23889238514789177																																						
BCAT1	165	0.05717061329029589	0.08118416368961334	0.46368785399622403																																						
SH3BP5L	223	0.03845721415491541	0.06837974488735199	0.20654499685336689																																						
SH3GL1	213	0.21794157426108468	0.0868193730711937	0.5514159848961611																																						
SH3GL3	336	0.0	0.055708736181259155	0.030837004405286344																																						
SH3GLB1	521	0.04769632098521385	0.04480141028761864	0.0026431718061674008																																						
SH3GLB2	140	0.34021784155158125	0.10877091437578201	0.7723096286972939																																						
SHARPIN	287	0.15551375596452435	0.06134762987494469	0.08609188168659535																																						
SHB	666	0.07170120911625534	0.04342248663306236	0.0021397105097545627																																						
BCAT2	126	0.11050874280809436	0.08986812829971313	0.5939584644430459																																						
SHC1	302	0.2842433171680789	0.11020243167877197	0.7802391441157961																																						
SHCBP1	173	0.019822062110206567	0.07631170749664307	0.37180616740088107																																						
SHISA5	204	0.3728898463018318	0.07372670620679855	0.31881686595342984																																						
SHMT1	215	0.20100620134780567	0.06946311146020889	0.2278162366268093																																						
SHMT2	55	0.043555843309685566	0.15471293032169342	0.9302706104468219																																						
SHOC2	267	0.2528742252236726	0.09930126368999481	0.6959093769666457																																						
SHOX2	352	0.10975468434610224	0.05733771622180939	0.04329767149150409																																						
BCCIP	52	0.2424199749659233	0.19013158977031708	0.9619886721208307																																						
ACBD5	238	0.27389763097692515	0.0744897723197937	0.33253618628067966																																						
SHOX	126	0.0	0.09458891302347183	0.6499685336689742																																						
SHPK	144	0.2676383516224434	0.11296962946653366	0.7963499056010069																																						
SHPRH	224	0.07848444789581834	0.07875111699104309	0.41913152926368785																																						
SHQ1	242	0.32323111150693634	0.06717618554830551	0.18237885462555067																																						
SHROOM1	360	0.15180866255325046	0.056240513920784	0.033102580239144114																																						
SIAH1	90	0.25485486530511703	0.10733916610479355	0.7612334801762115																																						
SIAH2	147	0.2479108100172464	0.09205362945795059	0.6229074889867842																																						
SIGIRR	158	0.019074457870039956	0.08088558912277222	0.4577721837633732																																						
SIGLEC14	264	0.0	0.07849454134702682	0.41409691629955947																																						
SIK3	182	0.045069304041013634	0.08542914688587189	0.5319068596601636																																						
SIKE1	79	0.32045877387358296	0.11313670128583908	0.7977344241661423																																						
SIL1	222	0.019264489399711857	0.07536322623491287	0.3524229074889868																																						
SIM1	155	0.0	0.08358246833086014	0.5063561988672121																																						
SIM2	156	0.0	0.08092278987169266	0.45966016362492135																																						
SIMC1	1170	0.4991970510536212	0.03088550455868244	0.00012586532410320956																																						
SIN3B	92	0.0	0.13029073178768158	0.8747640025173065																																						
SIPA1	137	0.21073142482683	0.10805054754018784	0.7666456891126495																																						
SIRT1	180	0.21638804870324305	0.07992444932460785	0.4402769037130271																																						
SIRT2	153	0.15957905649544482	0.08161188662052155	0.47161736941472626																																						
SIRT3	161	0.16434563637117305	0.08056016266345978	0.4523599748269352																																						
SIRT5	154	0.0	0.08387771993875504	0.5097545626179988																																						
SIRT6	126	0.1054576544471251	0.09704392403364182	0.6765261170547514																																						
SIRT7	81	0.2536358403643853	0.25211361050605774	0.9872876022655759																																						
BCKDHB	114	0.0	0.0949154645204544	0.6539962240402769																																						
SIVA1	126	0.20008374887593888	0.09128811955451965	0.6129641283826306																																						
SIX1	196	0.02905515989640028	0.0708511471748352	0.2561359345500315																																						
SIX2	206	0.0	0.06951741874217987	0.23008181246066708																																						
SIX3	134	0.0	0.09457051753997803	0.6494650723725613																																						
SIX4	239	0.0	0.06595198065042496	0.15947136563876652																																						
SKA1	112	0.07606875560309916	0.10771097242832184	0.7641283826305852																																						
SKA2	67	0.028695249409591637	0.12888014316558838	0.8704845814977974																																						
SKA3	139	0.0550967244152596	0.11811326444149017	0.824669603524229																																						
BCKDK	293	0.15085842693417198	0.061205267906188965	0.08370044052863436																																						
SKAP2	224	0.023600521941687228	0.06987348943948746	0.236626809314034																																						
SKIL	234	0.10133377946402404	0.08509740978479385	0.5268722466960353	TGF-β																																					
SKOR1	275	0.0	0.06184345856308937	0.09288860918816866																																						
SKP1	74	0.3379865636831444	0.14192895591259003	0.9071113908118313																																						
SKP2	381	0.13665876411155714	0.06577272713184357	0.15695405915670232																																						
SLAIN2	237	0.41789363601083895	0.06776686012744904	0.19408432976714915																																						
BCL10	236	0.2286400972743512	0.06726546585559845	0.18388923851478917																																						
SLBP	85	0.2652366677693198	0.2811921238899231	0.9925739458779106																																						
SLC10A3	85	0.4385598474320565	0.11434505879878998	0.8040276903713027																																						
SLC10A4	79	0.1022399595972663	0.11861617863178253	0.8268093140339836																																						
SLC10A7	256	0.04716463171041717	0.06585235893726349	0.15770925110132158																																						
SLC11A2	305	0.10893849409485072	0.06136643514037132	0.08672120830711139																																						
SLC12A2	228	0.3354540120483039	0.06815210729837418	0.2012586532410321																																						
BCL11A	138	0.0	0.08723407983779907	0.5593455003146633																																						
SLC12A7	51	0.3732737594993752	0.14864365756511688	0.9194461925739459																																						
SLC15A4	90	0.4018397032815531	0.11745388060808182	0.8212712397734424																																						
SLC16A1	131	0.10595727665529386	0.10704734921455383	0.759723096286973																																						
SLC16A5	397	0.2385177189636844	0.06320947408676147	0.11151667715544368																																						
SLC16A9	230	0.05770426357586025	0.06995738297700882	0.23851478917558214																																						
BCL11B	152	0.0	0.09187264740467072	0.6205160478288232																																						
SLC18B1	285	0.1518950490492042	0.061503008008003235	0.08772813089993707																																						
SLC19A1	156	0.08284764182144104	0.08085690438747406	0.45714285714285713																																						
SLC19A2	152	0.0	0.08717647939920425	0.5580868470736312																																						
SLC1A4	217	0.17963067054081688	0.06943996995687485	0.22731277533039648																																						
SLC1A5	644	0.2857081676398265	0.05726569518446922	0.042416614222781625																																						
SLC20A2	308	0.3972291390574861	0.058339089155197144	0.051353052234109506																																						
SLC25A11	125	0.1559708179129549	0.09035028517246246	0.6001258653241032																																						
SLC25A12	231	0.04917194008933575	0.06573788821697235	0.15619886721208306																																						
SLC25A13	152	0.15563390155909315	0.08138326555490494	0.46683448709880426																																						
SLC25A14	219	0.2261464149484132	0.07153012603521347	0.2712397734424166																																						
SLC25A15	114	0.07293731011049256	0.09844084084033966	0.6891126494650723																																						
SLC25A16	196	0.2350824574197644	0.07275565713644028	0.29565764631843927																																						
SLC25A17	193	0.02513990277093818	0.07089650630950928	0.25764631843927																																						
SLC25A19	137	0.07362443760926612	0.09506414830684662	0.6566393958464443																																						
SLC25A1	208	0.1914332999752368	0.07224871218204498	0.2857142857142857																																						
SLC25A20	234	0.09568784936616366	0.06913731247186661	0.22013845185651354																																						
SLC25A21	108	0.09187305458304293	0.09617751836776733	0.6674638137193203																																						
SLC25A22	130	0.11868725483383145	0.08691438287496567	0.5531780994336061																																						
SLC25A23	288	0.0519492945684486	0.06260331720113754	0.10320956576463185																																						
SLC25A24	212	0.1005465577867426	0.07376976311206818	0.3195720578980491																																						
SLC25A28	50	0.2055325811006536	0.14851467311382294	0.9193203272498427																																						
SLC25A29	302	0.04990914284380893	0.059807632118463516	0.06746381371932032																																						
SLC25A32	212	0.24485684826637075	0.07138441503047943	0.2682190056639396																																						
BCL2L12	121	0.09905480807063108	0.10082731395959854	0.7086217747010699																																						
ACBD6	214	0.1700011259638295	0.08673395961523056	0.5504090623033354																																						
AAMDC	195	0.015174894834010643	0.07261806726455688	0.29288860918816867																																						
SLC25A33	222	0.4025690072015721	0.06948920339345932	0.2289490245437382																																						
SLC25A36	73	0.16110924787662909	0.12778182327747345	0.8667086217747011																																						
SLC25A37	76	0.1533251936023614	0.1269560605287552	0.8625550660792951																																						
SLC25A38	194	0.1712986675761991	0.07265318185091019	0.2933920704845815																																						
SLC25A39	191	0.1440377623522584	0.07468932121992111	0.3378225298930145																																						
SLC25A3	174	0.16617486249282726	0.08684833347797394	0.5521711768407803																																						
SLC25A41	91	0.3857283396396362	0.12486352771520615	0.8541220893643802																																						
SLC25A42	80	0.18084743200150674	0.25819826126098633	0.9890497168030208																																						
SLC25A44	125	0.1286568714103837	0.09940315037965775	0.6966645689112649																																						
BCL2L13	198	0.1049341707544369	0.07289478182792664	0.2984266834487099																																						
SLC25A46	182	0.10190573642679507	0.08091271668672562	0.4590308370044053																																						
SLC25A4	151	0.06641462408750143	0.0826982706785202	0.48923851478917557																																						
SLC25A51	95	0.2157243999389564	0.108418770134449	0.7689112649465072																																						
SLC25A53	365	0.0	0.05336327850818634	0.019005663939584645																																						
SLC25A5	170	0.10404014436590396	0.07897886633872986	0.42315921963499054																																						
SLC25A6	285	0.3179148434535611	0.060758911073207855	0.07916928886091881																																						
SLC26A6	224	0.1641099965395755	0.06880638003349304	0.21397105097545627																																						
SLC27A2	271	0.055225786421696746	0.0644482746720314	0.13140339836375078																																						
SLC27A4	180	0.09601168770660924	0.10112521797418594	0.7110132158590309																																						
SLC27A5	198	0.06975869983303402	0.0750088021159172	0.34461925739458776																																						
SLC29A2	274	0.05387063936810295	0.06095719709992409	0.08118313404657017																																						
SLC2A11	161	0.11453560415497575	0.09542233496904373	0.6604153555695406																																						
SLC2A13	169	0.0	0.08087938278913498	0.45764631843927																																						
SLC2A1	120	0.3961623622575034	0.09521336853504181	0.6577721837633732	HIF												1.7869004																									
SLC2A3	160	0.2389590804772051	0.0811668187379837	0.46343612334801765																																						
SLC2A4RG	259	0.25995187749633875	0.06417040526866913	0.12674638137193203																																						
SLC2A8	53	0.3905631447348582	0.1969740390777588	0.9665198237885463																																						
SLC30A1	323	0.19914222121283776	0.25515982508659363	0.9882945248584015																																						
SLC30A5	316	0.1215859253133572	0.05728713795542717	0.04254247954688483																																						
SLC30A6	111	0.24359733340719186	0.10025400668382645	0.7043423536815607																																						
SLC30A7	166	0.2327264114501997	0.07914664596319199	0.426431718061674																																						
SLC30A9	116	0.11557355286777984	0.10638922452926636	0.7558212712397735																																						
SLC31A1	138	0.16868555232134344	0.10081504285335541	0.7084959093769666																																						
SLC33A1	253	0.051948342446751006	0.06749020516872406	0.1882945248584015																																						
SLC35A1	78	0.0	0.13261640071868896	0.8830711139081183																																						
SLC35A2	195	0.4494837168343956	0.07505693286657333	0.3458779106356199																																						
SLC35A3	233	0.11976902722508588	0.0965971127152443	0.6716173694147263																																						
BCL2L2	186	0.07323856611463604	0.0778515562415123	0.4018879798615481																																						
SLC35A4	52	0.0	0.27263712882995605	0.991567023285085																																						
SLC35B1	112	0.14827398359108246	0.10330545157194138	0.7332913782252989																																						
SLC35B2	162	0.026487085193353303	0.09158880263566971	0.6166142227816237																																						
SLC35B3	114	0.2654408384011648	0.09931807219982147	0.6961611076148521																																						
SLC35B4	128	0.15161431769659056	0.09013020247220993	0.597608558842039																																						
SLC35C2	144	0.08677764571160315	0.08885921537876129	0.5809943360604154																																						
SLC35D1	334	0.3298971368145934	0.057505615055561066	0.0446821900566394																																						
SLC35D2	252	0.08643823729426095	0.06684130430221558	0.17595972309628696																																						
SLC35E1	360	0.4395435522134735	0.06025959923863411	0.07350534927627439																																						
BCL6B	149	0.0	0.08693280816078186	0.5536815607300188																																						
SLC35F2	129	0.1866439373576122	0.09822812676429749	0.6867212083071114																																						
SLC35F5	89	0.300917200001937	0.1076260656118393	0.7634990560100692																																						
SLC35F6	219	0.11400319619701405	0.08857915550470352	0.5772183763373191																																						
SLC35G1	144	0.0	0.08689186722040176	0.55254877281309																																						
SLC35G2	121	0.4241100600719551	0.15375937521457672	0.9283826305852737																																						
SLC35G6	376	0.0	0.053163234144449234	0.01774701069855255																																						
SLC37A1	198	0.19122416381334506	0.07114475220441818	0.263687853996224																																						
SLC37A3	227	0.06952391766745435	0.06700798124074936	0.1787287602265576																																						
SLC38A10	98	0.4694545082660338	0.10587549954652786	0.7522970421648836																																						
SLC38A1	287	0.1706158261400905	0.07416130602359772	0.32649465072372563																																						
SLC38A2	140	0.2065255538743756	0.09917791932821274	0.6951541850220264																																						
SLC38A5	119	0.09636035769315264	0.09480492025613785	0.6523599748269352																																						
SLC38A6	139	0.04863215299998387	0.11099108308553696	0.7856513530522341																																						
SLC38A7	141	0.0	0.08216110616922379	0.4814348646947766																																						
SLC38A9	195	0.09152037367053187	0.07315205782651901	0.30509754562617997	mTOR																																				2.3788924	
SLC39A10	352	0.16475088587079598	0.07948261499404907	0.4329767149150409																																						
BCL7A	220	0.1077495223288106	0.07298590242862701	0.3011957205789805																																						
SLC39A11	217	0.2567136961805365	0.06975549459457397	0.2343612334801762																																						
SLC39A13	315	0.3274622993122028	0.06004921346902847	0.07048458149779736																																						
SLC39A14	263	0.1450941771882841	0.07040798664093018	0.2461925739458779																																						
SLC39A1	203	0.2246331736760217	0.07150144129991531	0.2707363121460038																																						
SLC39A3	288	0.1000973215940327	0.061580777168273926	0.08886091881686595																																						
SLC39A4	186	0.1685535856990067	0.07719460129737854	0.38892385147891756																																						
SLC39A6	220	0.11669146989028907	0.08302582800388336	0.49653870358716173																																						
SLC39A7	297	0.1205484168416844	0.08700364828109741	0.5551919446192574																																						
SLC39A8	234	0.13432797180788708	0.06754081696271896	0.1894273127753304																																						
SLC39A9	800	0.21305730301873907	0.08042540401220322	0.4499685336689742																																						
SLC40A1	381	0.2075292262216682	0.05370032787322998	0.02026431718061674																																						
SLC41A3	267	0.14274665942421114	0.0624971017241478	0.10144745122718692																																						
SLC43A3	281	0.03259046377893715	0.061812713742256165	0.09225928256765262																																						
SLC44A2	173	0.24591074213637465	0.08040917664766312	0.4497168030207678																																						
SLC44A4	253	0.0	0.07151205092668533	0.270862177470107																																						
BCL7C	119	0.1626858871851478	0.0949261263012886	0.6541220893643801																																						
SLC48A1	206	0.08819314307823414	0.0713491216301918	0.2672120830711139																																						
SLC4A1AP	182	0.2140936098767773	0.09132466465234756	0.6133417243549402																																						
SLC4A2	269	0.1094576326504711	0.06520986557006836	0.14663310258023915																																						
SLC4A7	55	0.1836453718830124	0.15889215469360352	0.9354310887350535																																						
SLC50A1	145	0.08098108245694023	0.0831620842218399	0.4984266834487099																																						
BCLAF1	144	0.1858093447259	0.10167345404624939	0.7186910006293267																																						
ACCS	110	0.0	0.10050908476114273	0.7063561988672121																																						
SLC5A6	60	0.0	0.13920561969280243	0.9010698552548773																																						
SLC6A19	162	0.0	0.08303768187761307	0.4967904342353682																																						
SLC6A6	74	0.0	0.11658173054456711	0.8173694147262429																																						
SLC6A8	258	0.06594794332755527	0.06405258923768997	0.1249842668344871																																						
SLC7A11	152	0.07415673474698782	0.10483130067586899	0.744745122718691																																						
SLC7A1	81	0.3692561979677685	0.16161112487316132	0.9388294524858402																																						
SLC7A5	596	0.2054887519807808	0.06992562115192413	0.23788546255506607	mTOR																																				4.307225	
SLC7A6	183	0.060408637195832275	0.08136636763811111	0.4665827564505979																																						
SLC8B1	384	0.08979345526372963	0.053071118891239166	0.01749528005034613																																						
SLC9A3R1	195	0.06983125779458356	0.07221926748752594	0.28495909376966644																																						
SLC9A3R2	259	0.17109406014216005	0.07054302841424942	0.2497168030207678																																						
SLC9A6	221	0.0	0.07116253674030304	0.26381371932032727																																						
SLC9B1	182	0.0	0.0783984363079071	0.4123348017621145																																						
SLC9B2	213	0.2311012811845025	0.09573885053396225	0.6634361233480176																																						
SLCO4A1	165	0.30991562547369683	0.07924044132232666	0.4289490245437382																																						
SLMAP	51	0.12394279650650696	0.1504332423210144	0.9220893643801132																																						
PRELID3B	105	0.256385500260754	0.21314232051372528	0.9736941472624292																																						
SLTM	205	0.2820956670250412	0.08040699362754822	0.4495909376966646																																						
SLX1A	186	0.0	0.07713127136230469	0.38753933291378223																																						
SLX4IP	190	0.042122068686476735	0.07571802288293839	0.35934550031466334																																						
SMAD1	342	0.13806300266061758	0.05835965648293495	0.05173064820641913	BMP;Hippo					0.024626045									1.3874596																							
SMAD3	148	0.07188937086528352	0.0870460718870163	0.5553178099433606	Hippo;TGF-β														8.708036																							
SMAD4	161	0.1565090630730667	0.09238950908184052	0.626431718061674	Hippo														1.0425526																							
SMAD5	127	0.03843015811547495	0.09405825287103653	0.643801132787917	BMP					1.644676																																
SMAD6	162	0.3900106663100641	0.07998344302177429	0.4412838263058527	BMP					1.7343607																																
SMAD9	224	0.0	0.07709576934576035	0.3869100062932662																																						
SMAGP	281	0.4205193053695983	0.06669788807630539	0.17281308999370673																																						
SMAP1	106	0.12146683841451225	0.09943580627441406	0.6970421648835746																																						
SMAP2	227	0.16681396884455565	0.07074537128210068	0.25361862806796726																																						
BCS1L	209	0.04738735128717135	0.07627448439598083	0.371176840780365																																						
SMARCA1	81	0.0	0.11735322326421738	0.8205160478288231																																						
SMARCA4	132	0.38252334116753467	0.10661591589450836	0.7569540591567023																																						
SMARCA5	140	0.17112581517423245	0.11473213136196136	0.8069225928256766																																						
SMARCAD1	116	0.07205144853677548	0.09463303536176682	0.6507237256135935																																						
SMARCAL1	78	0.0674934439253856	0.1171654611825943	0.8198867212083071																																						
SMARCB1	254	0.3013466792651464	0.09667596966028214	0.6730018879798616																																						
SMARCC1	117	0.21614289375430415	0.13159489631652832	0.8790434235368156																																						
SMARCC2	272	0.4994856611212469	0.06640367954969406	0.16752674638137194																																						
BDH2	141	0.14533527929244144	0.08861324191093445	0.5779735682819384																																						
SMARCD1	342	0.2417002395411195	0.06541886180639267	0.1499056010069226																																						
SMARCD2	307	0.11633841223111666	0.05940476804971695	0.062303335431088736																																						
SMC1A	82	0.3146455356884555	0.4694606363773346	0.9988672120830712																																						
BDP1	184	0.2953381993461781	0.1345391869544983	0.8888609188168659																																						
SMC5	251	0.26298767200875056	0.07289780676364899	0.2986784140969163																																						
SMC6	123	0.1189191320878812	0.11374568939208984	0.8008810572687225																																						
SMCHD1	304	0.3087827691496553	0.06362949311733246	0.11919446192573946																																						
SMCO4	191	0.183047842812096	0.0733947679400444	0.31101321585903086																																						
SMDT1	158	0.07744042173254832	0.08168880641460419	0.473253618628068																																						
SMG5	159	0.15322546627127898	0.510043740272522	0.9993706733794839																																						
SMG6	173	0.3849341449162487	0.08668077737092972	0.549528005034613																																						
SMG8	174	0.20276095950491674	0.0979655459523201	0.6839521711768408																																						
BECN1	130	0.14202167895602427	0.0884503498673439	0.5757079924480806	Autophagy				0.925952																																	
SMG9	142	0.08241206281609789	0.12102285027503967	0.8377595972309628																																						
SMIM10	244	0.06324559941197777	0.06779420375823975	0.1948395217117684																																						
SMIM13	240	0.08757473937689278	0.06640619784593582	0.16765261170547513																																						
SMIM14	260	0.3353603665382847	0.06326372921466827	0.11252359974826935																																						
SMIM15	168	0.07633799910062704	0.07776965200901031	0.40037759597230965																																						
SMIM19	199	0.060608275229837076	0.07433275133371353	0.3293895531780994																																						
SMIM1	262	0.10041455829416747	0.06605750322341919	0.1617369414726243																																						
SMIM20	284	0.010150037111286958	0.0616595596075058	0.08961611076148521																																						
SMIM3	205	0.0	0.07555200159549713	0.3564505978602895																																						
BEND6	186	0.13143884315495394	0.10379231721162796	0.7365638766519824																																						
SMIM4	125	0.1288046081188248	0.09602268785238266	0.6658275645059786																																						
SMIM8	234	0.032522413808420685	0.07598951458930969	0.3646318439269981																																						
SMPD2	70	0.2694065527346731	0.11762867867946625	0.822278162366268																																						
SMPD4	118	0.4572154205000589	0.1053382083773613	0.747765890497168																																						
SMS	268	0.12410925628394645	0.07388095557689667	0.3210824417872876																																						
SMUG1	109	0.1844722991591256	0.11594837158918381	0.812586532410321																																						
SMURF1	189	0.046112249413619695	0.07408256828784943	0.32448080553807424																																						
SMURF2	382	0.3366835423357114	0.053055502474308014	0.01736941472624292																																						
SMYD2	205	0.07002821487625703	0.07194758206605911	0.2795468848332284																																						
SMYD5	393	0.23493819684529665	0.0526789128780365	0.015859030837004406																																						
SNAI1	178	0.3424908498977853	0.08341106027364731	0.5035871617369415																																						
SNAI2	155	0.0	0.08075834810733795	0.4551290119572058	Hippo														2.4108787																							
ACD	153	0.1839662928930728	0.08315353840589523	0.49804908747640025																																						
SNAI3	244	0.0	0.06740998476743698	0.1869100062932662																																						
SNAP23	83	0.0	0.11728409677743912	0.8202643171806168																																						
SNAP29	277	0.13703191868764866	0.06125355139374733	0.08458149779735682																																						
SNAPC1	104	0.3034125200240012	0.1476263850927353	0.9173064820641913																																						
SNAPC2	109	0.33138833892287617	0.12328819185495377	0.8473253618628068																																						
SNAPC3	404	0.10188301526478363	0.0822870060801506	0.4828193832599119																																						
SNAPC5	274	0.14038828975125	0.08079300820827484	0.4556324732536186																																						
BET1L	311	0.06329652886434227	0.06006232276558876	0.0709880427942102																																						
SNAPIN	129	0.09936883072305247	0.08968310803174973	0.5915670232850849																																						
SNCG	416	0.0	0.05162999778985977	0.01170547514159849																																						
SND1	207	0.1156231501641514	0.07623348385095596	0.37029578351164255																																						
SNF8	282	0.07976616584091717	0.060970913618803024	0.0814348646947766																																						
SNIP1	62	0.1933762433775498	0.15459969639778137	0.9298930144745122																																						
SNRK	224	0.15615596779029814	0.07923264056444168	0.42857142857142855																																						
SNRNP25	207	0.13760090602560268	0.10085266828536987	0.7088735053492763																																						
SNRNP35	119	0.3009634326982811	0.11377757042646408	0.8013845185651353																																						
BET1	94	0.23336440106869166	0.14373791217803955	0.9106356198867213																																						
SNRNP40	423	0.1117276394455434	0.06574445962905884	0.15632473253618628																																						
SNRNP48	95	0.1939420726713882	0.14159728586673737	0.9062303335431089																																						
SNRPA	168	0.2263733142280775	0.10849100351333618	0.7692888609188169																																						
SNRPB2	74	0.3500646937965468	0.12510649859905243	0.8548772813089994																																						
BEX2	179	0.14603801669434874	0.07794883102178574	0.4046570169918188																																						
SNRPD3	73	0.36062211147344203	0.22071687877178192	0.9769666456891126																																						
SNRPG	209	0.3829393259174102	0.10733868926763535	0.7611076148521082																																						
SNTA1	94	0.2336165749230956	0.10509606450796127	0.7457520453115167																																						
SNTB2	228	0.2034670111218976	0.08839992433786392	0.5748269351793581																																						
SNUPN	348	0.1806008246402069	0.060210101306438446	0.07275015733165513																																						
SNX10	147	0.1637002287098516	0.10160685330629349	0.7180616740088106																																						
BEX4	79	0.03828623878157893	0.114918552339077	0.8079295154185022																																						
SNX11	239	0.1045416970959934	0.06592642515897751	0.1589679043423537																																						
SNX12	331	0.06092800732818472	0.06356749683618546	0.118313404657017																																						
SNX13	158	0.02728877252709797	0.08279217034578323	0.4906230333543109																																						
SNX14	122	0.06031925482418792	0.08865535259246826	0.5786028949024544																																						
SNX15	535	0.12317696670269306	0.045263972133398056	0.0032724984266834485																																						
SNX17	204	0.20767452931280556	0.07287955284118652	0.29804908747640024																																						
SNX19	88	0.0	0.1317518651485443	0.8797986154814349																																						
SNX1	203	0.15449140933884886	0.07770693302154541	0.3997482693517936																																						
SNX24	257	0.0	0.06638023257255554	0.16651982378854627																																						
BFAR	218	0.11435936554754222	0.07029212266206741	0.24417872876022656																																						
SNX25	132	0.4048619525314244	0.09267845749855042	0.6303335431088735																																						
SNX27	190	0.3848724691944519	0.0796838030219078	0.4367526746381372																																						
SNX2	165	0.11144515910623193	0.08191277086734772	0.4774071743234739																																						
SNX33	216	0.29000165292592783	0.06882364302873611	0.21422278162366268																																						
SNX3	92	0.29663484591649203	0.10913824290037155	0.7743234738829452																																						
SNX4	74	0.1604402799543269	0.11544850468635559	0.8103209565764632																																						
SNX5	292	0.3626429899074196	0.061274491250514984	0.08483322844556325																																						
SNX6	221	0.10889206357509656	0.06827955693006516	0.20352422907488987																																						
SNX8	232	0.1691486507777796	0.06713138520717621	0.1814977973568282																																						
SNX9	319	0.424779793415894	0.059159595519304276	0.059030837004405284																																						
SOAT1	104	0.03369779393031445	0.09582383930683136	0.6638137193203273																																						
SOCS1	101	0.18655541579269055	0.10209308564662933	0.7228445563247325	JAK-STAT																2.1577158																					
SOCS2	252	0.4529239532458458	0.06618062406778336	0.16375078665827564																																						
SOCS4	114	0.3619307653320966	0.09570755064487457	0.663058527375708																																						
SOD1	366	0.056498537162628676	0.07293819636106491	0.29968533668974195																																						
SOD2	350	0.09824058964816766	0.06628451496362686	0.16538703587161738																																						
SOGA1	268	0.4363632909997536	0.07358069717884064	0.3156702328508496																																						
SOHLH1	61	0.0	0.12849074602127075	0.8693517935808684																																						
SORBS3	363	0.10317005764155243	0.06343790143728256	0.11554436752674638																																						
SORD	263	0.11840481138290128	0.06350849568843842	0.11655129011957206																																						
SOS1	115	0.2532520531266081	0.10905174911022186	0.7735682819383259																																						
SOSTDC1	221	0.0	0.07056600600481033	0.25022026431718064																																						
SOX10	96	0.0	0.10395533591508865	0.7378225298930144																																						
SOX11	257	0.0	0.07884176075458527	0.42026431718061674																																						
BHLHA9	300	0.0	0.06305903196334839	0.10962869729389553																																						
SOX12	130	0.05985486456071816	0.09096629172563553	0.6086847073631214																																						
SOX13	142	0.24898965141160606	0.08933056890964508	0.586784140969163																																						
SOX15	214	0.0	0.0696679875254631	0.2328508495909377																																						
SOX18	248	0.0716335961233185	0.07229937613010406	0.2868470736312146																																						
SOX1	478	0.16083668948391233	0.05752835422754288	0.045185651353052234																																						
SOX30	167	0.0	0.08208049833774567	0.4797986154814349																																						
SOX4	259	0.3983407200954487	0.06298473477363586	0.10849590937696664																																						
ACER3	311	0.0561286843644205	0.06041997671127319	0.07463813719320327																																						
SOX8	202	0.0	0.07995539903640747	0.4407803650094399																																						
SP100	370	0.04891848005436955	0.05400249361991882	0.021774701069855254																																						
SP110	69	0.0	0.12420874834060669	0.8508495909376966																																						
SP140	100	0.0	0.104495570063591	0.7428571428571429																																						
SP1	198	0.3831686708804714	0.11838888376951218	0.8261799874134675																																						
SP2	234	0.10802366763902664	0.09097029268741608	0.6088105726872247																																						
SP3	146	0.3457895581841305	0.09510612487792969	0.6571428571428571																																						
SP4	95	0.16593992434529606	0.11585021018981934	0.8119572057898049																																						
SP5	130	0.0	0.11429399251937866	0.8033983637507867																																						
SP6	328	0.0	0.057950619608163834	0.04820641913152927																																						
SP7	107	0.0	0.1037866547703743	0.7363121460037759																																						
SP8	79	0.0	0.1145552545785904	0.8057898049087476																																						
SPAG5	192	0.08570516125565074	0.07748584449291229	0.395217117684078																																						
SPAG7	83	0.11233857959246213	0.17320449650287628	0.9492762743864065																																						
SPAG9	180	0.0771017646682952	0.07506976276636124	0.3461296412838263																																						
SPARC	138	0.0	0.09033456444740295	0.5997482693517936																																						
BHLHE41	93	0.0	0.11736004054546356	0.8206419131529263	Circadian								0.9344762																													
SPAST	152	0.039262322681776055	0.08410370349884033	0.5132787916928886																																						
SPATA24	221	0.0	0.06874552369117737	0.21283826305852738																																						
SPATA2L	217	0.2714725824204955	0.07368088513612747	0.3180616740088106																																						
SPATA33	313	0.15111701136674113	0.05858530476689339	0.05349276274386407																																						
SPATA5L1	157	0.0	0.1390545815229416	0.9001887979861548																																						
SPATA5	142	0.29030885164439696	0.10561877489089966	0.7502831969792322																																						
SPATC1L	142	0.037959750520140764	0.0868808701634407	0.5524229074889868																																						
SPATS2L	263	0.0	0.06393272429704666	0.12297042164883575																																						
BICD1	340	0.15479438293932254	0.056937236338853836	0.04015103838892385																																						
SPATS2	66	0.07754162699477338	0.12483604997396469	0.8539962240402769																																						
SPCS1	101	0.16947437015727373	0.10412770509719849	0.7392070484581498																																						
SPCS2	229	0.07898969554333715	0.10789719223976135	0.7655129011957206																																						
SPCS3	158	0.16279724839233395	0.14590191841125488	0.9141598489616111																																						
SPDL1	79	0.15262854148704275	0.13046017289161682	0.8751415984896161																																						
SPDYC	96	0.14087244867225182	0.10136726498603821	0.7149150409062304																																						
BICD2	312	0.12552720199933634	0.05917121842503548	0.0591567023285085																																						
SPECC1L	182	0.10085159103868037	0.07733109593391418	0.3919446192573946																																						
SPEN	305	0.2288730475291825	0.07548714429140091	0.3546884833228446																																						
SPG11	278	0.09700167088128854	0.060479938983917236	0.07564505978602895																																						
SPART	277	0.051440154336332984	0.06524958461523056	0.1473882945248584																																						
BID	185	0.3225300940464877	0.07661999017000198	0.3775959723096287																																						
SPG21	118	0.22606975674968216	0.09536735713481903	0.6597860289490245																																						
SPG7	205	0.447766434541279	0.10072145611047745	0.7083700440528634																																						
SPHK1	287	0.0703920233577073	0.06498955935239792	0.1419760855884204																																						
SPI1	82	0.18889359680884169	0.13114361464977264	0.8775330396475771																																						
SPIB	373	0.3543106549496069	0.052621711045503616	0.015355569540591568																																						
SPICE1	141	0.06685548601546254	0.09050817787647247	0.6022655758338578																																						
SPIDR	67	0.0	0.13013853132724762	0.8740088105726872																																						
SPIN1	187	0.03270116583701501	0.0799206867814064	0.44015103838892383																																						
BIN3	223	0.048211934380659516	0.06898012012243271	0.21636249213341724																																						
SPIN2B	114	0.0	0.1037856712937355	0.7361862806796727																																						
SPIN4	79	0.0	0.11330883204936981	0.7987413467589679																																						
SPN	296	0.07842151291108468	0.06199876219034195	0.09502831969792322																																						
SPPL2A	206	0.27192349416339745	0.07471134513616562	0.3382001258653241																																						
SPPL2B	139	0.28245904442256903	0.0878177359700203	0.5677784770295784																																						
SPPL3	128	0.02612527991084297	0.0915713906288147	0.6163624921334172																																						
BIRC2	270	0.1531115132920849	0.06355898827314377	0.11806167400881057	Hippo;NF-κB														0.013121533					1.5302613																		
SPRED1	75	0.3763289015903131	0.12436118721961975	0.8519823788546256	ERK/MAPK										0.5873415																											
SPRTN	351	0.2139019644174142	0.054832085967063904	0.02643171806167401																																						
SPRY1	55	0.0	0.15106739103794098	0.9235997482693518																																						
SPRY2	392	0.11200121074807973	0.053642623126506805	0.020138451856513532	ERK/MAPK										0.4329867																											
SPRY4	226	0.34081001384806503	0.08378226310014725	0.5091252359974827	ERK/MAPK										0.9435235																											
SPRYD4	206	0.16851329455877664	0.07445399463176727	0.33190685966016364																																						
SPRYD7	121	0.08307398201978951	0.09040367603302002	0.6010069225928257																																						
SPR	154	0.03634480391048835	0.0817725658416748	0.47463813719320325																																						
SPSB2	173	0.0	0.08057209104299545	0.4526117054751416																																						
SPSB3	172	0.4463579585009267	0.07862763851881027	0.4167400881057269																																						
SPTAN1	221	0.08672983449126394	0.07677248120307922	0.3801132787916929																																						
SPTB	124	0.1135841339673514	0.09966248273849487	0.6985525487728131																																						
SPTLC1	65	0.178576912113811	0.13827931880950928	0.8976714915040906																																						
SPTLC2	101	0.26298690206285685	0.11779062449932098	0.8227816236626809																																						
SPTSSA	266	0.030119954220570944	0.0654752105474472	0.15141598489616112																																						
BIRC6	230	0.3050499961900241	0.07324643433094025	0.30736312146003775																																						
SPTY2D1	422	0.2430552364208669	0.054127976298332214	0.022278162366268093																																						
SQLE	244	0.10130925984118563	0.07011689990758896	0.24115796098174952																																						
SRA1	273	0.2134167055747183	0.08079920709133148	0.45575833857772186																																						
SRBD1	64	0.38441432193050346	0.23930761218070984	0.9840151038388923																																						
SRD5A1	260	0.13440691589429773	0.06421167403459549	0.12787916928886092																																						
SRD5A3	152	0.0	0.08978956192731857	0.5930774071743234																																						
BIVM	189	0.11683335443632728	0.07856319844722748	0.4149779735682819																																						
SREBF2	191	0.12976904596954586	0.07623716443777084	0.37042164883574574	SREBP																											15.017118										
SREK1IP1	135	0.037444442917123635	0.09022404253482819	0.5989930774071743																																						
SREK1	188	0.2662126374413916	0.08260150998830795	0.48823159219634993																																						
SRFBP1	92	0.2257432866067776	0.19794274866580963	0.9668974197608559																																						
SRF	367	0.3211456911305729	0.05889860540628433	0.056639395846444306	ERK/MAPK										1.5921024																											
SRGN	216	0.0	0.07040861994028091	0.24631843926998112																																						
SRI	146	0.06726042172435412	0.08745723217725754	0.5617369414726243																																						
SRM	320	0.16726987842033567	0.07068219035863876	0.2523599748269352																																						
SRP14	290	0.1180337032291153	0.0833769217133522	0.5025802391441158																																						
SRP19	207	0.13522225520657524	0.12597262859344482	0.858275645059786																																						
SRP54	160	0.2561112276545577	0.08629855513572693	0.5429830081812461																																						
SRP68	111	0.2449688868156931	0.28530311584472656	0.9929515418502203																																						
SRP72	303	0.17461921325292973	0.1654709279537201	0.9428571428571428																																						
SRP9	324	0.13517933467713664	0.12045423686504364	0.8356198867212083																																						
SRPK1	347	0.1035277917275846	0.06077304109930992	0.07929515418502203																																						
BLCAP	231	0.1056915265451742	0.07100595533847809	0.26066708621774703																																						
SRPRB	244	0.11243152157510812	0.15112416446208954	0.9238514789175583																																						
SRRD	146	0.07927323330285134	0.09304364770650864	0.6347388294524858																																						
SRRM1	295	0.266310939276706	0.1275041699409485	0.8653241032095658																																						
SRRM2	341	0.2387077930987787	0.09779025614261627	0.6829452485840151																																						
SRRT	100	0.36803313756667694	0.24491780996322632	0.9855254877281309																																						
SRSF10	248	0.0763011576340052	0.10411684215068817	0.7390811831340466																																						
BLMH	311	0.09596995533459267	0.059851497411727905	0.06796727501573317																																						
SRSF1	117	0.4413725423052845	0.23439015448093414	0.9821271239773443																																						
SRSF4	272	0.19472291502182096	0.06600256264209747	0.1606041535556954																																						
SRSF5	201	0.1004605469552322	0.07964937388896942	0.4358716173694147																																						
SRSF6	429	0.15795575659906136	0.05717001110315323	0.04191315292636878																																						
SRSF7	104	0.15339794321123054	0.18371717631816864	0.9577092511013215																																						
SRSF8	69	0.2709706732466799	0.1556420773267746	0.9316551290119572																																						
BLM	106	0.2618446678266389	0.11701638251543045	0.8188797986154814																																						
SRSF9	221	0.17781906483248208	0.07681295275688171	0.38124606670862177																																						
SRXN1	98	0.0	0.10757815092802048	0.7629955947136564																																						
SS18L1	118	0.2326262175109197	0.09744889289140701	0.6796727501573316																																						
SS18L2	344	0.09178290161414587	0.07076983153820038	0.25462555066079295																																						
SS18	254	0.05006612192539082	0.07038981467485428	0.24581497797356827																																						
SSBP1	220	0.17435589799477375	0.15054747462272644	0.9224669603524229																																						
SSBP2	170	0.2434070525940702	0.08197028189897537	0.4780365009439899																																						
SSBP4	177	0.1410988614401983	0.07504402846097946	0.34524858401510383																																						
BLOC1S1	76	0.07632149258317487	0.11924787610769272	0.8302076777847703																																						
SSB	98	0.11250210013257678	0.11435520648956299	0.8042794210195091																																						
ITPRID2	190	0.3532232897788393	0.0790000706911087	0.42353681560730017																																						
SSH2	266	0.14126419537440135	0.06351381540298462	0.11692888609188169																																						
SSR1	92	0.13638063148363028	0.1055767759680748	0.750157331655129																																						
SSR2	101	0.06681929259880108	0.10521640628576279	0.7468848332284456																																						
SSR3	62	0.028607658457983187	0.1603441685438156	0.9378225298930145																																						
SSR4	128	0.09197841639317432	0.09723687916994095	0.6782882315921963																																						
SSRP1	314	0.44154518476718746	0.18151509761810303	0.956198867212083																																						
ZNRD2	165	0.33090422383746554	0.08182600140571594	0.4752674638137193																																						
BLOC1S2	70	0.0	0.12729224562644958	0.8644430459408433																																						
SSU72	169	0.2889364451490371	0.12451259046792984	0.8527375707992448																																						
ST13	375	0.2836809480461812	0.05641969293355942	0.03499056010069226																																						
ST18	120	0.0	0.09286999702453613	0.632473253618628																																						
AC015871.1	229	0.1291919893660129	0.07511760294437408	0.34688483322844554																																						
BLOC1S3	225	0.19362655325208228	0.06857972592115402	0.20981749528005034																																						
ST3GAL4	173	0.1587606101340725	0.0786089301109314	0.4161107614852108																																						
ST6GAL1	202	0.19924130309802546	0.08388730138540268	0.5100062932662052																																						
ST6GALNAC1	126	0.02889427329650417	0.09111853688955307	0.6113278791692889																																						
ST6GALNAC4	283	0.0	0.06243319809436798	0.10044052863436123																																						
ST6GALNAC6	179	0.3888576292951805	0.08339180052280426	0.5030837004405286																																						
ST7L	132	0.3101998900805103	0.09642759710550308	0.6699811202013846																																						
ST7	68	0.4350171151085721	0.13181759417057037	0.8800503461296413																																						
STAC3	95	0.16148629817047466	0.11061381548643112	0.7836375078665827																																						
STAG2	232	0.3392727608440487	0.09852030128240585	0.6903713027061045																																						
STAM2	423	0.1509629450971782	0.05069353058934212	0.010195091252359975																																						
STAMBP	261	0.08111831243294608	0.0691281333565712	0.2197608558842039																																						
STAM	217	0.10662754861181244	0.07294017821550369	0.2998112020138452																																						
STAP2	248	0.4465791330670396	0.06989283859729767	0.23700440528634362																																						
STARD3NL	86	0.03323113008616984	0.1062062457203865	0.7544367526746382																																						
BLOC1S4	131	0.2842994385299511	0.0903741642832756	0.6005034612964129																																						
STARD4	99	0.0	0.09915225207805634	0.6947765890497168																																						
STARD7	252	0.2249695642439172	0.08441464602947235	0.517684078036501																																						
STAR	240	0.04039174263445276	0.06701572239398956	0.17910635619886722																																						
STAT1	127	0.09715264775946852	0.0895870178937912	0.5909376966645689	JAK-STAT;Type I IFN																1.7409728													0.19284855								
STAT2	69	0.29509842364584216	0.12192008644342422	0.8415355569540591	Type I IFN																													2.1840005								
STAT5A	474	0.1537168683917442	0.055251527577638626	0.02882315921963499																																						
STAT5B	129	0.27307777476240663	0.14828979969024658	0.9186910006293266																																						
BLOC1S5	304	0.04830119207414062	0.05762738734483719	0.04568911264946507																																						
STAU1	127	0.14481002553731448	0.0878862738609314	0.5685336689741977																																						
STAU2	331	0.2697357697109353	0.0591856986284256	0.059408432976714914																																						
STC2	217	0.1297165108242244	0.06906373798847198	0.2183763373190686																																						
STEAP1B	152	0.0	0.08651959896087646	0.5473882945248584																																						
STEAP3	274	0.13276392120181868	0.1022125780582428	0.7234738829452486																																						
STIL	345	0.1997804081316837	0.07042135298252106	0.24669603524229075																																						
STIM1	240	0.05246387043785248	0.06813198328018188	0.20075519194461927																																						
STIP1	55	0.23147474640596505	0.14822782576084137	0.9184392699811202																																						
BLOC1S6	157	0.08823446468173309	0.08153088390827179	0.46960352422907486																																						
STK11	177	0.4767183781002201	0.07542891800403595	0.35330396475770925	AMPK	0.04626324																																				
STK16	181	0.19768598132984636	0.07501509040594101	0.3448709880427942																																						
STK17A	218	0.02780932990281837	0.06942715495824814	0.22680931403398363																																						
STK17B	198	0.0	0.07613246142864227	0.36752674638137195																																						
STK19	158	0.16804952716536686	0.08342652767896652	0.5042164883574575																																						
STK25	347	0.20598957996792006	0.054040469229221344	0.021900566393958463																																						
BLVRA	151	0.2544701325010217	0.08261717855930328	0.4883574575204531																																						
STK35	359	0.1544627095561076	0.05631569027900696	0.033606041535556956																																						
STK38L	1169	0.0752307706776655	0.03237348422408104	0.0003775959723096287																																						
STK38	245	0.06707390288632603	0.06939896941184998	0.22580239144115796																																						
STK3	185	0.13661814815830814	0.08217169344425201	0.4815607300188798																																						
STK40	195	0.12931276808897954	0.081298828125	0.4655758338577722																																						
STK4	209	0.08762437323724569	0.07117143273353577	0.26393958464443046																																						
STMN1	219	0.05888842532653842	0.07053110748529434	0.24921334172435494																																						
STMN3	247	0.09128690110086192	0.0669507309794426	0.17797356828193833																																						
STOML1	66	0.0	0.1273384988307953	0.8648206419131529																																						
STOML2	59	0.05359297653204093	0.14717426896095276	0.916551290119572																																						
STOM	184	0.1020721931468938	0.07578673213720322	0.3602265575833858																																						
STPG1	201	0.11169409690037567	0.07638000696897507	0.37319068596601634																																						
STRADA	121	0.24037791781466775	0.08843285590410233	0.5753303964757709																																						
STRADB	231	0.16082320808313794	0.06554370373487473	0.1526746381371932																																						
STRAP	231	0.0985392393310914	0.11736434698104858	0.8207677784770295																																						
STRBP	243	0.3079696768882516	0.06849947571754456	0.20881057268722467																																						
BLVRB	267	0.03767233957542145	0.06452038884162903	0.13329137822529893																																						
STRIP1	224	0.2381650526667923	0.09838978946208954	0.688860918816866																																						
STRIP2	176	0.3602942031106446	0.0774100124835968	0.3933291378225299																																						
STRN3	151	0.33311762881232265	0.08814994245767593	0.5713027061044682																																						
STRN	271	0.10070421249305783	0.07108721882104874	0.2621774701069855																																						
STT3A	66	0.13377889205494314	0.13451462984085083	0.8886091881686595																																						
STT3B	136	0.17661548169181246	0.1640465259552002	0.9414726242920075																																						
STUB1	104	0.2562638926774161	0.10263275355100632	0.726746381371932																																						
STX10	146	0.12772460421996445	0.08464840054512024	0.5200755191944619																																						
STX12	101	0.2795780530210319	0.12240777164697647	0.8441787287602266																																						
BLZF1	278	0.04430664882131852	0.06541804224252701	0.14965387035871616																																						
STX16	267	0.048932826242215434	0.06930781155824661	0.22429200755191944																																						
STX17	182	0.11586255342287755	0.07515363395214081	0.34776589049716805																																						
STX18	106	0.23848635173840485	0.14843924343585968	0.9191944619257395																																						
STX1A	146	0.4552804940323277	0.11628016084432602	0.8151038388923851																																						
STX2	173	0.2141820695792513	0.07761015743017197	0.3979861548143486																																						
STX3	192	0.08173394332750633	0.07276077568531036	0.2960352422907489																																						
STX4	136	0.2573715832891862	0.09200820326805115	0.6221522970421649																																						
STX5	78	0.4955932934928707	0.1502969115972519	0.92196349905601																																						
STX6	261	0.1255385059917402	0.06449500471353531	0.13241032095657645																																						
STX7	225	0.06594625287642765	0.07640215754508972	0.3736941472624292																																						
STX8	359	0.03891287190100432	0.05612679198384285	0.032473253618628066																																						
STXBP1	211	0.1548536558444277	0.07249853760004044	0.2907488986784141																																						
STXBP2	214	0.10501877285996328	0.0713709369301796	0.2674638137193203																																						
STXBP3	76	0.17931324265665355	0.14470069110393524	0.9125235997482694																																						
STXBP4	279	0.0862548145131055	0.08709529787302017	0.5567023285084959																																						
STXBP6	193	0.04976203503986113	0.07546822726726532	0.35456261799874134																																						
STYXL1	286	0.10663768371082442	0.07492450624704361	0.34285714285714286																																						
STYX	217	0.26580317251829216	0.06913569569587708	0.2198867212083071																																						
BMP1	157	0.13421815067893458	0.08229750394821167	0.4829452485840151																																						
SUCLA2	147	0.1329112199016361	0.0840410590171814	0.5125235997482693																																						
SUCLG2	167	0.11057815167766548	0.07862415909767151	0.41648835745752044																																						
SUCO	131	0.14580652823718904	0.09896939247846603	0.6927627438640654																																						
SUDS3	132	0.367374546617148	0.14967122673988342	0.9214600377595973																																						
SUGP1	267	0.20221455400992394	0.15394887328147888	0.9287602265575834																																						
SUGP2	206	0.21809366985346784	0.07352440804243088	0.3142857142857143																																						
SUGT1	89	0.1189869049775153	0.17006756365299225	0.9466331025802391																																						
SULT1A1	131	0.0	0.0924752950668335	0.6274386406544997																																						
SUMF2	254	0.09598429797780034	0.06919340789318085	0.22190056639395847																																						
SUMO1	111	0.2952813290741127	0.12649907171726227	0.8609188168659534																																						
SUMO2	170	0.38602252104585016	0.10953506082296371	0.7767149150409063																																						
SUN1	327	0.09666784021311736	0.06398197263479233	0.123725613593455																																						
SUN2	267	0.24397921506100625	0.06764211505651474	0.19232221522970422																																						
SUOX	317	0.12149584574985135	0.06335289776325226	0.1144115796098175																																						
SUPT16H	101	0.4750488003953848	0.23566974699497223	0.9825047199496538																																						
SUPT20H	224	0.0955337695531094	0.14398826658725739	0.911139081183134																																						
SUPT3H	110	0.2372317495656573	0.09706641733646393	0.6769037130270611																																						
SUPT4H1	146	0.2205603174360112	0.1428775191307068	0.9096286972938955																																						
SUPT5H	139	0.4570470777671034	0.3208417594432831	0.9960981749528005																																						
SUPT6H	105	0.3752135147364853	0.46551278233528137	0.9987413467589679																																						
ACLY	90	0.05221409886177636	0.12542977929115295	0.8565135305223411																																						
SUPT7L	127	0.1495368884465374	0.10692398995161057	0.758590308370044																																						
SUPV3L1	154	0.31109352803235923	0.20085909962654114	0.9684078036500944																																						
SURF1	231	0.17564728973871216	0.07085809856653214	0.2567652611705475																																						
SURF4	170	0.255862296727136	0.08700278401374817	0.5550660792951542																																						
SURF6	158	0.13658731118569847	0.13727208971977234	0.89490245437382																																						
SUSD1	304	0.08795513199920624	0.05889417976140976	0.05651353052234109																																						
SUSD3	257	0.2515979336326134	0.0666441097855568	0.17155443675267465																																						
SUV39H1	94	0.2894445030921326	0.13180601596832275	0.8799244808055381																																						
SUV39H2	66	0.1079814951866924	0.14403171837329865	0.9113908118313405																																						
SUZ12	257	0.4205301339019636	0.07366259396076202	0.31780994336060414																																						
SVIP	240	0.02547179109736124	0.06627755612134933	0.16513530522341094																																						
SWI5	164	0.05880804791386793	0.0803920105099678	0.4489616110761485																																						
SWSAP1	145	0.1076483996339708	0.09511439502239227	0.6572687224669603																																						
SYAP1	163	0.09273358540949224	0.07969841361045837	0.43713027061044685																																						
SYCE1	238	0.044315999481508786	0.06615529954433441	0.16362492133417245																																						
SYCP2L	176	0.16235723841572236	0.08197152614593506	0.47816236626809316																																						
SYCP2	207	0.09022426331254146	0.0729997456073761	0.3015733165512901																																						
SYF2	109	0.15442183221555345	0.13865621387958527	0.8989301447451227																																						
SYK	245	0.0	0.07202241569757462	0.28105726872246695																																						
BNC2	136	0.0	0.09146995097398758	0.614977973568282																																						
SYNGR2	119	0.17068100010101062	0.09336911141872406	0.6381371932032724																																						
SYNJ2BP	88	0.07187838379659266	0.11066406220197678	0.7840151038388924																																						
SYNJ2	201	0.36723790881737856	0.09352459013462067	0.6386406544996853																																						
SYNRG	178	0.16784290497788454	0.07913121581077576	0.42580239144115795																																						
BNIP1	170	0.3141113306700318	0.15727373957633972	0.9329137822529893																																						
SYPL1	301	0.09841700349697532	0.058942683041095734	0.05689112649465072																																						
SYPL2	189	0.3196830108193852	0.07710438221693039	0.3870358716173694																																						
SYP	155	0.15476248300536802	0.08156698197126389	0.47061044682190056																																						
SYS1	182	0.09514029506421663	0.09671685844659805	0.6733794839521712																																						
SYT5	194	0.0	0.07665258646011353	0.37809943360604154																																						
SZT2	208	0.34419080507030586	0.07705532014369965	0.3860289490245437																																						
TAB1	187	0.1651837915887705	0.07414720952510834	0.3262429200755192																																						
BNIP2	292	0.2092578593909893	0.05887943506240845	0.05638766519823789																																						
TAB3	148	0.1916838821604213	0.08194981515407562	0.4776589049716803																																						
TAC3	102	0.0	0.11022862046957016	0.7806167400881058																																						
TACC1	169	0.32068558928208857	0.0815388485789299	0.4699811202013845																																						
TACO1	245	0.1426046869090587	0.06679996848106384	0.17533039647577092																																						
TADA1	280	0.3308425079664472	0.09776484966278076	0.6826935179358087																																						
TADA2A	123	0.32156118902494923	0.1054549589753151	0.7486469477658905																																						
TADA2B	159	0.18372821736678507	0.12156467884778976	0.8401510383889238																																						
TADA3	356	0.13754166999558004	0.12904992699623108	0.870862177470107																																						
TAF10	52	0.04157008796793284	0.3565561771392822	0.9972309628697293																																						
TAF11	151	0.15514923756369825	0.13014231622219086	0.8741346758967904																																						
TAF13	71	0.0	0.21603858470916748	0.9750786658275645																																						
TAF15	282	0.17121765496086186	0.06639330089092255	0.1668974197608559																																						
TAF1A	66	0.0	0.22545866668224335	0.9787287602265576																																						
TAF1B	128	0.2279570142999988	0.12312871217727661	0.8469477658904971																																						
TAF1C	201	0.0	0.16472607851028442	0.9424795468848333																																						
TAF1D	139	0.1311091980332208	0.21136891841888428	0.9729389553178099																																						
BNIP3	135	0.1110765927415483	0.0929926410317421	0.6341095028319698																																						
TAF1	88	0.4438876372299604	0.3125047981739044	0.9952171176840781																																						
TAF2	142	0.3296030059629185	0.2787935435771942	0.9923222152297042																																						
TAF3	140	0.2603729891274673	0.17227144539356232	0.9485210824417872																																						
TAF4B	132	0.0976562104692888	0.08804699778556824	0.5706733794839521																																						
TAF6L	134	0.07241936722344698	0.14057643711566925	0.9040906230333543																																						
TAF6	154	0.12670313314294968	0.18610109388828278	0.9594713656387666																																						
TAF7	91	0.2395716575609801	0.2083388864994049	0.9716803020767778																																						
BOD1L1	277	0.1717970765367793	0.1038389727473259	0.736941472624292																																						
TAF8	107	0.2897976054684569	0.25840869545936584	0.989175582127124																																						
TAF9B	167	0.16275962999613358	0.07958085834980011	0.43448709880427944																																						
TAGLN2	269	0.0957421489595306	0.06606707721948624	0.1619886721208307																																						
TAL1	239	0.15592652809585053	0.09866326302289963	0.6912523599748269																																						
TALDO1	156	0.15719891090453816	0.08306268602609634	0.497293895531781																																						
TAMM41	214	0.05418479932727436	0.11434134095907211	0.8039018250471995																																						
TANGO2	183	0.14006208946133095	0.08081164211034775	0.45601006922592824																																						
TANGO6	66	0.0	0.3024043142795563	0.9943360604153556																																						
TANK	150	0.13879193106562654	0.0839306116104126	0.5108873505349276																																						
TAOK1	128	0.24286117624859616	0.09454982727766037	0.6489616110761485																																						
TAOK2	287	0.1666683520784999	0.06613563746213913	0.1631214600377596																																						
TAP2	94	0.0	0.1056942418217659	0.7505349276274387																																						
TAPBP	216	0.08992742001238725	0.0717732235789299	0.27564505978602893																																						
TAPT1	81	0.22782129908586546	0.12622815370559692	0.8596601636249214																																						
BOD1	126	0.0987050826756307	0.0915461853146553	0.6159848961611076																																						
TARBP1	335	0.18293235724995527	0.05677425116300583	0.038514789175582126																																						
TARBP2	92	0.0	0.11143281310796738	0.7877910635619887																																						
TARDBP	376	0.21059901213916726	0.08632785081863403	0.5436123348017621																																						
TARS2	156	0.024199236055881455	0.15232089161872864	0.9259911894273127																																						
TARSL2	210	0.055679374098944315	0.0749889612197876	0.3442416614222782																																						
TARS	175	0.1151045371891061	0.20944859087467194	0.9720578980490875																																						
TASP1	173	0.12124447656130855	0.08532526344060898	0.5305223410950283																																						
TATDN1	66	0.13159192657499194	0.12856721878051758	0.8696035242290749																																						
TATDN2	223	0.09730636969232327	0.06950501352548599	0.22932662051604782																																						
TATDN3	251	0.11140435274520408	0.07520902901887894	0.34940213971050976																																						
BOLA1	229	0.15357125607780786	0.07091439515352249	0.2580239144115796																																						
ACO1	157	0.15538648809830152	0.08324282616376877	0.5000629326620516																																						
TAX1BP1	304	0.05639981628838355	0.057673968374729156	0.04581497797356828																																						
TAX1BP3	266	0.0	0.063139408826828	0.11076148521082442																																						
TAZ	130	0.11214872140535967	0.1279178261756897	0.8672120830711139																																						
TBC1D10A	147	0.2905760235446532	0.0840364396572113	0.512271869100063																																						
TBC1D10B	100	0.23183402352256116	0.10327210277318954	0.7327879169288861																																						
TBC1D12	206	0.1057708172656666	0.07099033147096634	0.25978602894902453																																						
TBC1D13	200	0.08667390768843765	0.07236295938491821	0.2883574575204531																																						
TBC1D15	104	0.10738258394313513	0.1007038876414299	0.7078665827564506																																						
TBC1D20	323	0.08843078159647272	0.06134862080216408	0.08621774701069855																																						
TBC1D22A	338	0.1447578099297642	0.061796579509973526	0.09162995594713656																																						
TBC1D22B	170	0.16765621151808913	0.07896284759044647	0.4227816236626809																																						
TBC1D23	124	0.14696377189576024	0.09226197749376297	0.6254247954688483																																						
TBC1D24	565	0.08323308342905858	0.047434158623218536	0.005663939584644431																																						
TBC1D31	64	0.18362525777331007	0.134057879447937	0.887098804279421																																						
TBC1D4	134	0.3289579255113616	0.12191877514123917	0.8414096916299559																																						
TBC1D5	105	0.11805303133368172	0.10691434144973755	0.7583385777218377																																						
TBC1D9B	61	0.2309532973290119	0.1340699940919876	0.8873505349276274																																						
TBCA	315	0.08369526671250309	0.07023360580205917	0.24304594084329767																																						
TBCB	198	0.06188863487585682	0.11340293288230896	0.7992448080553808																																						
TBCCD1	177	0.4963143831980205	0.07755900174379349	0.39660163624921335																																						
TBCC	268	0.40526849509904495	0.06242244690656662	0.10018879798615482																																						
TBCK	188	0.04377697809749522	0.07815658301115036	0.4083071113908118																																						
TBK1	267	0.15561484471892684	0.06517038494348526	0.14575204531151667																																						
TBL1X	106	0.2313877280892144	0.10022130608558655	0.7042164883574575																																						
TBL2	220	0.12680628016343615	0.07283955067396164	0.29691629955947135																																						
TBL3	86	0.15897472316763833	0.25610479712486267	0.9885462555066079																																						
TBPL1	146	0.08833746668379867	0.11291482299566269	0.7959723096286972																																						
BOLA3	216	0.1441980044751909	0.07597702741622925	0.36387665198237884																																						
TBP	301	0.18239598359031126	0.11149007081985474	0.7881686595342983																																						
TBRG1	245	0.10003168499083097	0.0681493952870369	0.20113278791692887																																						
TBRG4	95	0.1408520391663867	0.19961237907409668	0.9676526117054751																																						
TBX10	282	0.0	0.07575001567602158	0.35984896161107616																																						
TBX18	137	0.04834366733056194	0.08911950141191483	0.5840151038388924																																						
TBX1	623	0.22445476286652186	0.06478489190340042	0.13845185651353054																																						
TBX20	241	0.0	0.0666872188448906	0.17256135934550032																																						
TBX21	82	0.0	0.11209271103143692	0.7914411579609818																																						
TBX3	263	0.0	0.06268706172704697	0.10396475770925111																																						
TBX4	274	0.0	0.07314492762088776	0.3048458149779736																																						
TBX6	283	0.0	0.05992269888520241	0.06872246696035242																																						
TBXA2R	297	0.060975136603520136	0.062264882028102875	0.0986784140969163																																						
TCAIM	182	0.05771223729806298	0.0773518830537796	0.3924480805538074																																						
TCEA1	118	0.17858942947405096	0.10148487985134125	0.7166771554436753																																						
TCEAL8	215	0.1015374414584597	0.07045998424291611	0.2475770925110132																																						
TCEANC2	125	0.11588408284586348	0.08793086558580399	0.5691629955947136																																						
ELOB	278	0.18192719038651406	0.10192832350730896	0.721334172435494	HIF												27.714838																									
BORA	63	0.07399957779740861	0.15093059837818146	0.9233480176211454																																						
ELOA	205	0.1469713297970231	0.0806458443403244	0.4538703587161737																																						
TCERG1	138	0.08199769523083393	0.17174312472343445	0.9482693517935809																																						
TCF15	275	0.048726591940629393	0.06754273176193237	0.1896790434235368																																						
TCF19	259	0.05344539264822228	0.07326917350292206	0.30837004405286345																																						
TCF21	186	0.0	0.07975046336650848	0.4382630585273757																																						
BPGM	167	0.2261255078348947	0.08085094392299652	0.45689112649465075																																						
TCF23	178	0.0	0.07700908184051514	0.38502202643171807																																						
TCF25	54	0.09608116755012383	0.14271125197410583	0.9088735053492762																																						
TCF3	94	0.11456190621856795	0.12567785382270813	0.8573945877910636																																						
TCF4	159	0.23810698838757174	0.08188905566930771	0.47677784770295784																																						
TCF7L2	185	0.4053212709469163	0.07980635017156601	0.43889238514789175	Hippo;Wnt														1.6814814																			2.0676074				
TCHP	136	0.20893494524844936	0.08947809040546417	0.5884203901825047																																						
TCIRG1	410	0.13048128333600928	0.05180283635854721	0.012586532410320957																																						
TCOF1	163	0.1434627373142544	0.1505662202835083	0.9225928256765261																																						
TCP11L1	179	0.1594186222805644	0.07707137614488602	0.3865324103209566																																						
TCTA	214	0.04679963693108007	0.07218232750892639	0.28370044052863436																																						
TCTEX1D2	121	0.0	0.092316634953022	0.6260541220893644																																						
TCTN1	95	0.09472879470594688	0.10875675827264786	0.771806167400881																																						
TCTN3	177	0.0	0.07987387478351593	0.4397734424166142																																						
TDGF1	243	0.0	0.06465362757444382	0.13631214600377595																																						
TDG	160	0.08955615714947994	0.07980839163064957	0.4391441157960982																																						
BPNT1	133	0.055704297348025886	0.08864982426166534	0.5784770295783511																																						
ACO2	155	0.33054681346163306	0.08283784240484238	0.4921334172435494																																						
TDP1	198	0.0	0.07597760856151581	0.3640025173064821																																						
TDP2	351	0.11220932308242487	0.05621112510561943	0.032850849590937696																																						
TDRD3	63	0.4298492868008822	0.1335117071866989	0.8853366897419761																																						
TDRKH	196	0.0	0.07524056732654572	0.3502831969792322																																						
TEAD1	59	0.22368887925074865	0.12843459844589233	0.8689741976085589	Hippo														0.7341373																							
TEAD2	168	0.06595838327672568	0.08098086714744568	0.4604153555695406	Hippo														0.35467392																							
TEAD3	717	0.2950892293379267	0.039043329656124115	0.001132787916928886	Hippo														0.97125465																							
TEAD4	144	0.26630147963520656	0.09178810566663742	0.6193832599118942	Hippo														0.0011272576																							
TECPR1	245	0.0	0.06648272275924683	0.1696664568911265																																						
TECR	188	0.05298428005052603	0.08300148695707321	0.4961611076148521																																						
TEC	246	0.12207535282123398	0.06997053325176239	0.23901825047199496																																						
TEFM	341	0.1995350014445376	0.14228034019470215	0.9078665827564506																																						
TEF	194	0.0	0.0736311599612236	0.31655129011957206																																						
TELO2	80	0.050195394438662215	0.2738918960094452	0.9920704845814978																																						
TEN1	220	0.16882600634553918	0.07338275760412216	0.3102580239144116																																						
TERF1	198	0.3414208132114705	0.07789283990859985	0.403020767778477																																						
TERF2IP	190	0.11433008213082625	0.09599809348583221	0.665449968533669																																						
BRAF	161	0.19290587711674084	0.08696936815977097	0.5545626179987413																																						
TESC	160	0.14913060485582133	0.08155961334705353	0.4703587161736941																																						
TES	196	0.17361599383306014	0.07546412199735641	0.35431088735053495																																						
TET1	160	0.17958724390296182	0.09292566776275635	0.6328508495909377																																						
TET2	201	0.13642414647093545	0.07339215278625488	0.3108873505349276																																						
TEX10	142	0.08928993175920365	0.19931384921073914	0.9674008810572687																																						
TEX15	94	0.0	0.10350256413221359	0.7342983008181246																																						
TEX261	217	0.056828297160751315	0.07189255207777023	0.27841409691629954																																						
TEX264	530	0.07103937846435293	0.045667704194784164	0.0039018250471994967																																						
BRAP	198	0.0860970714813164	0.07213259488344193	0.2829452485840151																																						
TEX2	290	0.08588230341829411	0.06030000001192093	0.07413467589679043																																						
TEX30	215	0.08306913897920068	0.07205583155155182	0.28206419131529264																																						
TFAM	147	0.07563071679394062	0.1674494594335556	0.9443675267463814																																						
TFAP2C	140	0.0	0.08765775710344315	0.5650094398993077																																						
TFAP2E	106	0.0	0.10109058022499084	0.7107614852108244																																						
TFAP4	53	0.0	0.22030916810035706	0.9767149150409062																																						
BRAT1	395	0.052627427886897366	0.05333411693572998	0.018753933291378224																																						
TFB1M	182	0.035179354140998924	0.10069852322340012	0.707488986784141																																						
TFB2M	434	0.4756119355513151	0.05180073529481888	0.012460667086217746																																						
TFCP2	330	0.11978487190869798	0.056428272277116776	0.03524229074889868																																						
TFDP1	318	0.07818387714069884	0.09954839199781418	0.6979232221522971																																						
TFE3	220	0.2940935083550057	0.07181556522846222	0.2761485210824418																																						
TFEB	360	0.0	0.0546688511967659	0.025676526117054753	Autophagy				0.8454124																																	
BRCA1	197	0.18124831457472207	0.08204571902751923	0.4791692888609188																																						
TFG	223	0.10355610848154613	0.07314024865627289	0.30459408432976715																																						
TGDS	79	0.04070328777813671	0.11034280061721802	0.782001258653241																																						
TGFB1	262	0.1466714118034678	0.06522466987371445	0.14713656387665197	TGF-β																																					
BRCA2	360	0.06575754697938975	0.06726531684398651	0.18376337319068597																																						
TGFBRAP1	309	0.16757545432857854	0.06095149368047714	0.08105726872246696																																						
TGIF1	299	0.17674430995307905	0.06202435493469238	0.09565764631843927																																						
TGIF2	163	0.29916279896993164	0.09114029258489609	0.6115796098174953																																						
TGM2	215	0.0	0.07727044075727463	0.3906859660163625	RAR																																					
TGOLN2	181	0.0961331671095143	0.07916096597909927	0.42680931403398364																																						
TGS1	374	0.09915895947256888	0.0590200312435627	0.05764631843926998																																						
BRCC3	373	0.1466453037279093	0.05565202608704567	0.030711139081183135																																						
THAP10	323	0.0	0.059354983270168304	0.0617998741346759																																						
THAP11	158	0.14293639198577807	0.11386843770742416	0.8020138451856513																																						
THAP1	183	0.2331466838997575	0.10278437286615372	0.7283826305852737																																						
THAP3	146	0.2284123674750855	0.08506274223327637	0.5263687853996224																																						
THAP5	141	0.09175244593078907	0.09221674501895905	0.6249213341724354																																						
THAP6	98	0.0	0.11654539406299591	0.8167400881057268																																						
BRD1	246	0.09509182857636173	0.07871056348085403	0.4183763373190686																																						
THAP7	299	0.11464615037981556	0.0630534365773201	0.10950283196979232																																						
THAP9	241	0.3076806174854863	0.06477952748537064	0.13832599118942732																																						
THEM4	105	0.05235070708278336	0.10577519983053207	0.7514159848961611																																						
THEM6	88	0.0	0.10737500339746475	0.7618628067967275																																						
THEMIS2	124	0.060570896912508276	0.10741865634918213	0.7624921334172435																																						
THG1L	54	0.33058017265324524	0.23104920983314514	0.9809943360604153																																						
THOC1	55	0.14218949685339008	0.1618836522102356	0.9390811831340465																																						
THOC3	281	0.10343209938504977	0.15459097921848297	0.929767149150409																																						
BRD2	111	0.20053449432214007	0.12720029056072235	0.8635619886721209																																						
THOC6	291	0.06451451855834027	0.07583896070718765	0.3613593455003147																																						
THOC7	153	0.2433658628206704	0.12604652345180511	0.8589049716803021																																						
THOP1	255	0.06362276738674051	0.07038061320781708	0.24568911264946508																																						
THRAP3	175	0.1597237745061562	0.0992266982793808	0.6956576463184393																																						
THRA	295	0.24435065018481075	0.06526726484298706	0.14801762114537445	TR																												0.466757									
THRB	305	0.3193931363778316	0.058908142149448395	0.05676526117054751	TR																												0.26381266									
THUMPD1	73	0.2201418853361497	0.18583156168460846	0.9589679043423537																																						
THUMPD2	366	0.20620558589721052	0.05249111354351044	0.014852108244178729																																						
ACOT12	422	0.0	0.051475778222084045	0.01145374449339207																																						
THUMPD3	239	0.12649704291060254	0.06792441755533218	0.1971050975456262																																						
THYN1	83	0.0905524277122903	0.1115327775478363	0.7884203901825048																																						
TIA1	121	0.16764760173336835	0.10939867049455643	0.7760855884203902																																						
TIGD1	133	0.09282257827692099	0.09267424792051315	0.6302076777847703																																						
TIGD2	72	0.19134436731668567	0.12438356876373291	0.8521082441787288																																						
TIGD3	189	0.0	0.07517891377210617	0.3486469477658905																																						
BRD3	227	0.14696153153545669	0.07003200799226761	0.24040276903713026																																						
TIGD6	229	0.1278756368818429	0.0701657310128212	0.24216488357457522																																						
TIMELESS	122	0.05107734611359941	0.11143714934587479	0.7879169288860919																																						
TIMM10B	209	0.10094114877151926	0.0718165785074234	0.276274386406545																																						
TIMM10	140	0.21992967814314374	0.08801092952489853	0.5701699181875394																																						
TIMM13	237	0.2525103270512221	0.11496703326702118	0.8083071113908118																																						
TIMM17A	129	0.148525354080486	0.10420657694339752	0.7398363750786658																																						
TIMM17B	138	0.12712663440592034	0.11606302857398987	0.8137193203272498																																						
TIMM21	70	0.3367626695413577	0.11647725105285645	0.8161107614852108																																						
TIMM22	111	0.2607053354161204	0.10914983600378036	0.7744493392070485																																						
TIMM44	63	0.30001633670614275	0.26251929998397827	0.9903083700440528																																						
TIMM50	53	0.18888083302585895	0.16825009882450104	0.9449968533668974																																						
TIMM8A	405	0.04404646603703197	0.05509310960769653	0.027942101950912523																																						
TIMM8B	325	0.12424150807061353	0.057437725365161896	0.044430459408432973																																						
TIMM9	314	0.13043743945171815	0.09695151448249817	0.6757709251101321																																						
TIMP1	307	0.05580554591427896	0.073745958507061	0.3190685966016362																																						
TINF2	115	0.10675716883751027	0.10328894108533859	0.7329137822529893																																						
TIPIN	210	0.1526369074669492	0.09107165038585663	0.6104468219005664																																						
TIPRL	106	0.06708222838626803	0.1120951697230339	0.791567023285085																																						
TJAP1	167	0.3753980664254923	0.08324364572763443	0.5001887979861548																																						
TJP1	303	0.11248798629277076	0.05950207635760307	0.06406544996853367																																						
TJP2	158	0.3314473272085127	0.08059217780828476	0.452863436123348																																						
BRD8	127	0.07475155855634782	0.1750974953174591	0.9510383889238515																																						
TK1	98	0.07311744385689402	0.1255767047405243	0.8571428571428571																																						
TLCD1	309	0.13373206548219255	0.059268608689308167	0.06066708621774701																																						
TLE3	235	0.14390536929221784	0.08847921341657639	0.5760855884203901																																						
TLE4	76	0.41392764351508987	0.10971096903085709	0.7777218376337319																																						
TLK2	244	0.14046216745549842	0.08705683052539825	0.5554436752674639																																						
TLN1	246	0.1923203058447768	0.06674614548683167	0.17407174323473884																																						
TLX1	331	0.06285471209673432	0.05652792751789093	0.03650094398993078																																						
BRD9	76	0.11043369539156493	0.12580445408821106	0.8577721837633732																																						
TLX2	112	0.0	0.09849804639816284	0.6902454373820013																																						
TLX3	110	0.0	0.09393337368965149	0.6431718061674009																																						
TM2D1	89	0.14788623657688638	0.116678386926651	0.8177470106985526																																						
TM2D2	88	0.05692293724302254	0.10807739943265915	0.7670232850849591																																						
TM2D3	96	0.39626773047703423	0.10475735366344452	0.7444933920704846																																						
TM4SF19	171	0.0	0.07794687151908875	0.4045311516677155																																						
TM7SF2	250	0.17084053398747834	0.06412035971879959	0.12573945877910636																																						
TM7SF3	187	0.06258124397356978	0.07869070023298264	0.41787287602265577																																						
TM9SF1	240	0.09297280774700244	0.06544706970453262	0.15091252359974827																																						
BABAM2	112	0.0	0.10834886133670807	0.7684078036500944																																						
TM9SF2	180	0.05240065124980341	0.07651778310537338	0.3760855884203902																																						
TM9SF3	216	0.15457940156642308	0.07295223325490952	0.2999370673379484																																						
TM9SF4	167	0.03298221828360756	0.09476715326309204	0.6516047828823159																																						
TMA16	233	0.10323769058849354	0.12635298073291779	0.8604153555695406																																						
TMA7	284	0.2131583651489629	0.061306796967983246	0.08546255506607929																																						
TMBIM1	96	0.07325973665763423	0.10585446655750275	0.7517935808684707																																						
TMBIM4	160	0.04366302975038404	0.08252740651369095	0.4863436123348018																																						
TMBIM6	133	0.1591790907204087	0.09203103929758072	0.6225298930144745																																						
TMC6	215	0.2297874974004501	0.07291406393051147	0.29918187539332913																																						
TMCO1	261	0.08148706044114007	0.06813650578260422	0.20088105726872246																																						
BRF1	269	0.3411790696732498	0.07401511818170547	0.32297042164883577																																						
TMCO3	259	0.08731433458661597	0.07086500525474548	0.2570169918187539																																						
TMCO6	113	0.0	0.09943394362926483	0.6969162995594713																																						
TMED10	315	0.08202637814031317	0.07741392403841019	0.3935808684707363																																						
TMED1	144	0.06393453718090422	0.08409079164266586	0.5131529263687854																																						
TMED2	353	0.0963372650988238	0.07284241169691086	0.2971680302076778																																						
TMED3	258	0.07879088699875471	0.0624399408698082	0.10056639395846444																																						
TMED4	124	0.09296805938516883	0.10953677445650101	0.7768407803650095																																						
TMED5	160	0.18764329086309045	0.08090393245220184	0.45877910635619884																																						
TMED7	368	0.09723254587622453	0.05784294754266739	0.04694776589049717																																						
TMED8	156	0.08035691560841769	0.0897807702422142	0.5928256765261171																																						
BRF2	376	0.07058064545802849	0.052774373441934586	0.016236626809314033																																						
TMEM106B	270	0.05170785986483749	0.07760017365217209	0.39773442416614224																																						
TMEM106C	281	0.051934321593157175	0.0635521337389946	0.11793580868470736																																						
TMEM107	83	0.0	0.11028630286455154	0.7811202013845185																																						
TMEM109	200	0.09369876383967687	0.06976791471242905	0.23461296412838262																																						
TMEM115	125	0.1610545442341184	0.1077914908528328	0.7646318439269981																																						
TMEM116	208	0.0946739869061873	0.07561943680047989	0.3575833857772184																																						
TMEM11	164	0.13438802105157532	0.08604218810796738	0.5402139710509755																																						
TMEM120A	266	0.3400906137228674	0.07012420892715454	0.24153555695405915																																						
BRI3BP	386	0.13460384209898973	0.05234468728303909	0.0144745122718691																																						
TMEM120B	65	0.3627408059050489	0.12840043008327484	0.8688483322844557																																						
TMEM123	126	0.19020364175357604	0.09429909288883209	0.646821900566394																																						
TMEM126A	228	0.11393053579141064	0.06833401322364807	0.20566393958464443																																						
TMEM126B	82	0.03305418317726052	0.1197911947965622	0.8324732536186281																																						
TMEM127	386	0.08226155128957298	0.05431922525167465	0.024166142227816236																																						
TMEM128	127	0.1975529152300151	0.08971896767616272	0.592196349905601																																						
TMEM131	310	0.14797547431702351	0.08188460022211075	0.4764002517306482																																						
TMEM134	273	0.048761319392542316	0.06349877268075943	0.11629955947136564																																						
TMEM135	200	0.14539027201304605	0.07200461626052856	0.2806796727501573																																						
BRI3	146	0.3611378433833297	0.10592563450336456	0.7529263687853996																																						
ACOT13	147	0.03374702361160273	0.08487950265407562	0.5239773442416614																																						
AAMP	157	0.16635074916307446	0.12103069573640823	0.8380113278791693																																						
TLCD5	166	0.06304646424884253	0.07657959312200546	0.37696664568911264																																						
TMEM138	302	0.15659237392953892	0.0587448924779892	0.05500314663310258																																						
TMEM141	161	0.04680245112854815	0.07872868329286575	0.41862806796727503																																						
TMEM147	93	0.030150984392199907	0.11228629946708679	0.7924480805538074																																						
TMEM14A	125	0.0	0.08884090185165405	0.5808684707363121																																						
TMEM14B	173	0.041100096062963366	0.07701171189546585	0.38514789175582126																																						
TMEM14C	172	0.03391266132705335	0.07860822230577469	0.4159848961611076																																						
TMEM150A	319	0.07166335689199875	0.05896182358264923	0.05714285714285714																																						
TMEM158	57	0.16718333971975566	0.1302112489938736	0.8746381371932033																																						
TMEM159	109	0.14470071261476722	0.0997747853398323	0.7000629326620516																																						
BRIP1	308	0.0835505784921401	0.06002096086740494	0.07010698552548773																																						
TMEM160	381	0.05790425894650205	0.05328848212957382	0.018376337319068597																																						
TMEM161A	172	0.06213422856293833	0.07851521670818329	0.4144745122718691																																						
TMEM161B	199	0.05557765851705309	0.13197143375873566	0.8806796727501573																																						
TMEM164	213	0.36122219945955997	0.06990569829940796	0.23738200125865325																																						
TMEM165	135	0.31189648027751016	0.09198484569787979	0.6217747010698552																																						
TMEM167A	77	0.0881300501465523	0.12846063077449799	0.8692259282567653																																						
TMEM167B	126	0.05942072575623617	0.09345380961894989	0.6383889238514789																																						
TMEM168	197	0.13168797640047444	0.07384294271469116	0.32057898049087474																																						
TMEM170A	293	0.0575992807207721	0.06475505977869034	0.13769666456891128																																						
TMEM173	263	0.08899097554786152	0.06198829039931297	0.09477658904971681	cGAS-STING																																			6.283222		
BRIX1	116	0.41151079067571017	0.18422305583953857	0.9580868470736312																																						
TMEM175	141	0.07410255650559405	0.08946848660707474	0.5882945248584015																																						
TMEM177	261	0.07185774334774847	0.06514070183038712	0.14512271869100063																																						
TMEM179B	198	0.18463424835371964	0.08215146511793137	0.4813089993706734																																						
TMEM183A	61	0.495878744402709	0.12969887256622314	0.8727501573316552																																						
TMEM184B	96	0.10969536839196012	0.10872521251440048	0.771176840780365																																						
TMEM184C	101	0.0579053772554893	0.10147210955619812	0.7165512901195721																																						
TMEM185B	234	0.045088997330764616	0.0744306743144989	0.331529263687854																																						
TMEM186	79	0.05946077996774703	0.1145467534661293	0.8056639395846444																																						
TMEM189	239	0.09670957232824938	0.06783612817525864	0.19584644430459408																																						
BRK1	391	0.07664046646479006	0.050955597311258316	0.010446821900566394																																						
TMEM18	130	0.06104677878927162	0.09733161330223083	0.6791692888609188																																						
TMEM192	213	0.0773264740529183	0.07866210490465164	0.4173694147262429																																						
TMEM198	205	0.0	0.07085619121789932	0.2563876651982379																																						
TMEM199	218	0.1806962889621593	0.073281429708004	0.30849590937696664																																						
TMEM19	209	0.11207009044780523	0.07329379767179489	0.3087476400251731																																						
TMEM203	249	0.15285324126565014	0.07072705030441284	0.25311516677155443																																						
TMEM205	146	0.3999611365392	0.08190818130970001	0.47715544367526747																																						
TMEM208	104	0.19019734495431412	0.10903225094079971	0.7733165512901196																																						
BRMS1L	128	0.05757840907367945	0.09371460229158401	0.6405286343612335																																						
TMEM209	197	0.0735255765488554	0.07653350383043289	0.3763373190685966																																						
TMEM214	208	0.09716756259550977	0.10820553451776505	0.7679043423536815																																						
TMEM216	308	0.0	0.05737950652837753	0.043801132787916926																																						
TMEM218	215	0.08625484807944478	0.07383130490779877	0.3202013845185651																																						
TMEM219	78	0.05875235187300841	0.11601831763982773	0.813215859030837																																						
TMEM222	218	0.322553928902691	0.07152491062879562	0.27111390811831343																																						
TMEM223	111	0.10889845773119468	0.09716734290122986	0.6777847702957835																																						
TMEM230	133	0.13096863128045413	0.08775921165943146	0.5665198237885463																																						
BRMS1	101	0.10042074953273583	0.11273019015789032	0.7948395217117684																																						
TMEM231	165	0.12729640276198395	0.078011654317379	0.40591567023285086																																						
TMEM234	123	0.0	0.09651130437850952	0.6707363121460038																																						
TMEM240	394	0.4372206981055161	0.05417992174625397	0.02315921963499056																																						
TMEM241	136	0.0	0.09283868968486786	0.6320956576463185																																						
TMEM242	146	0.061074421476187815	0.12066446989774704	0.8361233480176211																																						
TMEM243	162	0.09824834378899676	0.08053676038980484	0.4516047828823159																																						
TMEM245	334	0.24192130827898725	0.05746309459209442	0.044556324732536186																																						
TMEM248	195	0.21345114154303216	0.07073663920164108	0.2533668974197609																																						
TMEM251	189	0.05504289513922477	0.07452237606048584	0.3340465701699182																																						
TMEM256	245	0.09719309960363827	0.06591363996267319	0.15846444304594084																																						
TMEM258	287	0.14506106631458096	0.08383248746395111	0.5095028319697923																																						
TMEM259	256	0.1799593251786153	0.07759178429841995	0.3973568281938326																																						
CEMIP2	244	0.2288163688167628	0.06500237435102463	0.14235368156073003																																						
TMEM30A	98	0.052114715535888805	0.10096487402915955	0.7101321585903083																																						
TMEM33	207	0.04340683286386175	0.07371063530445099	0.3185651353052234																																						
TMEM38B	189	0.042512087090427295	0.07675757259130478	0.37960981749528006																																						
BRPF1	230	0.16768367520446822	0.07692800462245941	0.38338577721837636																																						
TMEM39A	249	0.03619959242360809	0.06379738450050354	0.12146003775959723																																						
TMEM39B	209	0.021891057516211967	0.07486733794212341	0.3415984896161108																																						
TMEM41A	122	0.0888174271070132	0.09039951860904694	0.6007551919446192																																						
TMEM43	59	0.12353008308604875	0.13313093781471252	0.8844556324732537																																						
TMEM44	221	0.1370888916432357	0.07226477563381195	0.28609188168659533																																						
TMEM50A	287	0.20517829472358928	0.07187814265489578	0.2777847702957835																																						
TMEM50B	253	0.07754124758979065	0.0659177303314209	0.15859030837004406																																						
TMEM52	399	0.0	0.05162878334522247	0.01157960981749528																																						
TMEM53	195	0.054525599711242205	0.07252907007932663	0.29150409062303334																																						
BRPF3	166	0.17327016695937414	0.08369119465351105	0.5077407174323474																																						
TMEM54	161	0.1128762951288076	0.08239381015300751	0.48445563247325363																																						
PIP4P2	339	0.04573759643664907	0.06194988638162613	0.09414726242920075																																						
PIP4P1	107	0.1262790980074574	0.11867134273052216	0.8270610446821901																																						
TMEM59	196	0.2097541851224675	0.07500140368938446	0.34449339207048457																																						
RXYLT1	248	0.0985072611775172	0.06422913819551468	0.12863436123348018																																						
TMEM60	100	0.1350810519736715	0.10620040446519852	0.754310887350535																																						
TMEM62	75	0.30518397006095865	0.11982423067092896	0.8325991189427313																																						
BRWD1	189	0.08366485506965322	0.07554374635219574	0.35619886721208305																																						
TMEM64	290	0.3126366761893473	0.060566142201423645	0.07652611705475142																																						
TMEM68	169	0.1696131073452743	0.08188590407371521	0.4765261170547514																																						
TMEM69	249	0.2770509706755997	0.06600935757160187	0.16098174952800504																																						
TMEM70	246	0.25274023211838353	0.06794560700654984	0.197608558842039																																						
TMEM80	123	0.0	0.09559929370880127	0.6620516047828823																																						
TMEM87A	276	0.21812160621432566	0.06865571439266205	0.21157960981749527																																						
TMEM8A	188	0.1195083178277947	0.07928016036748886	0.42970421648835744																																						
BRWD3	80	0.2842456757798563	0.11305304616689682	0.7973568281938326																																						
ACOT7	348	0.10455223629014916	0.06647206842899323	0.16954059156702328																																						
TMEM97	127	0.029182522104373262	0.10172334313392639	0.7193203272498426																																						
TMEM98	280	0.08491986052918422	0.06289451569318771	0.10736312146003776																																						
TMEM99	108	0.08896995335050974	0.09654612094163895	0.670862177470107																																						
TMEM9B	125	0.4864250291328304	0.09810454398393631	0.6849590937696665																																						
TMEM9	242	0.1035125910856807	0.07062118500471115	0.2514789175582127																																						
TMF1	143	0.15605222636691707	0.08585452288389206	0.5378225298930145																																						
TMLHE	197	0.04383186919912711	0.07497693598270416	0.34398993077407175																																						
TMOD1	132	0.2842066671031606	0.10127648711204529	0.712901195720579																																						
TMOD3	154	0.08474736038997886	0.08735625445842743	0.5604782882315922																																						
TMPO	318	0.4777880440968608	0.06578829884529114	0.15720578980490874																																						
BSCL2	213	0.2319986802312464	0.07175406068563461	0.2748898678414097																																						
TMSB10	433	0.09192309256923548	0.06671757251024246	0.17344241661422277																																						
TMTC4	103	0.4163497052640991	0.10439381748437881	0.7417243549402139																																						
TMUB1	147	0.222925415478756	0.08683990687131882	0.5519194461925739																																						
TMUB2	267	0.2969885496258976	0.06475558131933212	0.13782252989301447																																						
TMX1	149	0.05423030580839548	0.08558636903762817	0.5341724354940214																																						
TMX2	111	0.3387978351010468	0.22614647448062897	0.9792322215229704																																						
TMX3	311	0.14657134007848827	0.059489939361810684	0.06381371932032726																																						
TMX4	135	0.16100998359459814	0.09274346381425858	0.6309628697293895																																						
TNFAIP1	249	0.07704060944074162	0.06624119728803635	0.16463184392699812																																						
TNFAIP2	260	0.1645465291759092	0.06272924691438675	0.10484581497797357																																						
TNFAIP8L1	157	0.4571506536466093	0.07972966879606247	0.43763373190685967																																						
TNFAIP8L2	232	0.057987353012718575	0.06916315853595734	0.221019509125236																																						
TNFAIP8	308	0.124934311138875	0.06501521170139313	0.14260541220893644																																						
TNFRSF10A	86	0.15202014351246085	0.11882033199071884	0.8276903713027061																																						
TNFRSF10B	212	0.2621525487134374	0.07277635484933853	0.29628697293895534																																						
TNFRSF12A	154	0.07212128251815614	0.08513796329498291	0.5275015733165513																																						
TNFRSF1A	168	0.038006510881883684	0.07571394741535187	0.3592196349905601	ERK/MAPK;NF-κB;mTOR										0.4211316									0.43153515																	0.46065605	
BSDC1	74	0.08818862895889835	0.13251182436943054	0.8825676526117054																																						
TNFRSF8	143	0.0	0.08790329843759537	0.5686595342983009																																						
TNFSF10	62	0.1630444724065443	0.18047043681144714	0.9551919446192574																																						
TNFSF9	256	0.0	0.06474446505308151	0.13719320327249843																																						
TNIK	245	0.2348314109070632	0.06639371812343597	0.1670232850849591																																						
TNIP2	243	0.11454430199252102	0.06683830171823502	0.17583385777218377																																						
BSG	226	0.20202478614431035	0.06928012520074844	0.22353681560730018																																						
TNKS1BP1	133	0.48650784340851	0.08860674500465393	0.5778477029578352																																						
TNKS2	99	0.26453806985358913	0.10698727518320084	0.7590937696664569																																						
TNKS	211	0.17994220113908668	0.07120933383703232	0.2643171806167401																																						
TNNI3	253	0.13409111640084512	0.0685507133603096	0.20969162995594715																																						
TNNT1	197	0.04281579927858186	0.07287723571062088	0.29792322215229705																																						
TNPO1	112	0.2462374099969035	0.11884557455778122	0.8278162366268094																																						
BST2	77	0.3245205256509934	0.11448536068201065	0.8052863436123348																																						
TNPO3	210	0.09070009968311117	0.1389451026916504	0.8999370673379484																																						
TNRC6A	379	0.2421620589495249	0.08739960938692093	0.5609817495280051																																						
TNXB	80	0.0	0.11471860110759735	0.8067967275015733																																						
TOB1	196	0.19570000962386988	0.07334442436695099	0.3097545626179987																																						
TOB2	215	0.16584111500879592	0.06739155948162079	0.18615481434864695																																						
TOE1	318	0.05337175128900172	0.08938519656658173	0.5875393329137822																																						
TOLLIP	125	0.0	0.09319999814033508	0.6367526746381372																																						
TOM1L1	168	0.0	0.10849612206220627	0.7694147262429201																																						
TOM1	151	0.330719627165911	0.08668821305036545	0.5497797356828193																																						
TOMM20	182	0.15191722094009802	0.12275107204914093	0.8454373820012586																																						
TOMM22	114	0.22313895376157167	0.24607904255390167	0.9859030837004406																																						
TOMM34	190	0.11000692140566064	0.08014151453971863	0.44417872876022657																																						
TOMM40L	123	0.14492216464971816	0.09837478399276733	0.6884833228445564																																						
TOMM40	197	0.3380274957772761	0.11315678060054779	0.7979861548143486																																						
TOMM5	113	0.030463949140968838	0.10277947038412094	0.7281308999370674																																						
TOMM6	66	0.17060798762844773	0.13292084634304047	0.884078036500944																																						
BTAF1	161	0.08006998420415229	0.14572684466838837	0.9139081183134047																																						
TOMM70	186	0.06861047367366767	0.0798669308423996	0.439647577092511																																						
TOMM7	265	0.1639044247514442	0.06396704912185669	0.12347388294524858																																						
TOP1MT	181	0.07989966998428373	0.07897357642650604	0.42290748898678415																																						
TOP1	218	0.2156921098960924	0.16383688151836395	0.9410950283196979																																						
TOP2B	275	0.21366741674934947	0.06250006705522537	0.10157331655129012																																						
TOP3A	294	0.22240837527946666	0.0682344064116478	0.2025173064820642																																						
TOP3B	96	0.12774445617584845	0.11308372765779495	0.7974826935179358																																						
TOPBP1	106	0.27886731977866136	0.11283014714717865	0.7954688483322845																																						
BTBD10	149	0.0	0.08681734651327133	0.5511642542479547																																						
TOPORS	201	0.3299950405280566	0.0745910108089447	0.33530522341095026																																						
TOR1AIP1	66	0.08046856941611794	0.1270381212234497	0.8631843926998112																																						
TOR1AIP2	187	0.21998567450174045	0.07757342606782913	0.3971050975456262																																						
TOR1A	215	0.09309913590784044	0.07285560667514801	0.29741976085588423																																						
TOR1B	146	0.26768139944118297	0.10658197849988937	0.756702328508496																																						
TOR2A	139	0.029176169112391105	0.08305912464857101	0.49704216488357456																																						
TOR3A	158	0.07313266140270938	0.08883537352085114	0.5807426054122089																																						
TOR4A	274	0.08148644540821574	0.06449844688177109	0.1326620516047829																																						
TOX4	256	0.2454588206194896	0.08952323347330093	0.58980490874764																																						
TP53BP2	238	0.4495226307159789	0.06734693050384521	0.1855254877281309	Hippo														0.012415725																							
TP53I13	159	0.06524892420556358	0.10879752039909363	0.7726872246696035																																						
TP53I3	300	0.03396318792925626	0.06679534912109375	0.1752045311516677																																						
TP53RK	249	0.13688866278404804	0.11612574756145477	0.8140969162995595																																						
TP53	220	0.3194260173159281	0.07348073273897171	0.31277533039647576	ERK/MAPK;Wnt;p53										0.48316607																							0.6215118				0.6422479
TP73	196	0.31774219465145204	0.09272322803735733	0.6307111390811831	Hippo;p53														0.5761412																							1.4738488
TPD52L1	275	0.05146737245667332	0.06452210992574692	0.13354310887350535																																						
TPD52L2	240	0.10396031262532787	0.0659082755446434	0.15821271239773443																																						
BTBD1	159	0.17323999337102386	0.0891774594783783	0.5842668344870988																																						
ACOT8	119	0.17389341166209696	0.09435626864433289	0.6474512271869101																																						
TPGS2	152	0.07682130103663287	0.08535999059677124	0.5311516677155443																																						
TPI1	72	0.3816865242386308	0.13484956324100494	0.890119572057898																																						
TPM1	289	0.2454930795624851	0.06201593950390816	0.09540591567023285																																						
TPM3	189	0.13837100896505133	0.074736587703228	0.3388294524858402																																						
TPM4	335	0.17251812332878655	0.0583392009139061	0.05147891755821271																																						
TPMT	127	0.05229000615882316	0.09218259155750275	0.6245437382001259																																						
TPP1	195	0.043326388607429066	0.07243231683969498	0.2893643801132788																																						
BTBD2	213	0.1385671837119514	0.07429922372102737	0.3288860918816866																																						
TPRA1	234	0.3093005709435389	0.06854505836963654	0.2094398993077407																																						
TPRN	229	0.26717686944089103	0.070122629404068	0.24140969162995596																																						
TPR	92	0.10799289617871033	0.22812926769256592	0.9797356828193833																																						
TPT1	96	0.3317044679566763	0.11617442220449448	0.8147262429200756																																						
TPX2	171	0.3299031149232179	0.12412696331739426	0.8505978602894902																																						
BTBD3	123	0.2470088622962035	0.10334932059049606	0.7337948395217118																																						
TRA2A	364	0.308973624835925	0.05785549059510231	0.04707363121460038																																						
TRA2B	389	0.3171088236629589	0.12943966686725616	0.8718691000629326																																						
TRABD	207	0.27867883945896144	0.09561368823051453	0.6625550660792952																																						
TRADD	126	0.05982108999747419	0.10612490773200989	0.7536815607300189																																						
TRAF3IP1	187	0.15327552894543256	0.08472675085067749	0.5217117684078036																																						
TRAF3IP2	204	0.10904025078463947	0.0756867527961731	0.35871617369414727																																						
BTBD7	139	0.1795844897163265	0.09282530099153519	0.6317180616740088																																						
TRAF3	241	0.3961575489612141	0.06596987694501877	0.15959723096286973																																						
TRAF4	200	0.2055364125905936	0.07410850375890732	0.3252359974826935																																						
TRAF5	277	0.07823946376051864	0.06476099044084549	0.1380742605412209																																						
TRAF7	244	0.15732004092426105	0.06254994124174118	0.10245437382001259																																						
TRAFD1	136	0.2106845992733479	0.08657167851924896	0.5483952171176841																																						
TRAIP	202	0.06787764383812601	0.07419142872095108	0.3272498426683449																																						
TRAM1	272	0.10342646943532023	0.06217557191848755	0.09754562617998741																																						
TRAM2	253	0.2170506666094588	0.06428714841604233	0.12926368785399622																																						
BTF3L4	340	0.14067623873684126	0.057995639741420746	0.048835745752045315																																						
TRAP1	271	0.19991399951168595	0.06306131184101105	0.10975456261799874																																						
TRAPPC11	125	0.045817875095735205	0.1509910225868225	0.9234738829452486																																						
TRAPPC12	227	0.07983433883560558	0.0728394091129303	0.29679043423536816																																						
TRAPPC13	171	0.29927846942693165	0.08339064568281174	0.5029578351164254																																						
TRAPPC1	194	0.2642498453339576	0.07266126573085785	0.29364380113278793																																						
TRAPPC2L	88	0.12301623067971658	0.10860133916139603	0.7701699181875393																																						
TRAPPC2	208	0.045278986420531096	0.0737154632806778	0.3186910006293266																																						
TRAPPC3	377	0.11563916924404255	0.059923939406871796	0.06884833228445564																																						
TRAPPC4	443	0.2657832211656672	0.05232691019773483	0.01434864694776589																																						
BTF3	83	0.08465750407463234	0.17731359601020813	0.9526746381371932																																						
TRAPPC5	103	0.10608449233521466	0.12525443732738495	0.8557583385777219																																						
TRAPPC6A	163	0.07678386261835045	0.09164538979530334	0.6172435494021397																																						
TRAPPC6B	147	0.15283262584820098	0.0840536579489708	0.5126494650723725																																						
TRAPPC8	270	0.19610834705093574	0.06762482225894928	0.1919446192573946																																						
TRDMT1	153	0.06305086542025984	0.08147386461496353	0.4680931403398364																																						
TREML2	169	0.0	0.07741647958755493	0.3937067337948395																																						
TRERF1	156	0.4510706126194022	0.0954575315117836	0.6607929515418502																																						
TRIAP1	164	0.08399234560256615	0.09459545463323593	0.6502202643171806																																						
TRIB2	334	0.15900883060170842	0.06144753098487854	0.08722466960352424																																						
TRIB3	167	0.3286621924445305	0.07793180644512177	0.4040276903713027																																						
TRIM11	124	0.059818583548085565	0.09095606952905655	0.608432976714915																																						
TRIM13	118	0.2116969820198632	0.10116875171661377	0.7117684078036501																																						
TRIM14	228	0.09203947077149056	0.06750532239675522	0.18879798615481436																																						
TRIM16	241	0.19640461546376106	0.06829211860895157	0.2039018250471995																																						
TRIM23	230	0.04415186048555995	0.0807889923453331	0.4553807426054122																																						
TRIM24	104	0.2380369723666448	0.14334222674369812	0.9101321585903084																																						
TRIM25	116	0.031494073957085186	0.09398128092288971	0.6434235368156073	NF-κB																			3.6541097																		
TRIM26	220	0.0328650145075607	0.06951349973678589	0.22995594713656387																																						
BTG2	163	0.10249012473904016	0.08258074522018433	0.48772813089993705																																						
TRIM27	77	0.4302387726504107	0.12600958347320557	0.8586532410320956																																						
TRIM28	57	0.3099379443203406	0.14952857792377472	0.9209565764631844																																						
TRIM33	244	0.17341903004928946	0.08017443865537643	0.44493392070484583																																						
TRIM35	382	0.14615123931785398	0.06546735018491745	0.15116425424795468																																						
TRIM38	95	0.0407178679383801	0.10169288516044617	0.7190685966016362																																						
TRIM39	136	0.389706882462986	0.09001592546701431	0.5954688483322844																																						
TRIM41	158	0.03708859812268636	0.09186797589063644	0.62039018250472																																						
TRIM44	282	0.08630128543865245	0.06215118616819382	0.097293895531781																																						
BTG3	177	0.0	0.0771847516298294	0.38854625550660793																																						
TRIM4	137	0.2026162316836576	0.08832383900880814	0.5739458779106357																																						
TRIM56	134	0.06183763955765799	0.08925284445285797	0.5852737570799245																																						
TRIM58	253	0.08763815919450554	0.06417767703533173	0.12699811202013844																																						
TRIM59	122	0.0704642705298958	0.10876600444316864	0.7720578980490874																																						
TRIM5	254	0.0	0.06726734340190887	0.18401510383889239																																						
TRIM65	117	0.19907465291903412	0.09579688310623169	0.663687853996224																																						
TRIM71	251	0.1637614082391798	0.0750105008482933	0.344745122718691																																						
TRIM7	116	0.4133277891778998	0.09293226152658463	0.6331025802391441																																						
TRIM8	248	0.41012183672217056	0.07096940279006958	0.2591567023285085																																						
BTK	175	0.0978505711181346	0.07942965626716614	0.431843926998112																																						
TRIOBP	272	0.14039901990898362	0.06121543049812317	0.08395217117684078																																						
TRIP10	217	0.07028697693449477	0.07265228033065796	0.2932662051604783																																						
TRIP11	228	0.2651537738673536	0.06995992362499237	0.23864065449968533																																						
TRIP12	89	0.2296109979122828	0.11905503273010254	0.8289490245437382																																						
TRIP13	170	0.06791593851942726	0.09067262709140778	0.6045311516677155																																						
TRIP4	137	0.04528739008880578	0.08981803804636002	0.5934550031466331																																						
TRIP6	320	0.0882216810369759	0.06177518144249916	0.09137822529893014																																						
TRIT1	111	0.09252225982343497	0.09991645812988281	0.7014474512271869																																						
BTN2A1	70	0.24538860463173245	0.12498398870229721	0.8544996853366897																																						
ACOT9	247	0.06450580189461347	0.06640719622373581	0.16777847702957835																																						
TRMT10A	150	0.1635809281840433	0.08969967812299728	0.5918187539332914																																						
TRMT10B	137	0.12958925262569426	0.08816886693239212	0.5716803020767779																																						
TRMT10C	181	0.14708688632267494	0.12660887837409973	0.8611705475141599																																						
TRMT112	179	0.21818309048708148	0.19817937910556793	0.9671491504090624																																						
TRMT11	151	0.0	0.08372414112091064	0.5079924480805538																																						
TRMT12	212	0.028544858873592125	0.07223513722419739	0.28533668974197607																																						
TRMT13	205	0.10668322457031693	0.07897690683603287	0.42303335431088734																																						
TRMT1L	110	0.20969592722750047	0.10049701482057571	0.7062303335431088																																						
TRMT1	177	0.2517116677485184	0.07887164503335953	0.4211453744493392																																						
TRMT2A	268	0.15573690798519005	0.07001739740371704	0.23989930774071744																																						
BTN2A2	60	0.0	0.13876621425151825	0.899056010069226																																						
TRMT2B	222	0.13025585079220645	0.08264058828353882	0.48873505349276275																																						
TRMT5	112	0.1585574659823836	0.1495356410741806	0.9210824417872876																																						
TRMT61A	156	0.3022668852769585	0.09098576009273529	0.6091881686595343																																						
TRMT61B	243	0.08230732281719343	0.06755687296390533	0.19018250471994966																																						
TRMT6	204	0.12861318314148598	0.07936947792768478	0.4304594084329767																																						
TRMU	169	0.4830208919547059	0.08937031775712967	0.5872876022655759																																						
TRNAU1AP	68	0.14072346105790864	0.1750057190656662	0.9509125235997483																																						
TRNT1	386	0.2385138158649497	0.10576275736093521	0.7511642542479547																																						
BTN3A2	101	0.0	0.11367595940828323	0.8003775959723096																																						
TROAP	259	0.08922945893155307	0.06693263351917267	0.17747010698552548																																						
RO60	298	0.2316832802443151	0.06028250604867935	0.07388294524858402																																						
TRPC4AP	99	0.15202123422803335	0.11236535757780075	0.7929515418502202																																						
TRPM7	56	0.19176836725000795	0.17737112939357758	0.9528005034612964																																						
TRPS1	246	0.2610102319196704	0.06521619856357574	0.14675896790434234																																						
TRPT1	312	0.07076405522982676	0.05989142879843712	0.06834487098804279																																						
TRPV2	213	0.15326589278634298	0.07011806219816208	0.24128382630585274																																						
TRRAP	325	0.32582063142341233	0.20014217495918274	0.968156073001888																																						
TRUB1	79	0.09211943608350684	0.11721290647983551	0.8201384518565136																																						
BTNL9	209	0.3144130512494988	0.07099360972642899	0.26016362492133416																																						
TRUB2	199	0.2706868162391894	0.0759417712688446	0.3631214600377596																																						
TSC1	81	0.18509886571159395	0.15932013094425201	0.9365638766519824																																						
TSC22D1	120	0.06655939244508083	0.09458797425031662	0.649842668344871																																						
TSC22D4	300	0.035587449880208975	0.06190929561853409	0.09364380113278792																																						
TSEN15	144	0.09812256186989024	0.10699512809515	0.7592196349905601																																						
TSEN2	254	0.17318907943442133	0.157938614487648	0.9337948395217117																																						
TSEN34	540	0.3812289711153371	0.044401541352272034	0.0025173064820641915																																						
TSEN54	107	0.22444512937052227	0.10635983943939209	0.7553178099433606																																						
TSFM	150	0.052851914539023416	0.09785107523202896	0.6833228445563247																																						
TSG101	74	0.2439300104668723	0.23356255888938904	0.9817495280050346																																						
TSHZ1	236	0.14445121402954428	0.06975273787975311	0.23423536815607301																																						
TSHZ2	237	0.0	0.07525472342967987	0.35053492762743865																																						
TSHZ3	121	0.0	0.09032843261957169	0.5996224040276904																																						
TSKU	171	0.173786939206662	0.07966244220733643	0.43612334801762115																																						
TSNARE1	119	0.0	0.09649333357810974	0.6706104468219005																																						
TSNAX	132	0.06582913232087169	0.08972649276256561	0.5923222152297042																																						
TSN	199	0.08329598828078813	0.07739462703466415	0.3930774071743235																																						
TSPAN13	243	0.07575765076109305	0.07364854961633682	0.3170547514159849																																						
BUB1B	234	0.14109152354144053	0.09967157989740372	0.6988042794210195																																						
TSPAN14	58	0.1559484567593921	0.15209874510765076	0.9257394587791064																																						
TSPAN17	414	0.06083848789265964	0.05351630225777626	0.019509125235997484																																						
TSPAN18	216	0.07476155173770296	0.06916991621255875	0.22127123977344243																																						
TSPAN31	125	0.13967136763845586	0.09169884026050568	0.6183763373190686																																						
TSPAN32	147	0.0	0.08877605944871902	0.5799874134675896																																						
TSPAN3	178	0.4561549826005746	0.07870333641767502	0.41812460667086215																																						
TSPAN4	274	0.3250319427042211	0.06557797640562057	0.15342983008181246																																						
TSPO	253	0.1105958323107404	0.07032523304224014	0.24443045940843297																																						
TSPYL1	211	0.02128392370226537	0.06986242532730103	0.23637507866582758																																						
BUB1	676	0.13306599754656365	0.05169637128710747	0.011831340465701699																																						
TSPYL2	302	0.060126644389207916	0.05960771068930626	0.06532410320956576																																						
TSPYL4	304	0.0	0.06308045238256454	0.11013215859030837																																						
TSPYL5	229	0.04785501092117625	0.08195918798446655	0.47778477029578353																																						
TSPYL6	183	0.0	0.073159359395504	0.3054751415984896																																						
TSR2	192	0.3026986705392594	0.2821075916290283	0.9926998112020139																																						
TSR3	303	0.25325697871550995	0.06281786412000656	0.10610446821900567																																						
EIPR1	133	0.18527931834614947	0.09104743599891663	0.6098174952800504																																						
TSSC4	265	0.21333048109845199	0.06542924046516418	0.15028319697923223																																						
BUB3	278	0.368472351343174	0.11658349633216858	0.8174952800503461																																						
TSTA3	268	0.08314876654310129	0.06463716924190521	0.13606041535556954																																						
TSTD2	213	0.2701477105686041	0.06928073614835739	0.2236626809314034																																						
TSTD3	82	0.0	0.1111096441745758	0.7865324103209566																																						
TST	179	0.041475944773529484	0.07755175977945328	0.3964757709251101																																						
TTC12	66	0.0	0.13447478413581848	0.8884833228445563																																						
TTC14	148	0.1055610376131634	0.09449206292629242	0.6483322844556325																																						
TTC17	172	0.14552691217785707	0.08133791387081146	0.4658275645059786																																						
TTC19	117	0.20709517087346804	0.09455863386392593	0.649213341724355																																						
TTC1	86	0.15376967076719306	0.21461185812950134	0.9743234738829453																																						
TTC21B	242	0.02621407026981025	0.0669020488858223	0.17696664568911266																																						
TTC26	75	0.1726418880628727	0.12468942254781723	0.8534927627438641																																						
TTC27	73	0.1473166934705553	0.23079901933670044	0.9808684707363121																																						
TTC31	211	0.10583662129511254	0.07605945318937302	0.36601636249213343																																						
TTC32	180	0.026854783215084336	0.07622579485177994	0.3700440528634361																																						
TTC33	198	0.18265670453824526	0.07501796633005142	0.3449968533668974																																						
TTC37	194	0.0994348008658089	0.0799797922372818	0.44103209565764634																																						
TTC38	72	0.0	0.12117403000593185	0.8385147891755821																																						
TTC3	158	0.07842052752529302	0.0812121331691742	0.46419131529263685																																						
TTC4	172	0.09458453561838294	0.1457066535949707	0.9137822529893015																																						
TTC5	131	0.14726456077159178	0.09057788550853729	0.603020767778477																																						
TTC7A	256	0.2807361859511365	0.0652213990688324	0.14688483322844556																																						
TTC7B	66	0.37351060761639576	0.11821026355028152	0.8250471994965387																																						
TTC8	125	0.05319588155364433	0.10237077623605728	0.7251101321585903																																						
TTC9C	183	0.07943286983118113	0.07505524158477783	0.34562617998741346																																						
TTF2	52	0.20159031778977532	0.15581580996513367	0.9320327249842668																																						
TTI1	241	0.0705345543352391	0.21541786193847656	0.9745752045311517																																						
TTI2	93	0.2684891424421768	0.1365424543619156	0.8932662051604783																																						
BYSL	120	0.2147947459649556	0.21378612518310547	0.9740717432347389																																						
ACOX1	178	0.0627537108320949	0.07898561656475067	0.4232850849590938	PPARα																																					
TTLL12	263	0.08996975865583726	0.06463566422462463	0.13580868470736313																																						
TTLL4	190	0.2384976047325101	0.07321411371231079	0.3064820641913153																																						
TTLL5	50	0.0	0.145481675863266	0.9134046570169918																																						
TTPAL	155	0.38051266024912783	0.0850486233830452	0.526117054751416																																						
TUBA1A	125	0.16229255256750527	0.08954248577356339	0.5900566393958464																																						
TUBA1B	134	0.3021779419448428	0.10778117179870605	0.7645059786028949																																						
TUBA1C	103	0.0698592758030658	0.10590729862451553	0.7528005034612965																																						
BZW1	138	0.15592705161212905	0.09392409771680832	0.6430459408432977																																						
TUBA3D	165	0.0	0.08252901583909988	0.48659534298300816																																						
TUBA4A	298	0.1200919657128072	0.05908450484275818	0.05827564505978603																																						
TUBB2A	300	0.144877184890633	0.11168213188648224	0.7894273127753304																																						
TUBB3	157	0.21143503731654556	0.09095298498868942	0.6083071113908118																																						
TUBB4B	128	0.4660173043670295	0.09208320826292038	0.6232850849590937																																						
TUBB6	81	0.16825416498469328	0.1157865822315216	0.8117054751415985																																						
BZW2	274	0.1403053505403758	0.0640062689781189	0.12410320956576464																																						
TUBD1	410	0.07396961668567695	0.05446465313434601	0.025047199496538705																																						
TUBE1	280	0.11853452195959582	0.06675007939338684	0.17419760855884203																																						
TUBGCP2	116	0.4353940133351096	0.0927174836397171	0.63058527375708																																						
TUBGCP6	378	0.28521064495082266	0.05501477047801018	0.027438640654499684																																						
TUFM	103	0.11120812875234833	0.13891920447349548	0.8996853366897419																																						
TUSC2	204	0.14273057203342784	0.07086434960365295	0.25689112649465073																																						
TUSC3	253	0.11562460587247406	0.06625116616487503	0.1647577092511013																																						
TVP23B	110	0.17610505903738166	0.09751371294260025	0.6800503461296413																																						
TVP23C	205	0.0	0.07061290740966797	0.2511013215859031																																						
TWF1	258	0.3297946636406477	0.06463082134723663	0.1354310887350535																																						
TMEM273	153	0.05755946627555054	0.08597821742296219	0.5392070484581498																																						
TWF2	284	0.031019380335952407	0.061967745423316956	0.09439899307740718																																						
TWIST1	194	0.0	0.07458797842264175	0.33517935808684707																																						
TWIST2	230	0.0	0.06955823302268982	0.23121460037759597																																						
TWISTNB	62	0.249576546796666	0.3660057485103607	0.997608558842039																																						
TWSG1	200	0.1524286523028819	0.11925025284290314	0.8303335431088735																																						
TXLNA	225	0.2413481209637833	0.07789014279842377	0.4028949024543738																																						
TXLNG	131	0.04167349530650293	0.09506166726350784	0.6565135305223411																																						
TXN2	77	0.3027354462821479	0.11592648923397064	0.8123348017621146																																						
TWNK	119	0.0	0.12875549495220184	0.8703587161736942																																						
TXNDC15	153	0.06866469054864385	0.08479636162519455	0.5229704216488358																																						
TXNDC17	167	0.17488628122255548	0.08824798464775085	0.5724354940213972																																						
TXNDC5	241	0.15041285960636488	0.07110454887151718	0.26255506607929513																																						
TXNIP	86	0.3735588543132258	0.11007290333509445	0.7793580868470736																																						
TXNL1	217	0.09019413590330398	0.07166148722171783	0.27325361862806796																																						
TXNL4A	145	0.3180266231619964	0.12014167010784149	0.8334801762114538																																						
TXNL4B	254	0.2680721864115019	0.07055895775556564	0.2499685336689742																																						
FAM241B	203	0.0	0.07169883698225021	0.27426054122089366																																						
TXNRD2	330	0.10196235245444273	0.05976838245987892	0.06683448709880428																																						
TXN	97	0.2182975491718582	0.1501128226518631	0.9217117684078037																																						
TYK2	144	0.04945917918621112	0.12044530361890793	0.835494021397105																																						
TYMS	89	0.25530832781159685	0.11184817552566528	0.7901825047199497																																						
TYRO3	281	0.11710240349991732	0.059555478394031525	0.06482064191315293																																						
TYROBP	93	0.1082244055195369	0.1105576604604721	0.7835116425424795																																						
TYW1	63	0.21196256859997945	0.12668204307556152	0.8615481434864695																																						
C10orf88	73	0.17530910399395408	0.12455864250659943	0.8531151667715544																																						
TYW5	152	0.18870377125219895	0.0814373567700386	0.4675896790434235																																						
U2AF1L4	262	0.23468820533113374	0.06130300089716911	0.08533668974197609																																						
U2SURP	116	0.19582969541078046	0.20763243734836578	0.9713027061044682																																						
UAP1	221	0.2076811252031664	0.0734092965722084	0.31164254247954687																																						
UBA2	228	0.245439375265292	0.1492016762495041	0.9203272498426683																																						
C11orf1	171	0.10202849658582476	0.08233916014432907	0.48332284455632474																																						
UBA3	140	0.1459873348894783	0.1627393215894699	0.9402139710509755																																						
UBA5	217	0.08722523498526323	0.08845081180334091	0.5758338577721838																																						
UBA6	88	0.21194224033781706	0.13911885023117065	0.900314663310258																																						
UBAC2	162	0.10833571049897063	0.0838853046298027	0.509880427942102																																						
UBALD1	211	0.17572133961940475	0.07183218747377396	0.27665198237885463																																						
UBAP1	155	0.20264248565641169	0.10763853788375854	0.7637507866582757																																						
C11orf24	193	0.10272851506360403	0.07490946352481842	0.3422278162366268																																						
UBAP2L	112	0.114144952822618	0.11916270107030869	0.8294524858401511																																						
UBAP2	87	0.2015961372977946	0.11625110357999802	0.8148521082441788																																						
UBB	289	0.0999919655795834	0.06533557921648026	0.1486469477658905																																						
UBE2A	247	0.18787653090997472	0.06745325028896332	0.18766519823788547																																						
UBE2B	94	0.3901605350548877	0.10830316692590714	0.7681560730018879																																						
UBE2D1	403	0.1594823454407025	0.054176073521375656	0.02290748898678414																																						
UBE2D2	101	0.16299407852966732	0.10350938141345978	0.7344241661422278																																						
UBE2D3	401	0.12966343832712934	0.06504171341657639	0.1431088735053493																																						
UBE2D4	248	0.0	0.06608904898166656	0.16236626809314034																																						
SELENOH	223	0.08527755097023429	0.07340169697999954	0.31126494650723724																																						
UBE2E3	216	0.12645129506263225	0.06819771975278854	0.20201384518565135																																						
UBE2F	53	0.08167960227099663	0.15519538521766663	0.9311516677155444																																						
UBE2G1	106	0.17835827536820728	0.10269259661436081	0.7271239773442416																																						
UBE2G2	190	0.1154798318120339	0.0779002383351326	0.40327249842668345																																						
UBE2H	404	0.1452789338774379	0.05516320839524269	0.02844556324732536																																						
UBE2I	103	0.3742073103677693	0.15702174603939056	0.9326620516047829	NF-κB																			0.90290713																		
UBE2J1	199	0.0990551429524118	0.07554273307323456	0.35607300188797986																																						
UBE2K	112	0.2308519423310001	0.1127067357301712	0.794587791063562																																						
C11orf49	206	0.05907224576485519	0.07138154655694962	0.2680931403398364																																						
UBE2L3	520	0.10759895553334103	0.056736212223768234	0.03838892385147892																																						
UBE2L6	156	0.03422027649634282	0.0849313884973526	0.5242290748898678																																						
UBE2N	399	0.2348411163355676	0.06047692149877548	0.07551919446192575																																						
UBE2O	244	0.13352472418134342	0.06806487590074539	0.2																																						
UBE2Q1	162	0.21614152184431928	0.08658883720636368	0.5486469477658905																																						
UBE2S	156	0.14450400576266426	0.08747918903827667	0.5621145374449339																																						
UBE2T	79	0.09793322113328287	0.11375439912080765	0.8011327879169289																																						
C11orf54	133	0.16662370084406372	0.09541001915931702	0.660037759597231																																						
UBE2V1	162	0.18918437263345453	0.08681897073984146	0.5512901195720579																																						
UBE2W	181	0.2314205573566317	0.07840970903635025	0.41271239773442414																																						
UBE2Z	104	0.2738791165332772	0.09747973084449768	0.6797986154814348																																						
UBE3A	228	0.25010991313460995	0.06955686211585999	0.23108873505349276																																						
UBE3B	127	0.14877952329142974	0.10035080462694168	0.7053492762743864																																						
UBE3C	178	0.17968512487826466	0.11471489071846008	0.8066708621774701																																						
UBE3D	243	0.08325117127666122	0.08982772380113602	0.5935808684707363																																						
UBE4A	53	0.0	0.14651332795619965	0.9154185022026432																																						
UBE4B	195	0.2560116151246042	0.08040589094161987	0.44946507237256134																																						
NKAPD1	229	0.10767107370892204	0.10911821573972702	0.7740717432347388																																						
UBFD1	175	0.2834726402085737	0.09084828197956085	0.6069225928256765																																						
UBIAD1	181	0.273986103889344	0.08155728131532669	0.47023285084959093																																						
UBL3	78	0.3027424928539342	0.11974205821752548	0.8322215229704216																																						
UBL4A	232	0.13252263893523847	0.06889402121305466	0.21560730018879798																																						
UBL5	119	0.2377306881810698	0.1329362839460373	0.8842039018250472																																						
UBL7	106	0.15302269798769982	0.10109838843345642	0.7108873505349276																																						
UBLCP1	72	0.19397303478315325	0.12703756988048553	0.863058527375708																																						
UBN1	205	0.2778258633769849	0.08172871172428131	0.4741346758967904																																						
UBN2	258	0.3071144664173813	0.06738866865634918	0.18602894902454373																																						
C11orf58	283	0.0915489935955989	0.064756378531456	0.1379483952171177																																						
UBP1	185	0.2025255827621663	0.0925292819738388	0.628193832599119																																						
UBQLN1	205	0.09615285352946387	0.07662423700094223	0.3777218376337319																																						
UBQLN2	172	0.0372115838972254	0.08086440712213516	0.45739458779106357																																						
UBQLN4	298	0.20359436945794734	0.08031859993934631	0.4473253618628068																																						
UBR1	308	0.10188070209615112	0.062063705176115036	0.0960352422907489																																						
UBR3	146	0.16954691206611794	0.0825544223189354	0.48709880427942104																																						
UBR4	50	0.18185095855738287	0.1590626984834671	0.9360604153555695																																						
UBR5	102	0.15453833365269526	0.11901053786277771	0.828823159219635																																						
UBR7	339	0.07186419336673648	0.05696940794587135	0.04052863436123348																																						
C11orf68	229	0.2411585652762518	0.06939461082220078	0.22567652611705474																																						
UBXN10	455	0.0557864772948723	0.04878738522529602	0.007048458149779736																																						
UBXN11	225	0.09052563211241756	0.07260648906230927	0.2927627438640654																																						
UBXN1	287	0.12724926338163187	0.06177825108170509	0.09150409062303336																																						
UBXN2A	59	0.2725670111542449	0.13106952607631683	0.8772813089993706																																						
UBXN2B	238	0.16901279492162707	0.06830723583698273	0.20453115166771554																																						
UBXN4	232	0.15809685092292755	0.06644023954868317	0.16865953429830083																																						
UBXN6	302	0.15633305815363074	0.0612260140478611	0.0842039018250472																																						
C11orf71	123	0.10957062867341708	0.08650760352611542	0.5470106985525488																																						
UBXN7	140	0.17815678305526975	0.08865764737129211	0.5787287602265576																																						
UBXN8	235	0.19631929606282653	0.06737319380044937	0.18590308370044054																																						
UCHL3	100	0.39046197961192736	0.10720476508140564	0.7599748269351794																																						
UCHL5	238	0.05838506583218112	0.10122063010931015	0.7123977344241661																																						
UCK1	222	0.227881533141788	0.07234818488359451	0.28772813089993704																																						
UCK2	156	0.40027368711109584	0.08782690018415451	0.5679043423536816																																						
UCKL1	181	0.1954079454816912	0.08051338791847229	0.4512271869100063																																						
UCP2	363	0.1143482227288526	0.05342080816626549	0.019257394587791063																																						
UFC1	264	0.13397153499744194	0.0709783285856247	0.25953429830081814																																						
UFD1	111	0.302822640661236	0.10764925926923752	0.7638766519823789																																						
HIKESHI	381	0.04270349833736221	0.07198426872491837	0.2803020767778477																																						
UFL1	473	0.05492217728501745	0.07803323119878769	0.4061674008810573																																						
UFM1	260	0.023665729041308356	0.09698659181594849	0.6760226557583385																																						
UFSP1	178	0.0	0.08353318274021149	0.5056010069225928																																						
UGCG	141	0.18902111071123054	0.11185973137617111	0.7903083700440529																																						
UGDH	100	0.26822396316005265	0.12470097094774246	0.8536186280679673																																						
UGGT1	239	0.15233403945991156	0.0759304091334343	0.3628697293895532																																						
UGGT2	223	0.08547125212403761	0.06749188154935837	0.18842039018250473																																						
UGP2	200	0.07007403489693402	0.07786183059215546	0.40226557583385775																																						
UGT8	210	0.045039625912250164	0.07149545103311539	0.27061044682190055																																						
UHMK1	275	0.19793267932480788	0.0620105154812336	0.09528005034612964																																						
UHRF1BP1L	131	0.0994104719109366	0.08925026655197144	0.5851478917558213																																						
UHRF1BP1	102	0.2552170865520419	0.11976249516010284	0.8323473882945248																																						
UHRF1	193	0.10799977302127647	0.1963697075843811	0.9663939584644431																																						
UIMC1	227	0.2711468393872992	0.06785387545824051	0.1962240402769037																																						
ULK3	232	0.16267263291518788	0.07964376360177994	0.4352422907488987																																						
UNC119B	297	0.04316285612853489	0.06092530116438866	0.08093140339836376																																						
UNC119	254	0.0	0.06419134140014648	0.12737570799244807																																						
C11orf80	164	0.0	0.0879579409956932	0.5697923222152297																																						
UNC13D	248	0.09245186467487128	0.06835173070430756	0.20591567023285084																																						
UNC50	114	0.06824214432685759	0.10687999427318573	0.7580868470736312																																						
UNC93B1	271	0.04955828379884196	0.06150303781032562	0.08785399622404028																																						
UNCX	308	0.0	0.08995471894741058	0.5953429830081812																																						
UNG	270	0.19480699001540372	0.0682818591594696	0.20365009439899306																																						
UNK	225	0.28302177290727537	0.07318197190761566	0.30610446821900567																																						
SPINDOC	109	0.2837707601046604	0.14657849073410034	0.9157960981749528																																						
ACP2	57	0.13019111701572406	0.1352313607931137	0.8907488986784141																																						
UPF1	270	0.2823653581206767	0.16718420386314392	0.944115796098175																																						
UPF2	351	0.2114425907426188	0.1525620073080063	0.9266205160478288																																						
UPF3A	187	0.285629000330412	0.07550642639398575	0.3551919446192574																																						
UPF3B	193	0.11456418920794953	0.08148586750030518	0.4685966016362492																																						
UPRT	180	0.0	0.07506021857261658	0.3460037759597231																																						
UQCC1	102	0.09727708318126307	0.10894531011581421	0.7730648206419132																																						
UQCC2	171	0.13633732360808498	0.11565742641687393	0.8112020138451856																																						
UQCR10	89	0.1354605384176491	0.11331775039434433	0.7989930774071743																																						
UQCR11	240	0.06798272894998551	0.0675269141793251	0.18892385147891755																																						
UQCRB	208	0.11562368634902162	0.11096661537885666	0.7852737570799245																																						
C11orf95	217	0.13017631826072182	0.06970073282718658	0.23335431088735054																																						
UQCRC2	118	0.10259874331247912	0.137543186545372	0.8956576463184392																																						
UQCRFS1	168	0.11140251649740812	0.14491243660449982	0.9126494650723725																																						
UQCRH	216	0.15744043781341294	0.07151846587657928	0.2709880427942102																																						
UQCRQ	189	0.135772041570342	0.12019031494855881	0.8338577721837633																																						
URB1	107	0.4075886516704133	0.11316533386707306	0.798237885462555																																						
URB2	249	0.3974921236537127	0.11158788949251175	0.7887979861548143																																						
C11orf96	266	0.0	0.06174914911389351	0.0908747640025173																																						
URI1	142	0.35984061999179456	0.12172777205705643	0.8410320956576464																																						
URM1	246	0.2354472945628449	0.07756290584802628	0.39672750157331654																																						
UROD	412	0.0711047100837117	0.054187458008527756	0.02341095028319698																																						
UROS	217	0.08235385145762977	0.07086881995201111	0.2571428571428571																																						
USB1	140	0.41230244676042	0.0874432772397995	0.5616110761485211																																						
USE1	156	0.2982218866895577	0.11816097050905228	0.8247954688483323																																						
USF1	161	0.0801517412921753	0.08720538765192032	0.5585903083700441																																						
USF2	409	0.4555860507667245	0.05229577422142029	0.014096916299559472																																						
ATP5MD	86	0.2268192267340635	0.15074953436851501	0.9228445563247325																																						
C12orf29	352	0.07462320733843114	0.05515645444393158	0.028319697923222153																																						
USO1	183	0.17522381214077726	0.0767657607793808	0.3798615481434865																																						
USP10	251	0.2257904658280283	0.06871534138917923	0.21233480176211453																																						
USP11	211	0.06085805906591413	0.07232102006673813	0.28747640025173066																																						
USP12	297	0.3251372648513958	0.05927528813481331	0.06079295154185022																																						
USP13	208	0.0952064847086362	0.07064483314752579	0.25198237885462554																																						
USP14	212	0.10907455945128854	0.10283920168876648	0.7293895531780994																																						
USP15	125	0.11494059972727536	0.11078744381666183	0.7846444304594085																																						
USP16	194	0.1906102998863978	0.07637747377157211	0.37306482064191315																																						
C12orf43	111	0.2340814740074945	0.10556256771087646	0.7497797356828194																																						
USP22	286	0.05758698887767045	0.07822494208812714	0.40981749528005035																																						
USP24	301	0.2237372807759942	0.06542976945638657	0.15040906230333542																																						
USP25	122	0.14392820187329575	0.09512533247470856	0.6573945877910635																																						
USP28	180	0.03028820674096559	0.07615438103675842	0.3682819383259912																																						
USP2	246	0.22566580877806644	0.06503289192914963	0.14298300818124607																																						
USP30	302	0.10826967609129116	0.06097687408328056	0.0815607300188798																																						
USP32	143	0.03201822996544113	0.09583143144845963	0.6639395846444305																																						
C12orf45	108	0.04523810162134117	0.21107369661331177	0.9728130899937067																																						
USP33	107	0.2724608515111165	0.09837666153907776	0.6886091881686596																																						
USP36	303	0.2941965278160726	0.09263666719198227	0.6297042164883575																																						
USP37	100	0.1858164438682691	0.1322801411151886	0.8820641913152927																																						
USP38	310	0.21688074817177447	0.0594789944589138	0.0633102580239144																																						
USP3	226	0.2351963079929409	0.07484449446201324	0.3409691629955947																																						
USP40	144	0.0397163593529341	0.09154344350099564	0.6158590308370044																																						
USP42	151	0.09117893954216216	0.08898840844631195	0.5823788546255506																																						
C12orf49	88	0.10218276536556696	0.10956300795078278	0.7769666456891127																																						
USP44	127	0.14381071467327958	0.09492747485637665	0.6542479546884833																																						
USP45	264	0.2002102994978632	0.06724269688129425	0.18351164254247954																																						
USP46	180	0.02064876791899574	0.08299749344587326	0.49590937696664567																																						
USP47	374	0.11687039290880265	0.05417608469724655	0.02303335431088735																																						
USP48	214	0.1988920088893998	0.07220061123371124	0.2842039018250472																																						
USP49	105	0.4723043134150329	0.09825221449136734	0.687098804279421																																						
USP51	262	0.06198190655751984	0.06941337883472443	0.2263058527375708																																						
USP53	186	0.0	0.07333272695541382	0.3093769666456891																																						
C12orf4	258	0.1328348362288228	0.06589510291814804	0.157960981749528																																						
USP54	207	0.2850972273876284	0.06999609619379044	0.2393958464443046																																						
USP8	151	0.07281051508442825	0.09560204297304153	0.6621774701069856																																						
USP9X	231	0.3902446835667917	0.06918300688266754	0.22152297042164884																																						
USPL1	131	0.047517382003170634	0.12453790009021759	0.8529893014474512																																						
UTP11	80	0.12571597228473202	0.23173201084136963	0.9814977973568282																																						
C12orf57	113	0.18335224550872248	0.09897727519273758	0.6928886091881686																																						
UTP15	85	0.3407990239501393	0.21666750311851501	0.9753303964757709																																						
UTP18	147	0.4097835672974714	0.15436533093452454	0.9292636878539963																																						
UTP20	108	0.2631890791618243	0.23812291026115417	0.9835116425424796																																						
UTP23	183	0.07478510014053752	0.19713734090328217	0.9667715544367527																																						
UTP6	57	0.1857551582006121	0.28281816840171814	0.9928256765261171																																						
UXS1	284	0.05124980878823029	0.07515162229537964	0.3476400251730648																																						
UXT	217	0.10026097381729536	0.17079462110996246	0.9477658904971681																																						
VAC14	145	0.4693430905103528	0.0889509916305542	0.5822529893014474																																						
VAMP1	147	0.0	0.09414338320493698	0.645059786028949																																						
VAMP2	127	0.1837219486248924	0.08763136714696884	0.5646318439269982																																						
VAMP3	132	0.05143314192971762	0.09007459133863449	0.5959723096286973																																						
VAMP4	114	0.2626758871479302	0.09367849677801132	0.640276903713027																																						
VAMP7	152	0.03705984657331201	0.08407357335090637	0.512901195720579																																						
VAMP8	193	0.1098776772160708	0.08296516537666321	0.4951541850220264																																						
ACP5	212	0.12580345796976394	0.07097245007753372	0.2594084329767149																																						
VAPB	148	0.479053569200306	0.0856299102306366	0.535179358086847																																						
VARS2	194	0.20545611816785375	0.11807116121053696	0.8244178728760226																																						
VARS	113	0.4078700996641307	0.2529386579990387	0.9874134675896791																																						
VASP	111	0.22090164011299904	0.09344899654388428	0.6382630585273757																																						
VAT1	376	0.11933712269843265	0.05486283823847771	0.026683448709880427																																						
VAV1	174	0.0	0.07857629656791687	0.41535556954059155																																						
VAX2	144	0.0	0.09220533818006516	0.6247954688483323																																						
VBP1	249	0.1783832154052965	0.07024736702442169	0.24329767149150408																																						
VCL	246	0.13190168128177618	0.06645363569259644	0.16903713027061046																																						
VCPIP1	79	0.17480233824378236	0.11962074041366577	0.8314663310258024																																						
VDAC1	88	0.04983823007183268	0.10677728056907654	0.7573316551290119																																						
VDAC2	88	0.18452922367635607	0.10906858742237091	0.7736941472624292																																						
VDAC3	52	0.11192483463186906	0.17059984803199768	0.9475141598489616																																						
VDR	125	0.0	0.09474913775920868	0.6513530522341096	VDR																																					
VEGFB	340	0.09675267639157792	0.05655109882354736	0.03662680931403398																																						
VENTX	57	0.0	0.15109235048294067	0.923725613593455																																						
VEZF1	114	0.17848219160135395	0.10638356953859329	0.7556954059156702																																						
VEZT	483	0.2030927487377799	0.051826782524585724	0.012712397734424166																																						
VGLL4	200	0.09116403901942037	0.0744069516658783	0.3311516677155444																																						
VHL	378	0.1131595228780101	0.05311376973986626	0.01762114537444934	HIF												3.1678498																									
VILL	153	0.0	0.08796324580907822	0.5699181875393329																																						
SELENOS	111	0.09350804542818264	0.10070069134235382	0.7076148521082442																																						
VIM	100	0.20109273183089954	0.11908401548862457	0.8290748898678414																																						
C12orf76	165	0.1071358272302105	0.07791624218225479	0.40377595972309627																																						
VIPAS39	219	0.053569489963329546	0.06753340363502502	0.18904971680302077																																						
VKORC1L1	403	0.3091718660445749	0.052969157695770264	0.016740088105726872																																						
VKORC1	97	0.0896766984659856	0.10242004692554474	0.7258653241032096																																						
VMA21	80	0.10209556691811976	0.12003127485513687	0.8329767149150409																																						
VOPP1	239	0.14471269260844902	0.06972815096378326	0.23385777218376338																																						
DCAF1	181	0.42737041961804345	0.08110350370407104	0.4620516047828823																																						
VPS11	59	0.21394007818662905	0.14183300733566284	0.906859660163625																																						
VPS13A	63	0.048225377178905016	0.12700724601745605	0.8629326620516048																																						
VPS13B	110	0.04873938816791575	0.1018424928188324	0.7200755191944619																																						
C14orf119	157	0.4121350775378424	0.08440230786800385	0.5174323473882946																																						
VPS13C	368	0.04208684670761903	0.06318853050470352	0.11139081183134046																																						
VPS13D	334	0.2418560568880653	0.08616466820240021	0.5415984896161108																																						
VPS16	130	0.03454853599323582	0.09431444853544235	0.6469477658904972																																						
VPS18	337	0.19200097459456886	0.062192030251026154	0.09792322215229704																																						
VPS25	166	0.0952770614104394	0.08066634088754654	0.4541220893643801																																						
VPS26A	151	0.11553557643176975	0.11042685806751251	0.7822529893014475																																						
VPS26B	177	0.05248889755560367	0.08085830509662628	0.4572687224669604																																						
VPS29	187	0.08135322030803423	0.1333051174879074	0.8848332284455632																																						
VPS33A	305	0.10277358463783366	0.06782996654510498	0.19572057898049086																																						
GON7	247	0.09381405898005593	0.06963995099067688	0.23247325361862806																																						
VPS33B	215	0.2397518394728343	0.07605872303247452	0.3658904971680302																																						
VPS35	52	0.2001205733634815	0.2058810591697693	0.9707992448080554																																						
VPS36	288	0.07773105765196475	0.06515783816576004	0.14537444933920704																																						
VPS37A	304	0.07488110242055955	0.06903436034917831	0.21749528005034613																																						
VPS37B	212	0.09389093822250824	0.07341411709785461	0.3117684078036501																																						
VPS37C	378	0.17352487631520888	0.05230908840894699	0.01422278162366268																																						
VPS39	249	0.13510707109487005	0.07816751301288605	0.40855884203901827																																						
VPS41	563	0.08606544031633745	0.0573895201086998	0.04392699811202014																																						
VPS45	211	0.09901730039949568	0.07350797206163406	0.31390811831340465																																						
DGLUCY	193	0.040235523129859216	0.07359112799167633	0.315921963499056																																						
VPS4A	114	0.1615600469234938	0.11344021558761597	0.7994965387035872																																						
VPS4B	131	0.053526051835829036	0.09198404848575592	0.621648835745752																																						
VPS51	175	0.17117893846834012	0.09970730543136597	0.6993077407174324																																						
VPS52	58	0.2453517451345492	0.14705979824066162	0.9162995594713657																																						
VPS53	148	0.3683556382505188	0.10287193953990936	0.7296412838263059																																						
VPS72	200	0.14094528681767451	0.18131251633167267	0.9559471365638766																																						
VPS8	266	0.21750267626992026	0.07545942813158035	0.3540591567023285																																						
VRK1	187	0.11040928243117937	0.07499371469020844	0.3443675267463814																																						
VRK2	287	0.08660690573447907	0.06202321499586105	0.09553178099433605																																						
RTRAF	298	0.0707166790985543	0.13501863181591034	0.8902454373820012																																						
VRK3	228	0.09467645921772187	0.06917686760425568	0.22139710509754562																																						
VSIG10	144	0.459965536751587	0.09010757505893707	0.5966016362492134																																						
VTA1	254	0.09715117814729053	0.06480035185813904	0.13882945248584014																																						
VTI1A	93	0.04758302866888392	0.10767237097024918	0.764002517306482																																						
VTI1B	101	0.29843643538178943	0.09966900199651718	0.6986784140969163																																						
VWA8	216	0.0795037921665817	0.0835568830370903	0.5058527375707993																																						
RIOX1	232	0.1425489929599937	0.07330843806266785	0.30887350534927627																																						
INTS14	183	0.21732391527995368	0.13072580099105835	0.8760226557583386																																						
VWDE	157	0.13302906631087946	0.08480752259492874	0.523096286972939																																						
WAC	331	0.4355952032191533	0.07125623524188995	0.2657016991818754																																						
WARS2	179	0.06536783806117466	0.08496123552322388	0.5248584015103839																																						
WARS	206	0.17950740164512954	0.07448585331439972	0.33241032095657647																																						
WASF1	183	0.0724281300505343	0.07607036083936691	0.36651982378854625																																						
WASF2	105	0.1408426786402574	0.0984606072306633	0.6893643801132788																																						
WASL	146	0.09004165623775769	0.08637610822916031	0.5442416614222781																																						
WAS	163	0.04993192654651412	0.08614206314086914	0.5412208936438011																																						
C14orf178	87	0.0	0.15952834486961365	0.9370673379483953																																						
WBP1L	583	0.3598657812725391	0.04419872909784317	0.0023914411579609818																																						
WBP1	247	0.21993470698371329	0.06422371417284012	0.12825676526117055																																						
WBP2	146	0.09393504326231633	0.08566849678754807	0.5354310887350535																																						
WBP4	234	0.10039872895841788	0.07678179442882538	0.3802391441157961																																						
TCEAL9	172	0.04030598326796903	0.07918958365917206	0.42731277533039647																																						
RCC1L	92	0.15151699362688764	0.11741703003644943	0.821019509125236																																						
BUD23	73	0.2499253916967236	0.19147281348705292	0.9631214600377596																																						
WDFY1	166	0.4197753884444011	0.07836158573627472	0.4119572057898049																																						
ERG28	244	0.05545598873117338	0.06641096621751785	0.16790434235368157																																						
WDFY2	98	0.16427318522890133	0.10279950499534607	0.7286343612334801																																						
WDFY3	172	0.09167865738311433	0.11544930189847946	0.8104468219005664																																						
WDHD1	404	0.05613585313684318	0.07453827559947968	0.3342983008181246																																						
WDR11	126	0.06194472530985185	0.09292645752429962	0.6329767149150409																																						
WDR12	68	0.04546118837638823	0.31651371717453003	0.9957205789804908																																						
WDR13	210	0.10548859832685853	0.07435321807861328	0.32989301447451225																																						
WDR18	174	0.2994707141587814	0.0894385427236557	0.5879169288860919																																						
WDR19	182	0.06682266936350104	0.07811713218688965	0.40704845814977975																																						
WDR1	203	0.4659127403839528	0.08528878539800644	0.529767149150409																																						
WDR20	246	0.17785746173350514	0.06931943446397781	0.22454373820012585																																						
WDR24	114	0.17396268123046618	0.11238343268632889	0.7930774071743235																																						
WDR25	454	0.355968318561636	0.05059210956096649	0.009943360604153555																																						
WDR26	409	0.2922436309282167	0.07566079497337341	0.35833857772183764																																						
WDR27	82	0.0	0.12215688079595566	0.8430459408432976																																						
WDR34	196	0.12795089704959944	0.07355283945798874	0.31516677155443673																																						
WDR36	168	0.17363692942804146	0.23117150366306305	0.9811202013845186																																						
WDR37	142	0.3981238857485525	0.08850634098052979	0.5762114537444933																																						
WDR3	220	0.16606407112683022	0.23822282254695892	0.9836375078665828																																						
WDR41	172	0.0	0.07891643792390823	0.42190056639395845																																						
TEDC1	140	0.0	0.08311351388692856	0.49792322215229706																																						
WDR44	199	0.31921766823209224	0.10802377760410309	0.766393958464443																																						
WDR45B	195	0.18785163505197652	0.08381123840808868	0.5092511013215859																																						
WDR45	220	0.10487691081028712	0.06926315277814865	0.22303335431088736																																						
WDR46	110	0.2463256692145372	0.18506772816181183	0.9588420390182505																																						
WDR48	102	0.16366762465347293	0.10139498114585876	0.71529263687854																																						
WDR4	731	0.07058524620376609	0.040095940232276917	0.0013845185651353053																																						
WDR53	314	0.03252008840292952	0.059592507779598236	0.06519823788546256																																						
WDR54	453	0.06031780983044984	0.049210552126169205	0.008055380742605412																																						
WDR55	106	0.2292364262463672	0.12216567993164062	0.8431718061674008																																						
C14orf93	223	0.04786206441057809	0.06828849017620087	0.20377595972309628																																						
WDR59	214	0.04667629835269379	0.07719185203313828	0.3886721208307111																																						
WDR5	96	0.09161731348757073	0.2595450282096863	0.9894273127753304																																						
WDR60	141	0.2535107549897829	0.0863049328327179	0.5432347388294525																																						
WDR61	188	0.17358067903896635	0.15253213047981262	0.9263687853996224																																						
WDR62	235	0.0978968666064054	0.06881280988454819	0.21409691629955946																																						
WDR6	226	0.07730622489724087	0.0708155408501625	0.25575833857772184																																						
WDR75	84	0.4343261876289753	0.2219720035791397	0.9773442416614223																																						
WDR76	228	0.06255124589688531	0.06986498087644577	0.23650094398993077																																						
WDR77	57	0.18481408003496447	0.18919913470745087	0.9612334801762115																																						
WDR7	150	0.265498588234288	0.15232093632221222	0.926117054751416																																						
WDR81	278	0.15803132605145612	0.063242606818676	0.11189427312775331																																						
WDR82	151	0.3110386896398312	0.2569139897823334	0.9887979861548144																																						
WDR83OS	202	0.07727610556359668	0.0781889259815216	0.4090623033354311																																						
C15orf39	124	0.18244159411755653	0.09141446650028229	0.6142227816236627																																						
WDR89	156	0.10237638225598608	0.08929019421339035	0.5862806796727501																																						
WDR91	178	0.0	0.07748405635356903	0.39509125235997483																																						
WDR92	138	0.17270254295515824	0.10101962089538574	0.7102580239144116																																						
WDSUB1	148	0.2917678310175906	0.08421687036752701	0.5150409062303335																																						
WDTC1	209	0.3708589812472392	0.16986100375652313	0.9463813719320328																																						
WHAMM	268	0.1491101900682336	0.06278010457754135	0.10560100692259282																																						
NSD3	348	0.4015359481891046	0.05795830860733986	0.04833228445563247																																						
C15orf40	254	0.11329098046334815	0.06279466301202774	0.10585273757079924																																						
NSD2	228	0.3759690945842595	0.07766906172037125	0.3987413467589679																																						
WIPF2	252	0.14787935892954313	0.06646443903446198	0.16928886091881687																																						
WIPF3	215	0.09248543444784207	0.06932587921619415	0.22466960352422907																																						
WIPI1	382	0.03438792388049668	0.05414808914065361	0.022655758338577723																																						
WIPI2	100	0.4292081139905589	0.10919433832168579	0.7747010698552549																																						
WIZ	161	0.29416597733029515	0.10569776594638824	0.7506607929515419																																						
WNK1	304	0.2618365797692077	0.08479177951812744	0.5228445563247326																																						
WNK4	217	0.14569436844079325	0.07702801376581192	0.3855254877281309																																						
C15orf41	181	0.0	0.09281041473150253	0.6315921963499056																																						
WRAP53	271	0.1380934949367768	0.07667123526334763	0.37847702957835117																																						
WRAP73	219	0.15328281882921485	0.07133541256189346	0.2669603524229075																																						
WRNIP1	364	0.2506181680174729	0.05391397327184677	0.021397105097545627																																						
WRN	85	0.08659505738539197	0.11097878217697144	0.7853996224040277																																						
WSB1	231	0.14649162675609634	0.07486257702112198	0.34134675896790434																																						
WSB2	156	0.31202152435395303	0.08709017932415009	0.5564505978602895																																						
CCDC32	161	0.04707788117666576	0.08660243451595306	0.5488986784140969																																						
WT1	281	0.09854568177474393	0.07295677065849304	0.300314663310258																																						
WTAP	225	0.3030558323775408	0.08175946772098541	0.47451227186910006																																						
WWC2	227	0.3456253820603422	0.06931585818529129	0.22441787287602266																																						
WWOX	178	0.0	0.07784093171358109	0.40163624921334173																																						
WWP1	142	0.14580951220060356	0.08771013468503952	0.565764631843927																																						
WWP2	138	0.0	0.09695117920637131	0.675645059786029																																						
XAGE1B	73	0.0	0.12160948663949966	0.8405286343612335																																						
XBP1	273	0.09497859256917364	0.06268784403800964	0.10421648835745752	UPR-ATF6;UPR-IRE1																														0.35950655	0.788975						
XIAP	167	0.16784657113272886	0.0842655822634697	0.5156702328508496	NF-κB																			2.4372144																		
C15orf61	183	0.16814091982663107	0.07608753442764282	0.36664568911264944																																						
XK	72	0.15261984914921028	0.12067486345767975	0.8362492133417243																																						
XPA	198	0.07112917418089316	0.07182962447404861	0.27652611705475144																																						
XPNPEP1	142	0.0404192721617167	0.0913257971405983	0.6134675896790435																																						
XPNPEP3	177	0.11737194511683988	0.0841231420636177	0.513530522341095																																						
XPO1	130	0.45242156969711994	0.20564517378807068	0.9702957835116426																																						
XPO4	211	0.2097979123594616	0.07795725017786026	0.40490874764002516																																						
XPO5	476	0.19049549621200607	0.08149368315935135	0.4687224669603524																																						
XPO6	201	0.04807251815442416	0.07309316843748093	0.30358716173694145																																						
METTL26	207	0.09748733752673316	0.07190428674221039	0.2785399622404028																																						
ACSF3	89	0.3061526226201433	0.12257449328899384	0.8448080553807426																																						
XPO7	230	0.24988527794282386	0.07352299243211746	0.3141598489616111																																						
XPOT	232	0.2128765379471134	0.0713551938533783	0.26733794839521713																																						
XPR1	344	0.13382710158795838	0.06944753974676132	0.2275645059786029																																						
XRCC1	509	0.038934277099635914	0.05236651003360748	0.01460037759597231																																						
XRCC2	344	0.11430450704845065	0.05432209372520447	0.024292007551919445																																						
XRCC3	78	0.14444992549406002	0.13398022949695587	0.8865953429830081																																						
XRCC4	215	0.27168801643024826	0.06900113821029663	0.2168659534298301																																						
XRCC5	78	0.2324214630938677	0.20644798874855042	0.9709251101321585																																						
ATP23	184	0.2166801480146792	0.08153224736452103	0.4697293895531781																																						
MOSMO	71	0.09056100300949292	0.16922178864479065	0.9457520453115167																																						
XRN2	118	0.05266976429941842	0.15314580500125885	0.9275015733165513																																						
XRRA1	234	0.2711531232090727	0.07107532769441605	0.26179987413467587																																						
XXYLT1	86	0.05557087493114005	0.10850276798009872	0.7695405915670233																																						
XYLB	198	0.07240287483442973	0.07398442924022675	0.32271869100062933																																						
XYLT2	92	0.0	0.10454602539539337	0.7433606041535556																																						
YAE1	51	0.4250793228937661	0.2248423546552658	0.9784770295783511																																						
YAF2	84	0.12949166264260564	0.11024845391511917	0.7808684707363122																																						
YARS2	272	0.13325535929257668	0.10354970395565033	0.7346758967904342																																						
YARS	382	0.19065094710534694	0.06414658576250076	0.12624292007551918																																						
C16orf58	53	0.0	0.13919787108898163	0.9009439899307741																																						
YBEY	214	0.09040006758732506	0.08780575543642044	0.5675267463813719																																						
YBX1	158	0.4280523000400306	0.0909295529127121	0.607803650094399																																						
YBX2	281	0.0	0.06606096029281616	0.16186280679672752																																						
YBX3	233	0.3420198222930926	0.10393968224525452	0.7376966645689113																																						
YDJC	96	0.15168354625353458	0.10095163434743881	0.7098804279421019																																						
YEATS2	354	0.14613023393743596	0.15138456225395203	0.9246066708621775																																						
YEATS4	472	0.14495629334044918	0.11411719024181366	0.8027690371302706																																						
YES1	283	0.15187313087519566	0.06102413684129715	0.08193832599118943																																						
YIF1A	232	0.06692229147233368	0.06808657199144363	0.20025173064820642																																						
YIF1B	205	0.20064708278517687	0.07184260338544846	0.27728130899937065																																						
TEDC2	302	0.08307687514650694	0.07052382826805115	0.24896161107614853																																						
YIPF1	220	0.17064982768241727	0.07520311325788498	0.3491504090623033																																						
YIPF2	126	0.31262509593646903	0.09917683899402618	0.6950283196979232																																						
YIPF3	86	0.20365212368443905	0.10612919181585312	0.7538074260541221																																						
YIPF4	204	0.0897428723145313	0.0740615725517273	0.3239773442416614																																						
YIPF5	75	0.07976465533559111	0.12629088759422302	0.8601636249213341																																						
YIPF6	81	0.15534549401771536	0.11245215684175491	0.7932032724984267																																						
YKT6	93	0.2822834263756575	0.1202540323138237	0.8343612334801762																																						
VPS35L	170	0.0	0.08698686212301254	0.5548143486469478																																						
YME1L1	90	0.20956307230198387	0.13954229652881622	0.9023285084959094																																						
YOD1	234	0.034039206701306716	0.07338981330394745	0.3106356198867212																																						
YPEL1	225	0.30584821493305364	0.06851469725370407	0.20893643801132789																																						
YPEL3	109	0.07681076999761248	0.10298283398151398	0.7305223410950283																																						
YPEL5	163	0.034348204558940484	0.09203033149242401	0.6224040276903713																																						
YTHDC2	231	0.06815708492532581	0.0676015242934227	0.19131529263687855																																						
YTHDF1	278	0.0259332282937622	0.06340617686510086	0.11529263687853997																																						
C16orf70	379	0.24060610838045496	0.05410151183605194	0.022152297042164884																																						
YTHDF3	163	0.4077742932107623	0.08471611887216568	0.5213341724354941																																						
YWHAB	185	0.11673500822257775	0.07608851790428162	0.3667715544367527																																						
YWHAE	88	0.3667002953111589	0.10974282026290894	0.7779735682819383																																						
YWHAG	109	0.34713308079688504	0.09962905943393707	0.6984266834487098																																						
YWHAH	246	0.2916128247660221	0.06598833948373795	0.16022655758338578																																						
YWHAQ	212	0.3411311868470488	0.0717693641781807	0.27539332913782255																																						
YWHAZ	377	0.4152117830219543	0.053727708756923676	0.02039018250471995																																						
YY1AP1	155	0.4080502878041952	0.09092624485492706	0.6076777847702958																																						
C16orf72	297	0.1572308774157815	0.07158245891332626	0.2718691000629327																																						
ZADH2	310	0.11505458647842293	0.059414200484752655	0.06268093140339837																																						
ZBED1	284	0.1625120348006569	0.060660138726234436	0.07728130899937068																																						
ZBED3	249	0.0	0.06504475325345993	0.14323473882945248																																						
ZBED4	227	0.116342279231084	0.07251915335655212	0.2910006293266205																																						
ZBED6CL	99	0.28960000533099084	0.10669583082199097	0.7570799244808055																																						
ZBED6	133	0.0	0.09660802781581879	0.6718691000629327																																						
ZBTB10	134	0.21255457089471766	0.09385228902101517	0.6419131529263687																																						
ZBTB12	173	0.35711966474020496	0.08116678148508072	0.4633102580239144																																						
ZBTB17	318	0.03550029622719491	0.10334276407957077	0.7336689741976086																																						
ZBTB1	283	0.1851007034270774	0.06849722564220428	0.20855884203901826																																						
ZBTB20	120	0.0	0.09670649468898773	0.673253618628068																																						
C16orf86	489	0.10252811607282236	0.04693134129047394	0.0052863436123348016																																						
ZBTB21	191	0.0801380619833401	0.07389414310455322	0.321334172435494																																						
ZBTB22	119	0.0	0.09804538637399673	0.6845814977973568																																						
ZBTB24	278	0.10295127621377206	0.07048072665929794	0.24808055380742605																																						
ZBTB25	62	0.0	0.13066735863685608	0.8758967904342354																																						
ZBTB26	249	0.13366326753556446	0.06339137256145477	0.11491504090623034																																						
ZBTB2	76	0.18060137454647868	0.11829687654972076	0.8256765261170548																																						
ZBTB32	291	0.0	0.06517181545495987	0.1458779106356199																																						
ZBTB33	106	0.08692738771658909	0.10538461804389954	0.7482693517935809																																						
ZBTB34	154	0.0903415321424212	0.08210297673940659	0.4803020767778477																																						
ZBTB37	299	0.15684699916250264	0.060244131833314896	0.07312775330396476																																						
C16orf87	261	0.2262436522975129	0.08508309721946716	0.5266205160478288																																						
ZBTB39	90	0.14487365847454775	0.12895634770393372	0.8706104468219006																																						
ZBTB3	147	0.2827654961424758	0.08635721355676651	0.5439899307740718																																						
ZBTB40	129	0.37702790990562657	0.09274041652679443	0.6308370044052863																																						
ZBTB41	154	0.3157383632045061	0.08580522239208221	0.5370673379483952																																						
ZBTB42	171	0.2601566689094873	0.08025548607110977	0.4460667086217747																																						
ZBTB43	187	0.20045714854801136	0.0758802741765976	0.3619886721208307																																						
ZBTB44	260	0.1377959122471987	0.09310632944107056	0.6354940213971051																																						
ZBTB45	198	0.06414776714033177	0.0735098347067833	0.31403398363750784																																						
C16orf91	311	0.11569005369092722	0.05976598337292671	0.06670862177470108																																						
AAR2	93	0.0	0.21896082162857056	0.975959723096287																																						
